Sr No,Date dd/mm/yyyy,Startup Name,Industry Vertical,SubVertical,City  Location,Investors Name,InvestmentnType,Amount in USD,Remarks,round_date,amount_usd,clean_startup,startup_norm,prev_funding_usd,prev_round_size,num_prev_rounds,days_since_prev_round,is_first_round,startup_age_days,total_startup_rounds,graduated_next_stage,stage_clean,sector_clean,hub_clean,lead_inv_degree,lead_inv_betweenness,lead_inv_eigenvector,lead_inv_pagerank,syndicate_avg_pagerank,num_investors,has_marquee_investor,in_p1_network,founder_team_size,has_p1_founder_data
68,10/07/2019,"""BYJU\\'S""",EdTech,Education,Bengaluru,Qatar Investment Authority,Private Equity Round,"15,00,00,000",,2019-07-10,150000000.0,"""BYJU\\'S""","""byju\\'s""",0.0,0.0,0,-1.0,1,0.0,1,0,Private Equity,EdTech,Bengaluru,0.00025031289111389235,0.0,3.4199451298329235e-07,0.00015533646197261793,0.00015533646197261793,1.0,0.0,1.0,1.0,0
2993,05/01/2015,#Fame,,,,TO THE NEW Ventures,Private Equity,"1,00,00,000",,2015-01-05,10000000.0,#Fame,#fame,0.0,0.0,0,-1.0,1,0.0,1,0,Private Equity,Other,Tier-2/Other,0.0,0.0,0.0,0.0,0.0,1.0,0.0,0.0,1.0,0
1243,25/11/2016,121Policy,Consumer Internet,Online Insurance Platform,Kolkata,Xelpmoc,Seed Funding,,,2016-11-25,,121Policy,121policy,0.0,0.0,0,-1.0,1,0.0,1,0,Seed/Angel,Consumer Internet & Media,Tier-2/Other,0.0,0.0,0.0,0.0,0.0,1.0,0.0,0.0,1.0,0
202,12/07/2018,19th mile,IT,Artificial intelligence-based sales acceleration software platform,Gurugram,"Rishi Vasudev, Excelsior Investments, Ritesh Vohra, Praveer Kumar, Prashant Gupta and Others",Seed/ Angel Funding,"1,80,000",,2018-07-12,180000.0,19th mile,19th mile,0.0,0.0,0,-1.0,1,0.0,1,0,Seed/Angel,Other,Delhi-NCR,0.0,0.0,0.0,0.0,0.0,5.0,0.0,0.0,1.0,0
1008,09/02/2017,1Crowd,Finance,Startup Crowd-funding platform,Mumbai,Ganesh Natarajan,Seed Funding,,,2017-02-09,,1Crowd,1crowd,0.0,0.0,0,-1.0,1,0.0,1,0,Seed/Angel,FinTech,Mumbai,0.0,0.0,0.0,0.0,0.0,1.0,0.0,0.0,1.0,0
1794,20/04/2016,1mg,eCommerce,Online Pharmacy,Gurgaon,"Maverick Capital Ventures, Sequoia Capital, Omidyar Network",Private Equity,"1,50,00,000",,2016-04-20,15000000.0,1mg,1mg,0.0,0.0,0,-1.0,1,0.0,4,1,Private Equity,E-Commerce,Delhi-NCR,0.004005006257822278,0.059859204892582674,0.09566198113272546,0.001413958516141685,0.0009061399896418612,3.0,1.0,1.0,1.0,0
1738,31/05/2016,1mg,eCommerce,Online Pharmacy,Gurgaon,HBM Healthcare Investments,Private Equity,,,2016-05-31,,1mg,1mg,15000000.0,15000000.0,1,41.0,0,41.0,4,1,Private Equity,E-Commerce,Delhi-NCR,0.0,0.0,0.0,0.0,0.0,1.0,0.0,0.0,1.0,0
717,27/07/2017,1mg,eCommerce,Online Pharmacy,Gurgaon,"HBM Healthcare Investments, Maverick Capital Ventures, Sequoia India, Omidyar Network and Kae Capital",Private Equity,"1,50,00,000",,2017-07-27,15000000.0,1mg,1mg,15000000.0,15000000.0,2,422.0,0,463.0,4,1,Private Equity,E-Commerce,Delhi-NCR,0.0010012515644555694,0.007109553316259028,0.013758018688313459,0.0003983214631420374,0.0003649817789586865,4.0,1.0,1.0,1.0,0
312,27/04/2018,1mg,Consumer Internet,Online Pharmacy Store,Gurugram,"Sequoia Capital, Maverick Capital Ltd and HBM Healthcare Investments Ltd",Private Equity,"1,00,00,000",,2018-04-27,10000000.0,1mg,1mg,30000000.0,15000000.0,3,274.0,0,737.0,4,1,Private Equity,Consumer Internet & Media,Delhi-NCR,0.004005006257822278,0.059859204892582674,0.09566198113272546,0.001413958516141685,0.001413958516141685,2.0,1.0,1.0,1.0,0
2845,20/04/2015,1mg (Healthkartplus),Online Pharmacy & Drug DB,,Gurgaon,"Deep Kalra, Sequoia Capital, Omidyar Network, Intel Capital & Kae Capital",Private Equity,"60,00,000",Series A,2015-04-20,6000000.0,1mg (Healthkartplus),1mg (healthkartplus),0.0,0.0,0,-1.0,1,0.0,1,0,Private Equity,Healthcare,Delhi-NCR,0.004005006257822278,0.059859204892582674,0.09566198113272546,0.001413958516141685,0.000568079333277202,4.0,1.0,1.0,1.0,0
2965,13/02/2015,20Dresses,,,,"Srinivas Aluri, Srinivas Modukury, BS Nagesh",Seed\\nFunding,"10,00,000",,2015-02-13,1000000.0,20Dresses,20dresses,0.0,0.0,0,-1.0,1,0.0,1,0,Seed/Angel,Other,Tier-2/Other,0.0,0.0,0.0,0.0,0.0,3.0,0.0,0.0,1.0,0
2596,08/07/2015,33Coupons,Coupon Aggregator Platform,,Kanpur,Not Disclosed,Seed Funding,"20,000",,2015-07-08,20000.0,33Coupons,33coupons,0.0,0.0,0,-1.0,1,0.0,1,0,Seed/Angel,Other,Tier-2/Other,0.0,0.0,0.0,0.0,0.0,1.0,0.0,0.0,1.0,0
2013,05/01/2016,360Ride,Consumer Internet,Ride Sharing platform,Bangalore,Undisclosed,Seed Funding,"1,50,000",,2016-01-05,150000.0,360Ride,360ride,0.0,0.0,0,-1.0,1,0.0,1,0,Seed/Angel,Consumer Internet & Media,Bengaluru,0.00025031289111389235,0.0,1.54413417595609e-07,0.00016435886649189237,0.00016435886649189237,1.0,0.0,1.0,1.0,0
1308,18/10/2016,3Dexter,Technology,3D Printing Solutions for Edu space,New Delhi,Newbie Promoters,Seed Funding,"1,50,000",,2016-10-18,150000.0,3Dexter,3dexter,0.0,0.0,0,-1.0,1,0.0,1,0,Seed/Angel,Technology & SaaS,Delhi-NCR,0.0,0.0,0.0,0.0,0.0,1.0,0.0,0.0,1.0,0
596,12/09/2017,3HCare,Consumer Internet,Healthcare services portal,New Delhi,Undisclosed Investor,Seed Funding,"1,00,000",,2017-09-12,100000.0,3HCare,3hcare,0.0,0.0,0,-1.0,1,0.0,2,1,Seed/Angel,Consumer Internet & Media,Delhi-NCR,0.0,0.0,0.0,0.0,0.0,1.0,0.0,0.0,1.0,0
155,04/09/2018,3HCare,Healthcare,Healthcare Service Provider,Delhi,,Seed / Angel Funding,"10,00,000",,2018-09-04,1000000.0,3HCare,3hcare,100000.0,100000.0,1,357.0,0,357.0,2,1,Seed/Angel,Healthcare,Delhi-NCR,0.0,0.0,0.0,0.0,0.0,0.0,0.0,0.0,1.0,0
39,04/09/2019,3rdFlix,SaaS,Education Technology,Hyderabad,Exfinity Venture Partners,pre-series A,"50,00,000",,2019-09-04,5000000.0,3rdFlix,3rdflix,0.0,0.0,0,-1.0,1,0.0,1,0,Pre-Series A,Technology & SaaS,Hyderabad,0.0005006257822277847,5.640500801264474e-07,0.002369353481933205,0.00022106739557454014,0.00022106739557454014,1.0,0.0,1.0,1.0,0
1010,10/02/2017,48East,ECommerce,Online Food Delivery Platform,Bangalore,Al Dhaheri family,Private Equity,"5,00,000",,2017-02-10,500000.0,48East,48east,0.0,0.0,0,-1.0,1,0.0,1,0,Private Equity,E-Commerce,Bengaluru,0.0,0.0,0.0,0.0,0.0,1.0,0.0,0.0,1.0,0
789,02/05/2017,4tigo,Logistics,Truck Network company,Bangalore,"Accel Partners, Nandan Nilekani,",Private Equity,"1,00,00,000",,2017-05-02,10000000.0,4tigo,4tigo,0.0,0.0,0,-1.0,1,0.0,1,0,Private Equity,Logistics & Mobility,Bengaluru,0.0025031289111389233,0.03180691231866443,0.01397423501569189,0.0009597977221441899,0.0009597977221441899,2.0,1.0,1.0,1.0,0
203,12/07/2018,5th Vital,Healthcare,Home diagnostics services provider,Bengaluru,Brand Capital and Others,Seed/ Angel Funding,"5,00,000",,2018-07-12,500000.0,5th Vital,5th vital,0.0,0.0,0,-1.0,1,0.0,1,0,Seed/Angel,Healthcare,Bengaluru,0.00025031289111389235,0.0,2.2213171803151287e-05,0.00015045598431541468,0.00015045598431541468,1.0,0.0,1.0,1.0,0
2230,11/11/2015,6Degree,Talent platform for Fashion professionals,,Goa/Hyderabad,"Centre For Incubation & Business Acceleration (CIBA), Goa",Seed Funding,,,2015-11-11,,6Degree,6degree,0.0,0.0,0,-1.0,1,0.0,2,1,Seed/Angel,Other,Hyderabad,0.0025031289111389233,0.03180691231866443,0.01397423501569189,0.0009597977221441899,0.000544089143617551,2.0,1.0,1.0,2.0,1
1582,08/06/2016,6Degree,Technology,Tech-enabled Fashion Talent platform,Mumbai,Indian Angel Network,Seed Funding,"2,00,000",,2016-06-08,200000.0,6Degree,6degree,0.0,0.0,1,210.0,0,210.0,2,1,Seed/Angel,Technology & SaaS,Mumbai,0.002002503128911139,0.01032696862918804,0.03555811791464255,0.0008020854002554353,0.0008020854002554353,1.0,0.0,1.0,2.0,1
40,04/09/2019,75F,IoT,Building automation system,Burnsville,Breakthrough Energy Ventures,Series A,"1,80,00,000",,2019-09-04,18000000.0,75F,75f,0.0,0.0,0,-1.0,1,0.0,1,0,Series A,Technology & SaaS,Tier-2/Other,0.0,0.0,0.0,0.0,0.0,1.0,0.0,0.0,1.0,0
1437,11/08/2016,91SpringBoard,Consumer Internet,Co-Working Spaces Discovery & Booking platform,Mumbai,"Khattar Holdings, ThirtyThree Investments, Soumitra Sharma, Deepak Sharma, Sumit Dayal and others",Private Equity,,,2016-08-11,,91SpringBoard,91springboard,0.0,0.0,0,-1.0,1,0.0,2,1,Private Equity,Consumer Internet & Media,Mumbai,0.0,0.0,0.0,0.0,0.0,5.0,0.0,0.0,1.0,0
614,21/09/2017,91SpringBoard,Consumer Internet,Co-working spaces,New Delhi,"Sandway Investment Ltd, Pearl Brook Holdings, Silo Holdings and Al Nour",Private Equity,,,2017-09-21,,91SpringBoard,91springboard,0.0,0.0,1,406.0,0,406.0,2,1,Private Equity,Consumer Internet & Media,Delhi-NCR,0.0,0.0,0.0,0.0,0.0,3.0,0.0,0.0,1.0,0
1105,02/01/2017,99Games,Technology,Mobile Game Developer Studio,Udupi,Dream Incubator,Seed Funding,,,2017-01-02,,99Games,99games,0.0,0.0,0,-1.0,1,0.0,1,0,Seed/Angel,Technology & SaaS,Tier-2/Other,0.00025031289111389235,0.0,0.0005028093977582128,0.00013177668582755648,0.00013177668582755648,1.0,0.0,1.0,1.0,0
1107,26/01/2017,99PerHour,Consumer Internet,Hyper-local Handyman Service provider,Chennai,V Aanand R,Seed Funding,"3,00,000",,2017-01-26,300000.0,99PerHour,99perhour,0.0,0.0,0,-1.0,1,0.0,1,0,Seed/Angel,Consumer Internet & Media,Chennai,0.0,0.0,0.0,0.0,0.0,1.0,0.0,0.0,1.0,0
463,19/12/2017,9Stacks,Technology,Online Poker Platform,Delhi,"Swati Gupta, Purnima Khandelwal, Maheshwar Peri, Sanjay Singh",Private Equity,"15,00,000",,2017-12-19,1500000.0,9Stacks,9stacks,0.0,0.0,0,-1.0,1,0.0,1,0,Private Equity,Technology & SaaS,Delhi-NCR,0.0,0.0,0.0,0.0,0.0,4.0,0.0,0.0,1.0,0
2610,13/07/2015,\\xc2\\xa0Ameyo,\\xc2\\xa0Contact Center Software Platform,,\\xc2\\xa0Gurgaon,\\xc2\\xa0Forum Synergies PE Fund,Private Equity,"\\xc2\\xa05,000,000",\\xc2\\xa0Series A,2015-07-13,,\\xc2\\xa0Ameyo,\\xc2\\xa0ameyo,0.0,0.0,0,-1.0,1,0.0,1,0,Private Equity,Technology & SaaS,Delhi-NCR,0.0,0.0,0.0,0.0,0.0,1.0,0.0,0.0,1.0,0
2604,09/07/2015,\\xc2\\xa0Bluestone,\\xc2\\xa0Online Jewellery Store,,\\xc2\\xa0Bangalore,"\\xc2\\xa0IvyCap Ventures, Accel Partners, Dragoneer Investment Group",Private Equity,"\\xc2\\xa016,200,000",,2015-07-09,,\\xc2\\xa0Bluestone,\\xc2\\xa0bluestone,0.0,0.0,0,-1.0,1,0.0,1,0,Private Equity,Other,Bengaluru,0.0025031289111389233,0.03180691231866443,0.02657466515047878,0.0009597977221441899,0.0005249501173907906,3.0,1.0,1.0,1.0,0
1395,23/09/2016,\\xc2\\xa0CloudCherry,Technology,CRM SAAS Platform,Chennai,"Vertex Ventures, Cisco Ventures, IDG Ventures",Private Equity,"60,00,000",,2016-09-23,6000000.0,\\xc2\\xa0CloudCherry,\\xc2\\xa0cloudcherry,0.0,0.0,0,-1.0,1,0.0,1,0,Private Equity,Technology & SaaS,Chennai,0.0005006257822277847,0.0017919265324928945,0.001091590874873286,0.0002252863951394502,0.0002252863951394502,3.0,0.0,1.0,1.0,0
2608,10/07/2015,\\xc2\\xa0Footprints Education,\\xc2\\xa0Pre-School Chain,,\\xc2\\xa0Gurgaon,"\\xc2\\xa0LetsVenture, Kumar Bansal, Kshitij Jain",Seed Funding,"\\xc2\\xa0685,000",,2015-07-10,,\\xc2\\xa0Footprints Education,\\xc2\\xa0footprints education,0.0,0.0,0,-1.0,1,0.0,1,0,Seed/Angel,Technology & SaaS,Delhi-NCR,0.00025031289111389235,0.0,0.0014541392121809268,0.00013664812728624517,0.00013664812728624517,3.0,0.0,1.0,1.0,0
2607,\\xc2\\xa010/7/2015,\\xc2\\xa0Infinity Assurance,\\xc2\\xa0Warranty Programs Service Administration,,\\xc2\\xa0New Delhi,\\xc2\\xa0Indian Angel Network,Seed Funding,"\\xc2\\xa0600,000",,2015-07-10,,\\xc2\\xa0Infinity Assurance,\\xc2\\xa0infinity assurance,0.0,0.0,0,-1.0,1,0.0,1,0,Seed/Angel,Other,Delhi-NCR,0.002002503128911139,0.01032696862918804,0.03555811791464255,0.0008020854002554353,0.0008020854002554353,1.0,0.0,1.0,1.0,0
2609,10/07/2015,\\xc2\\xa0Loylty Rewards,\\xc2\\xa0Premium Loyalty Rewards Point Management,,\\xc2\\xa0Mumbai,\\xc2\\xa0IndianIdeas.com,Private Equity,"\\xc2\\xa019,350,000",\\xc2\\xa0Late Stage,2015-07-10,,\\xc2\\xa0Loylty Rewards,\\xc2\\xa0loylty rewards,0.0,0.0,0,-1.0,1,0.0,1,0,Private Equity,Other,Mumbai,0.0012515644555694616,0.004638772999889398,7.508484863299938e-05,0.0005537048140257201,0.0005537048140257201,1.0,0.0,1.0,1.0,0
2611,13/07/2015,\\xc2\\xa0Mamagoto,\\xc2\\xa0Casual Dining restaurant Chain,,\\xc2\\xa0New Delhi,\\xc2\\xa0Goldman Sachs,Private Equity,"\\xc2\\xa010,000,000",\\xc2\\xa0Series A,2015-07-13,,\\xc2\\xa0Mamagoto,\\xc2\\xa0mamagoto,0.0,0.0,0,-1.0,1,0.0,1,0,Private Equity,Food & Beverage,Delhi-NCR,0.00025031289111389235,0.0,3.63414446275521e-08,0.00017390235357615433,0.00017390235357615433,1.0,0.0,1.0,1.0,0
2603,09/07/2015,\\xc2\\xa0News in shorts,\\xc2\\xa0News Aggregator mobile app,,\\xc2\\xa0Noida,\\xc2\\xa0Tiger Global,Private Equity,"\\xc2\\xa020,000,000",\\xc2\\xa0Series B,2015-07-09,,\\xc2\\xa0News in shorts,\\xc2\\xa0news in shorts,0.0,0.0,0,-1.0,1,0.0,1,0,Private Equity,Other,Delhi-NCR,0.005006257822277847,0.07287536754319783,0.18527724887454788,0.0017164247516392465,0.0017164247516392465,1.0,1.0,1.0,1.0,0
2606,09/07/2015,\\xc2\\xa0Notesgen,\\xc2\\xa0Online Study Notes Marketplace,,\\xc2\\xa0New Delhi,"\\xc2\\xa0Rajeev Saraf, Arvind Jha, R. Satya Narayanan",Seed Funding,\\xc2\\xa0N/A,,2015-07-09,,\\xc2\\xa0Notesgen,\\xc2\\xa0notesgen,0.0,0.0,0,-1.0,1,0.0,1,0,Seed/Angel,E-Commerce,Delhi-NCR,0.0,0.0,0.0,0.0,0.0,3.0,0.0,0.0,1.0,0
2795,22/05/2015,\\xc2\\xa0Nudgespot,Customer Engagement Platform,,Bangalore,"Kae Capital, Anoop Goyal, Mike Shah, VA Sastry",Seed Funding,"6,25,000",,2015-05-22,625000.0,\\xc2\\xa0Nudgespot,\\xc2\\xa0nudgespot,0.0,0.0,0,-1.0,1,0.0,1,0,Seed/Angel,Other,Bengaluru,0.0005006257822277847,0.0022066892579169126,0.00030628027223875305,0.00022405951589119736,0.00022405951589119736,4.0,0.0,1.0,1.0,0
2612,13/07/2015,\\xc2\\xa0Satvacart,\\xc2\\xa0Online Grocery Delivery,,\\xc2\\xa0Gurgaon,\\xc2\\xa0Palaash Ventures,Seed Funding,\\xc2\\xa0N/A,,2015-07-13,,\\xc2\\xa0Satvacart,\\xc2\\xa0satvacart,0.0,0.0,0,-1.0,1,0.0,1,0,Seed/Angel,Logistics & Mobility,Delhi-NCR,0.0,0.0,0.0,0.0,0.0,1.0,0.0,0.0,1.0,0
2605,09/07/2015,\\xc2\\xa0Shopsity,\\xc2\\xa0Fashion Info Aggregator App,,\\xc2\\xa0Gurgaon,"\\xc2\\xa0 Sandeep Aggarwal, Teruhide Sato",Seed Funding,\\xc2\\xa0N/A,,2015-07-09,,\\xc2\\xa0Shopsity,\\xc2\\xa0shopsity,0.0,0.0,0,-1.0,1,0.0,1,0,Seed/Angel,Other,Delhi-NCR,0.0,0.0,0.0,0.0,0.0,2.0,0.0,0.0,1.0,0
131,08/11/2018,A&R Bon Vivants,Food,Meat Retail Chain,Jaipur,"RB Investments, Singapore",Equity,"10,00,000",,2018-11-08,1000000.0,A&R Bon Vivants,a&r bon vivants,0.0,0.0,0,-1.0,1,0.0,1,0,Other/Undisclosed,Food & Beverage,Jaipur,0.00025031289111389235,0.0,2.1987016027543615e-06,0.00014618287768732643,0.00014618287768732643,2.0,0.0,1.0,1.0,0
473,02/11/2017,AadharAPI.com,Technology,Aadhaar-based API provider,Pune,CIO Angel Network,Seed Funding,,,2017-11-02,,AadharAPI.com,aadharapi,0.0,0.0,0,-1.0,1,0.0,1,0,Seed/Angel,Technology & SaaS,Pune,0.0,0.0,0.0,0.0,0.0,1.0,0.0,0.0,1.0,0
632,28/09/2017,Aadyah,Technology,Defense Tech & Aerospace startup,Bangalore,Keiretsu Forum,Private Equity,"10,00,000",,2017-09-28,1000000.0,Aadyah,aadyah,0.0,0.0,0,-1.0,1,0.0,1,0,Private Equity,Technology & SaaS,Bengaluru,0.00025031289111389235,0.0,1.353352185599358e-06,0.00015481537940763035,0.00015481537940763035,1.0,0.0,1.0,1.0,0
2750,30/06/2015,aagaar.com,Hyperlocal grocery delivery,,Gurgaon,Group of Investors,Seed Funding,,,2015-06-30,,aagaar.com,aagaar,0.0,0.0,0,-1.0,1,0.0,1,0,Seed/Angel,Logistics & Mobility,Delhi-NCR,0.0,0.0,0.0,0.0,0.0,1.0,0.0,0.0,1.0,0
1831,04/03/2016,Aahaa,ECommerce,Office Products Super Store,Chennai,"YourNest Angel Fund,",Private Equity,"10,00,000",,2016-03-04,1000000.0,Aahaa,aahaa,0.0,0.0,0,-1.0,1,0.0,1,0,Private Equity,E-Commerce,Chennai,0.00025031289111389235,0.0,5.436574580572323e-09,0.00019298932774467834,0.00019298932774467834,1.0,0.0,1.0,1.0,0
575,01/09/2017,Aahaa Stores,eCommece,Online B2B store for office supplies,Chennai,YourNest Angel Fund,Private Equity,"10,00,000",,2017-09-01,1000000.0,Aahaa Stores,aahaa stores,0.0,0.0,0,-1.0,1,0.0,1,0,Private Equity,Other,Chennai,0.00025031289111389235,0.0,5.436574580572323e-09,0.00019298932774467834,0.00019298932774467834,1.0,0.0,1.0,1.0,0
1989,23/02/2016,Aarav UAV,Technology,unmanned aerial vehicles creator,Kanpur,"StartupXseed Ventures, The Phoenix Fund and others",Seed Funding,,,2016-02-23,,Aarav UAV,aarav uav,0.0,0.0,0,-1.0,1,0.0,1,0,Seed/Angel,Technology & SaaS,Tier-2/Other,0.00025031289111389235,0.0,3.63414446275521e-08,0.00017390235357615433,0.00017390235357615433,2.0,0.0,1.0,1.0,0
3035,24/01/2015,Aasaanjobs,,,,"Inventus Capital Partners, IDG Ventures",Seed Funding,"15,00,000",,2015-01-24,1500000.0,Aasaanjobs,aasaanjobs,0.0,0.0,0,-1.0,1,0.0,2,1,Seed/Angel,Other,Tier-2/Other,0.0,0.0,0.0,0.0,0.0,2.0,0.0,0.0,1.0,0
1950,15/02/2016,Aasaanjobs,Consumer Internet,Online Recruitment Marketplace,Mumbai,"Aspada Advisors, IDG Ventures,\\xc2\\xa0 Inventus Capital",Private Equity,"50,00,000",,2016-02-15,5000000.0,Aasaanjobs,aasaanjobs,1500000.0,1500000.0,1,387.0,0,387.0,2,1,Private Equity,Consumer Internet & Media,Mumbai,0.0,0.0,0.0,0.0,0.0,3.0,0.0,0.0,1.0,0
271,23/05/2018,Aashiyaan,Finance,Housing Finance For Low-Income Families,Kolkata,"Insistor, Oikocredit",Seed/ Angel Funding,"20,00,000",,2018-05-23,2000000.0,Aashiyaan,aashiyaan,0.0,0.0,0,-1.0,1,0.0,1,0,Seed/Angel,FinTech,Tier-2/Other,0.00025031289111389235,0.0,3.2098515767934743e-06,0.00015208866881212692,0.00015208866881212692,2.0,0.0,1.0,1.0,0
139,22/11/2018,Aavishkaar-Intellecap Group,Investment,SME Funding,Mumbai,Teachers Insurance and Annuity Association (TIAA),Equity Based Funding,"3,10,00,000",,2018-11-22,31000000.0,Aavishkaar-Intellecap Group,aavishkaar-intellecap group,0.0,0.0,0,-1.0,1,0.0,1,0,Other/Undisclosed,Other,Mumbai,0.0,0.0,0.0,0.0,0.0,1.0,0.0,0.0,1.0,0
1561,21/07/2016,AbeRuk,eCommerce,Online Marketplace for books,Bangalore,Swastika Company Pvt Ltd,Seed Funding,,,2016-07-21,,AbeRuk,aberuk,0.0,0.0,0,-1.0,1,0.0,1,0,Seed/Angel,E-Commerce,Bengaluru,0.0,0.0,0.0,0.0,0.0,1.0,0.0,0.0,1.0,0
2294,01/10/2015,Abhibus,us ticketing and fleet management platform,,Hyderabad,Paytm (One97 communications),Private Equity,,Strategic Investment,2015-10-01,,Abhibus,abhibus,0.0,0.0,0,-1.0,1,0.0,1,0,Private Equity,Other,Hyderabad,0.00025031289111389235,0.0,5.436574580572323e-09,0.00019298932774467834,0.00019298932774467834,1.0,0.0,1.0,1.0,0
736,08/06/2017,ABI Health,Technology,Unified Digital Health Platform,Bangalore,Norwest Venture Partners,Private Equity,"15,00,000",,2017-06-08,1500000.0,ABI Health,abi health,0.0,0.0,0,-1.0,1,0.0,1,0,Private Equity,Technology & SaaS,Bengaluru,0.0010012515644555694,0.0019344325116446817,0.004810399254406555,0.0003916403585052038,0.0003916403585052038,1.0,1.0,1.0,1.0,0
2236,16/11/2015,Absentia,Virtual Reality Headset creator,,Bangalore,"Astarc Ventures, 50K Ventures & others",Seed Funding,"1,80,000",,2015-11-16,180000.0,Absentia,absentia,0.0,0.0,0,-1.0,1,0.0,1,0,Seed/Angel,Other,Bengaluru,0.0,0.0,0.0,0.0,0.0,2.0,0.0,0.0,1.0,0
901,18/04/2017,Absentia VR,Technology,Virtual Reality Startup,Bangalore,Exfinity Venture Partners,Private Equity,"12,50,000",,2017-04-18,1250000.0,Absentia VR,absentia vr,0.0,0.0,0,-1.0,1,0.0,1,0,Private Equity,Technology & SaaS,Bengaluru,0.0005006257822277847,5.640500801264474e-07,0.002369353481933205,0.00022106739557454014,0.00022106739557454014,1.0,0.0,1.0,1.0,0
804,08/05/2017,Ace Turtle,Technology,Omni-Channel Platform,Bangalore,"Vertex Ventures, C31 Ventures",Private Equity,"50,00,000",,2017-05-08,5000000.0,Ace Turtle,ace turtle,0.0,0.0,0,-1.0,1,0.0,2,1,Private Equity,Technology & SaaS,Bengaluru,0.0005006257822277847,0.0017919265324928945,0.001091590874873286,0.0002252863951394502,0.0002252863951394502,2.0,0.0,1.0,1.0,0
617,22/09/2017,Ace Turtle,Technology,Omni-channel web commerce solutions provider,Bangalore,InnoVen Capital,Private Equity,,,2017-09-22,,Ace Turtle,ace turtle,5000000.0,5000000.0,1,137.0,0,137.0,2,1,Private Equity,Technology & SaaS,Bengaluru,0.001501877346683354,0.014143283023837369,0.031913120524109655,0.0005258266880856241,0.0005258266880856241,1.0,0.0,1.0,1.0,0
786,01/05/2017,Ace2three,Consumer Internet,Online Rummy playing Website,Hyderabad,Clairvest Group,Private Equity,"7,37,00,000",,2017-05-01,73700000.0,Ace2three,ace2three,0.0,0.0,0,-1.0,1,0.0,1,0,Private Equity,Consumer Internet & Media,Hyderabad,0.0,0.0,0.0,0.0,0.0,1.0,0.0,0.0,1.0,0
274,27/05/2018,Acko,Consumer Internet,Online Insurance Platform,Mumbai,"Amazon, Ashish Dhawan, Catamaran Ventures, NR Narayana Murthy.",Seed/ Angel Funding,"1,20,00,000",,2018-05-27,12000000.0,Acko,acko,0.0,0.0,0,-1.0,1,0.0,1,0,Seed/Angel,Consumer Internet & Media,Mumbai,0.0005006257822277847,0.0006317360897416212,0.0003516401116276203,0.0002556191106767142,0.0002556191106767142,4.0,0.0,1.0,2.0,1
2503,10/08/2015,Actionable Analytics,Machine Learning Platform,,New Delhi/ Houston,"B M Gupta, Vinod Singhal",Seed Funding,,,2015-08-10,,Actionable Analytics,actionable analytics,0.0,0.0,0,-1.0,1,0.0,1,0,Seed/Angel,Other,Delhi-NCR,0.0,0.0,0.0,0.0,0.0,2.0,0.0,0.0,1.0,0
495,14/11/2017,Active AI,Technology,AI based FinTech platform,Bangalore,Vertex Ventures,Private Equity,"82,50,000",,2017-11-14,8250000.0,Active AI,active ai,0.0,0.0,0,-1.0,1,0.0,1,0,Private Equity,Technology & SaaS,Bengaluru,0.0005006257822277847,0.0017919265324928945,0.001091590874873286,0.0002252863951394502,0.0002252863951394502,1.0,0.0,1.0,1.0,0
1678,04/05/2016,Active.ai,Technology,Intelligent Tech platform for Finance vertical,Singapore,Kalaari Capital Accelerator Program,Seed Funding,"5,00,000",,2016-05-04,500000.0,Active.ai,active.ai,0.0,0.0,0,-1.0,1,0.0,2,1,Seed/Angel,Technology & SaaS,Tier-2/Other,0.00025031289111389235,0.0,2.2213171803151287e-05,0.00015045598431541468,0.00015045598431541468,1.0,1.0,1.0,1.0,0
1211,14/11/2016,Active.ai,Technology,Banking & Fintech Platform,Singapore,"Kalaari Capital, IDG Ventures India",Private Equity,"30,00,000",,2016-11-14,3000000.0,Active.ai,active.ai,500000.0,500000.0,1,194.0,0,194.0,2,1,Private Equity,Technology & SaaS,Tier-2/Other,0.0025031289111389233,0.013397154605961893,0.0017630362707794693,0.0010197165577911919,0.0010197165577911919,2.0,1.0,1.0,1.0,0
1315,19/10/2016,Actofit,Technology,Wearable Technology platform & devices,Mumbai,Next Orbit Ventures Fund,Private Equity,"7,50,000",,2016-10-19,750000.0,Actofit,actofit,0.0,0.0,0,-1.0,1,0.0,1,0,Private Equity,Technology & SaaS,Mumbai,0.0,0.0,0.0,0.0,0.0,1.0,0.0,0.0,1.0,0
1946,12/02/2016,ActOnMagic,Technology,Cloud Analytics and Management Products,Bangalore,Jayabalan Subramanian,Seed Funding,"1,25,000",,2016-02-12,125000.0,ActOnMagic,actonmagic,0.0,0.0,0,-1.0,1,0.0,1,0,Seed/Angel,Technology & SaaS,Bengaluru,0.0012515644555694616,0.004638772999889398,7.508484863299938e-05,0.0005537048140257201,0.0005537048140257201,1.0,0.0,1.0,1.0,0
326,06/03/2018,Ad2pro,Technology,"Creative Design, Brand, Media and Technology Platform Solutions",Chennai,Avendus Finance Pvt. Ltd,Debt Funding,"97,00,000",,2018-03-06,9700000.0,Ad2pro,ad2pro,0.0,0.0,0,-1.0,1,0.0,1,0,Debt,Technology & SaaS,Chennai,0.00025031289111389235,0.0,0.005237862743686507,0.00011748944073571726,0.00011748944073571726,1.0,0.0,1.0,1.0,0
1727,25/05/2016,Address Health,Healthcare,Pediatric Primary Healthcare Network,Bangalore,Gray Matters Capital,Private Equity,"15,00,000",,2016-05-25,1500000.0,Address Health,address health,0.0,0.0,0,-1.0,1,0.0,1,0,Private Equity,Healthcare,Bengaluru,0.0,0.0,0.0,0.0,0.0,1.0,0.0,0.0,1.0,0
58,23/08/2019,AdmitKard,EdTech,University Admissions,Noida,Growth DNA,Seed Round,"10,00,000",,2019-08-23,1000000.0,AdmitKard,admitkard,0.0,0.0,0,-1.0,1,0.0,1,0,Seed/Angel,EdTech,Delhi-NCR,0.0,0.0,0.0,0.0,0.0,1.0,0.0,0.0,3.0,1
1428,08/08/2016,AdPushUp,Technology,Ad optimization Platform,New Delhi,"Geniee, Inc, Purvi Capital",Private Equity,,,2016-08-08,,AdPushUp,adpushup,0.0,0.0,0,-1.0,1,0.0,1,0,Private Equity,Technology & SaaS,Delhi-NCR,0.0005006257822277847,0.0039722126054587215,0.0027018288942185537,0.00019595513752895062,0.00019595513752895062,3.0,0.0,1.0,1.0,0
2703,11/06/2015,AdStringO,Mobile Compression Software,,Mumbai,"Arihant Patni, Vishal Khare,\\xc2\\xa0 Viswanath Ramachandran",Seed Funding,"3,50,000",,2015-06-11,350000.0,AdStringO,adstringo,0.0,0.0,0,-1.0,1,0.0,1,0,Seed/Angel,Technology & SaaS,Mumbai,0.00025031289111389235,0.0,0.002449661454649823,0.00013147931832290823,0.00013147931832290823,3.0,0.0,1.0,1.0,0
1929,08/02/2016,AdUrCup,Consumer Internet,Ad Network,New Delhi,Green House Ventures (GHV),Seed Funding,"1,00,000",,2016-02-08,100000.0,AdUrCup,adurcup,0.0,0.0,0,-1.0,1,0.0,1,0,Seed/Angel,Consumer Internet & Media,Delhi-NCR,0.0,0.0,0.0,0.0,0.0,1.0,0.0,0.0,1.0,0
1800,21/04/2016,Advanced Structures India,Auto,Automotive Design and Engineering company,Bangalore,GirnarSoft,Private Equity,,,2016-04-21,,Advanced Structures India,advanced structures india,0.0,0.0,0,-1.0,1,0.0,1,0,Private Equity,Other,Bengaluru,0.0,0.0,0.0,0.0,0.0,1.0,0.0,0.0,1.0,0
1979,19/02/2016,Advantage Club,Consumer Internet,mobile platform for corporate employee benefits,Gurgaon,Purvi Ventures & Others,Seed Funding,"4,00,000",,2016-02-19,400000.0,Advantage Club,advantage club,0.0,0.0,0,-1.0,1,0.0,1,0,Seed/Angel,Consumer Internet & Media,Delhi-NCR,0.0,0.0,0.0,0.0,0.0,1.0,0.0,0.0,2.0,1
1471,24/08/2016,Advenio,Technology,Clinical Imaging Solution Provider,Chandigarh,Kalaari Capital,Seed Funding,"1,00,000",,2016-08-24,100000.0,Advenio,advenio,0.0,0.0,0,-1.0,1,0.0,1,0,Seed/Angel,Technology & SaaS,Tier-2/Other,0.0025031289111389233,0.013397154605961893,0.0017630362707794693,0.0010197165577911919,0.0010197165577911919,1.0,1.0,1.0,1.0,0
2746,29/06/2015,AdWyze,Marketing / Advertising Automation platform,,Bangalore,Mape Advisory,Seed Funding,"10,00,000",,2015-06-29,1000000.0,AdWyze,adwyze,0.0,0.0,0,-1.0,1,0.0,1,0,Seed/Angel,Other,Bengaluru,0.0,0.0,0.0,0.0,0.0,1.0,0.0,0.0,1.0,0
1518,07/07/2016,Adytude,Consumer Internet,Gamified Consumer Insights Portal,New Delhi,Indian Angel Network,Private Equity,"10,00,000",,2016-07-07,1000000.0,Adytude,adytude,0.0,0.0,0,-1.0,1,0.0,1,0,Private Equity,Consumer Internet & Media,Delhi-NCR,0.002002503128911139,0.01032696862918804,0.03555811791464255,0.0008020854002554353,0.0008020854002554353,1.0,0.0,1.0,1.0,0
413,22/01/2018,AEON Learning,Technology,Education,Bengaluru,Dr. Ranjan Pai,Private Equity,"32,00,000",,2018-01-22,3200000.0,AEON Learning,aeon learning,0.0,0.0,0,-1.0,1,0.0,1,0,Private Equity,Technology & SaaS,Bengaluru,0.0,0.0,0.0,0.0,0.0,1.0,0.0,0.0,1.0,0
821,12/05/2017,Aequm,eCommerce,Cloud ECommerce platform,Bangalore,undisclosed investors,Seed Funding,"10,00,000",,2017-05-12,1000000.0,Aequm,aequm,0.0,0.0,0,-1.0,1,0.0,1,0,Seed/Angel,E-Commerce,Bengaluru,0.0,0.0,0.0,0.0,0.0,1.0,0.0,0.0,1.0,0
1223,18/11/2016,AerMed,eCommerce,Online Pharmacy,Mumbai,Hitesh Windlass,Seed Funding,,,2016-11-18,,AerMed,aermed,0.0,0.0,0,-1.0,1,0.0,1,0,Seed/Angel,E-Commerce,Mumbai,0.0,0.0,0.0,0.0,0.0,1.0,0.0,0.0,1.0,0
1940,10/02/2016,Affimity,Consumer Internet,Social Networking platform,Bangalore,undisclosed investors,Seed Funding,"12,00,000",,2016-02-10,1200000.0,Affimity,affimity,0.0,0.0,0,-1.0,1,0.0,1,0,Seed/Angel,Consumer Internet & Media,Bengaluru,0.0,0.0,0.0,0.0,0.0,1.0,0.0,0.0,1.0,0
1679,04/05/2016,Affordplan,Technology,Affordable non-emergency medical service health plans,New Delhi,Kalaari Capital Accelerator Program,Seed Funding,"5,00,000",,2016-05-04,500000.0,Affordplan,affordplan,0.0,0.0,0,-1.0,1,0.0,2,1,Seed/Angel,Technology & SaaS,Delhi-NCR,0.00025031289111389235,0.0,2.2213171803151287e-05,0.00015045598431541468,0.00015045598431541468,1.0,1.0,1.0,1.0,0
1248,29/11/2016,Affordplan,Consumer Internet,Savings platform for Medical Expenses,New Delhi,"Prime Venture Partners, Kalaari Capital",Private Equity,"30,00,000",,2016-11-29,3000000.0,Affordplan,affordplan,500000.0,500000.0,1,209.0,0,209.0,2,1,Private Equity,Consumer Internet & Media,Delhi-NCR,0.0025031289111389233,0.013397154605961893,0.0017630362707794693,0.0010197165577911919,0.0005802159503250926,2.0,1.0,1.0,1.0,0
81,03/06/2019,Agara Labs,Deep-Tech,Artificial Intelligence,Bengaluru,Blume Ventures and RTP Global,pre-Series A,"25,00,000",,2019-06-03,2500000.0,Agara Labs,agara labs,0.0,0.0,0,-1.0,1,0.0,1,0,Pre-Series A,Other,Bengaluru,0.00025031289111389235,0.0,2.4573577241560827e-06,0.00014531887003520802,0.00014531887003520802,1.0,1.0,1.0,1.0,0
2350,21/10/2015,AgentDesks,Real Estate Mobile CRM,,New York/ India,"Sierra Ventures, Cota Capital, Vegas Tech Fund",Seed Funding,"29,50,000",,2015-10-21,2950000.0,AgentDesks,agentdesks,0.0,0.0,0,-1.0,1,0.0,1,0,Seed/Angel,Other,Tier-2/Other,0.00025031289111389235,0.0,0.00029631005322571457,0.000145054752569653,0.000145054752569653,3.0,0.0,1.0,1.0,0
380,20/02/2018,Agricxlab,Agriculture,Agri-tech,Mumbai,Ankur Capital,Seed / Angel Funding,"5,00,000",,2018-02-20,500000.0,Agricxlab,agricxlab,0.0,0.0,0,-1.0,1,0.0,1,0,Seed/Angel,Other,Mumbai,0.00025031289111389235,0.0,0.011202745062981861,0.00011253632629311644,0.00011253632629311644,1.0,0.0,1.0,1.0,0
2521,13/08/2015,Agrostar,Mobile Commerce for Farmers,,Pune,IDG Ventures,Private Equity,"40,00,000",Series A,2015-08-13,4000000.0,Agrostar,agrostar,0.0,0.0,0,-1.0,1,0.0,2,1,Private Equity,Other,Pune,0.0,0.0,0.0,0.0,0.0,1.0,0.0,0.0,2.0,1
944,07/03/2017,Agrostar,Technology,Direct-to-Farmer Mobile-Based Retail platform,Pune,Accel Partners,Private Equity,"1,00,00,000",,2017-03-07,10000000.0,Agrostar,agrostar,4000000.0,4000000.0,1,572.0,0,572.0,2,1,Private Equity,Technology & SaaS,Pune,0.0025031289111389233,0.03180691231866443,0.01397423501569189,0.0009597977221441899,0.0009597977221441899,1.0,1.0,1.0,2.0,1
535,09/10/2017,Agrowave,Technology,Agriculture Supply Chain management solutions,Gurgaon,Daffodil Software,Seed Funding,,,2017-10-09,,Agrowave,agrowave,0.0,0.0,0,-1.0,1,0.0,1,0,Seed/Angel,Technology & SaaS,Delhi-NCR,0.0,0.0,0.0,0.0,0.0,1.0,0.0,0.0,1.0,0
2251,19/11/2015,AHA Taxis,Online Taxi Rental Platform,,Noida,ah! Ventures,Seed Funding,,,2015-11-19,,AHA Taxis,aha taxis,0.0,0.0,0,-1.0,1,0.0,1,0,Seed/Angel,Other,Delhi-NCR,0.0012515644555694616,0.0034676545481551486,0.00024930596051947864,0.0005595823330734198,0.0005595823330734198,1.0,0.0,1.0,1.0,0
705,19/07/2017,AirCTO,Consumer Internet,AI powered recruitment platform,Bangalore,Francesco Cara,Seed Funding,,,2017-07-19,,AirCTO,aircto,0.0,0.0,0,-1.0,1,0.0,1,0,Seed/Angel,Consumer Internet & Media,Bengaluru,0.0,0.0,0.0,0.0,0.0,1.0,0.0,0.0,1.0,0
1106,26/01/2017,AirMed Labs,Consumer Internet,Health Tests Booking platform & ePharmacy,Ahmedabad,Brand Capital,Private Equity,"14,00,000",,2017-01-26,1400000.0,AirMed Labs,airmed labs,0.0,0.0,0,-1.0,1,0.0,1,0,Private Equity,Consumer Internet & Media,Ahmedabad,0.0,0.0,0.0,0.0,0.0,1.0,0.0,0.0,1.0,0
968,21/03/2017,Airpay,Technology,Online payment Gateway,Mumbai,"Kalaari Capital, Rakesh and Rajesh Jhunjhunwala",Private Equity,"36,70,000",,2017-03-21,3670000.0,Airpay,airpay,0.0,0.0,0,-1.0,1,0.0,1,0,Private Equity,Technology & SaaS,Mumbai,0.0025031289111389233,0.013397154605961893,0.0017630362707794693,0.0010197165577911919,0.0010197165577911919,2.0,1.0,1.0,1.0,0
1665,02/05/2016,Airwood,Technology,Agri Data & Analytics Platform,Chennai,StartupXseed Ventures,Seed Funding,,,2016-05-02,,Airwood,airwood,0.0,0.0,0,-1.0,1,0.0,1,0,Seed/Angel,Technology & SaaS,Chennai,0.00025031289111389235,0.0,3.63414446275521e-08,0.00017390235357615433,0.00017390235357615433,1.0,0.0,1.0,1.0,0
1023,15/02/2017,AirZaar,Technology,Drone operations management platform,Missourie,Quake Capital,Seed Funding,"3,50,000",,2017-02-15,350000.0,AirZaar,airzaar,0.0,0.0,0,-1.0,1,0.0,1,0,Seed/Angel,Technology & SaaS,Tier-2/Other,0.0,0.0,0.0,0.0,0.0,1.0,0.0,0.0,1.0,0
2101,29/01/2016,Aisle,Consumer Internet,Indians focused Matchmaking App,Bangalore,"TermSheet, ah! Ventures",Seed Funding,"1,85,000",,2016-01-29,185000.0,Aisle,aisle,0.0,0.0,0,-1.0,1,0.0,2,1,Seed/Angel,Consumer Internet & Media,Bengaluru,0.0012515644555694616,0.0034676545481551486,0.00024930596051947864,0.0005595823330734198,0.0005595823330734198,2.0,0.0,1.0,1.0,1
1029,17/02/2017,Aisle,Consumer Internet,Online match-making app,Bangalore,"Konglo Ventures, White Unicorn Ventures, LetsVenture",Seed Funding,,,2017-02-17,,Aisle,aisle,185000.0,185000.0,1,385.0,0,385.0,2,1,Seed/Angel,Consumer Internet & Media,Bengaluru,0.00025031289111389235,0.0,0.0014541392121809268,0.00013664812728624517,0.00013664812728624517,3.0,0.0,1.0,1.0,1
2950,05/02/2015,Aisle.co,,,,"Anand Vijay, Shashank Mehrotra & Others",Seed\\nFunding,"1,00,000",,2015-02-05,100000.0,Aisle.co,aisle.co,0.0,0.0,0,-1.0,1,0.0,1,0,Seed/Angel,Other,Tier-2/Other,0.0,0.0,0.0,0.0,0.0,2.0,0.0,0.0,1.0,0
2787,19/05/2015,Akosha,Business Messaging App,,New Delhi,Sequoia Capital,Private Equity,"1,60,00,000",Series B,2015-05-19,16000000.0,Akosha,akosha,0.0,0.0,0,-1.0,1,0.0,1,0,Private Equity,Other,Delhi-NCR,0.004005006257822278,0.059859204892582674,0.09566198113272546,0.001413958516141685,0.001413958516141685,1.0,1.0,1.0,1.0,0
2014,05/01/2016,Alef\\nMobitech,Consumer Internet,Cloud Mobility Solutions,Mumbai,Tata Capital Innovation Fund,Private Equity,"50,00,000",,2016-01-05,5000000.0,Alef\\nMobitech,alef\\nmobitech,0.0,0.0,0,-1.0,1,0.0,1,0,Private Equity,Consumer Internet & Media,Mumbai,0.00025031289111389235,0.0,3.63414446275521e-08,0.00017390235357615433,0.00017390235357615433,1.0,0.0,1.0,1.0,0
2677,02/06/2015,AllIzHealth,Preventive Healthcare Services,,Pune,Mumbai Angels & Other angel investors,Seed Funding,"3,50,000",,2015-06-02,350000.0,AllIzHealth,allizhealth,0.0,0.0,0,-1.0,1,0.0,1,0,Seed/Angel,Healthcare,Pune,0.0017521902377972466,0.010975312042205362,0.00961306277325317,0.0007274642447918312,0.0007274642447918312,1.0,0.0,1.0,1.0,0
2512,11/08/2015,Allygrow Technologies,engineering services company,,Mumbai,Zodius Technology Fund,Private Equity,"2,00,00,000",Series A,2015-08-11,20000000.0,Allygrow Technologies,allygrow,0.0,0.0,0,-1.0,1,0.0,1,0,Private Equity,Other,Mumbai,0.0,0.0,0.0,0.0,0.0,1.0,0.0,0.0,1.0,0
1978,19/02/2016,AlmaConnect,Consumer Internet,Alumni social network,New Delhi,"Mohandas Pai, Varun Aggarwal",Seed Funding,,,2016-02-19,,AlmaConnect,almaconnect,0.0,0.0,0,-1.0,1,0.0,1,0,Seed/Angel,Consumer Internet & Media,Delhi-NCR,0.0,0.0,0.0,0.0,0.0,2.0,0.0,0.0,1.0,0
2360,26/10/2015,AlmaMapper,Online Student & Campus Social Networking platform,,Ahmedabad,Oswal Techno Ventures LLP,Seed Funding,"4,00,000",,2015-10-26,400000.0,AlmaMapper,almamapper,0.0,0.0,0,-1.0,1,0.0,1,0,Seed/Angel,Other,Ahmedabad,0.0,0.0,0.0,0.0,0.0,1.0,0.0,0.0,1.0,0
235,12/06/2018,Alpha Capital,Finance,Supplychain Finance,Mumbai,Alpha Capital,Private Equity,"1,48,00,000",,2018-06-12,14800000.0,Alpha Capital,alpha capital,0.0,0.0,0,-1.0,1,0.0,1,0,Private Equity,FinTech,Mumbai,0.0,0.0,0.0,0.0,0.0,1.0,0.0,0.0,1.0,0
48,01/08/2019,Alteria Capital,Finance,VC Funds,Mumbai,"Azim Premji, Binny Bansal",Single Venture,"14,00,00,000",,2019-08-01,140000000.0,Alteria Capital,alteria capital,0.0,0.0,0,-1.0,1,0.0,1,0,Other/Undisclosed,FinTech,Mumbai,0.0012515644555694616,0.010687931577880288,0.01213914455110461,0.0004861118041767175,0.0004861118041767175,2.0,0.0,1.0,1.0,1
1352,07/09/2016,Alternacare,Consumer Internet,Online Doctor Consulting platform,New Delhi,Eros Labs,Seed Funding,"5,00,000",,2016-09-07,500000.0,Alternacare,alternacare,0.0,0.0,0,-1.0,1,0.0,1,0,Seed/Angel,Consumer Internet & Media,Delhi-NCR,0.0,0.0,0.0,0.0,0.0,1.0,0.0,0.0,1.0,0
1906,02/02/2016,Altizone,Technology,IoT & M2M Solutions,Pune,"Wipro Ventures,\\xc2\\xa0 Lumis Partners",Private Equity,"40,00,000",,2016-02-02,4000000.0,Altizone,altizone,0.0,0.0,0,-1.0,1,0.0,1,0,Private Equity,Technology & SaaS,Pune,0.00025031289111389235,0.0,3.32198033193759e-05,0.00013722610522145704,0.00013722610522145704,2.0,0.0,1.0,1.0,0
3024,20/01/2015,Amagi Media Labs,,,,Premji Invest & Mayfield Fund,Private Equity,,,2015-01-20,,Amagi Media Labs,amagi media labs,0.0,0.0,0,-1.0,1,0.0,2,1,Private Equity,Other,Tier-2/Other,0.0005006257822277847,0.002834915702715525,0.0012970569261022838,0.00022858166503664763,0.00022858166503664763,1.0,0.0,1.0,1.0,0
1156,15/12/2016,Amagi Media Labs,Technology,Media Technology Solutions,Mumbai,"Emerald Media, Premji Invest",Private Equity,"3,50,00,000",,2016-12-15,35000000.0,Amagi Media Labs,amagi media labs,0.0,0.0,1,695.0,0,695.0,2,1,Private Equity,Technology & SaaS,Mumbai,0.0005006257822277847,0.002834915702715525,0.0012970569261022838,0.00022858166503664763,0.00022858166503664763,2.0,0.0,1.0,1.0,0
701,18/07/2017,Ambee,Consumer Internet,Ambulance Aggregation Services,Hyderabad,"Uber Technologies Inc, Amaya Capital LLP",Seed Funding,,,2017-07-18,,Ambee,ambee,0.0,0.0,0,-1.0,1,0.0,1,0,Seed/Angel,Consumer Internet & Media,Hyderabad,0.0,0.0,0.0,0.0,0.0,2.0,0.0,0.0,1.0,0
1923,05/02/2016,American Vision,Consumer Internet,Optical Store Aggregator Platform,Pune,Undisclosed investors,Seed Funding,"81,000",,2016-02-05,81000.0,American Vision,american vision,0.0,0.0,0,-1.0,1,0.0,1,0,Seed/Angel,Consumer Internet & Media,Pune,0.0,0.0,0.0,0.0,0.0,1.0,0.0,0.0,1.0,0
2449,23/09/2015,Amigobulls,Stock Market Portal,,Bangalore,"Sharad Sharma, Vijay Anand, Mohandas Pai. Pallav Nadhani, Singapore Angels Network & others",Seed Funding,,,2015-09-23,,Amigobulls,amigobulls,0.0,0.0,0,-1.0,1,0.0,1,0,Seed/Angel,Other,Bengaluru,0.00025031289111389235,0.0,1.54413417595609e-07,0.00016435886649189237,0.00016435886649189237,4.0,0.0,1.0,1.0,0
2597,08/07/2015,Ampere,Electric Scooter manufacturer,,Coimbatore,Ratan Tata,Seed Funding,,,2015-07-08,,Ampere,ampere,0.0,0.0,0,-1.0,1,0.0,1,0,Seed/Angel,Other,Tier-2/Other,0.0,0.0,0.0,0.0,0.0,1.0,0.0,0.0,1.0,0
2171,18/12/2015,Ampere Vehicles,Electric Bike Manufacturers,,Coimbatore,Kris Gopalakrishnan & Others,Seed Funding,"12,00,000",,2015-12-18,1200000.0,Ampere Vehicles,ampere vehicles,0.0,0.0,0,-1.0,1,0.0,1,0,Seed/Angel,Other,Tier-2/Other,0.0,0.0,0.0,0.0,0.0,1.0,0.0,0.0,1.0,0
2118,03/12/2015,Anakage,Product Learning platform,,Bangalore,CIO Angel Network (CAN),Seed Funding,,,2015-12-03,,Anakage,anakage,0.0,0.0,0,-1.0,1,0.0,1,0,Seed/Angel,Other,Bengaluru,0.0,0.0,0.0,0.0,0.0,1.0,0.0,0.0,1.0,0
1941,10/02/2016,Anandakanda,Technology,Medicine Intake Reminder System,Pune,undisclosed investors,Seed Funding,"1,50,000",,2016-02-10,150000.0,Anandakanda,anandakanda,0.0,0.0,0,-1.0,1,0.0,1,0,Seed/Angel,Technology & SaaS,Pune,0.0,0.0,0.0,0.0,0.0,1.0,0.0,0.0,1.0,0
808,09/05/2017,Anchanto,Technology,Ecommerce Fulfilment and Technology Platform,Pune,Luxasia Group,Private Equity,,,2017-05-09,,Anchanto,anchanto,0.0,0.0,0,-1.0,1,0.0,2,1,Private Equity,Technology & SaaS,Pune,0.0,0.0,0.0,0.0,0.0,1.0,0.0,0.0,1.0,0
192,04/07/2018,Anchanto,IT,E-commerce Fulfilment Platform,Pune,MDI Ventures & Telkom Indonesia,Private Equity,"40,00,000",,2018-07-04,4000000.0,Anchanto,anchanto,0.0,0.0,1,421.0,0,421.0,2,1,Private Equity,Other,Pune,0.0,0.0,0.0,0.0,0.0,1.0,0.0,0.0,1.0,0
231,07/06/2018,Annapurna Finance,Finance,Non-Banking Financial Company,Bhubneswar,Oman India Joint Investment Fund (OIJIF),Private Equity,"2,30,00,000",,2018-06-07,23000000.0,Annapurna Finance,annapurna finance,0.0,0.0,0,-1.0,1,0.0,1,0,Private Equity,FinTech,Tier-2/Other,0.0005006257822277847,0.0011030521585465392,0.00010126103807126927,0.0002328898672764012,0.0002328898672764012,1.0,0.0,1.0,1.0,1
3033,22/01/2015,Antuit,,,,"Goldman Sachs, Zodius Capital",Private Equity,"5,60,00,000",,2015-01-22,56000000.0,Antuit,antuit,0.0,0.0,0,-1.0,1,0.0,1,0,Private Equity,Other,Tier-2/Other,0.00025031289111389235,0.0,3.63414446275521e-08,0.00017390235357615433,0.00017390235357615433,2.0,0.0,1.0,1.0,0
399,10/01/2018,Appario Retail Pvt Ltd.,E-commerce,Retail,Delhi,Amazon-Patni JV,Private Equity,"1,88,40,000",,2018-01-10,18840000.0,Appario Retail Pvt Ltd.,appario retail  .,0.0,0.0,0,-1.0,1,0.0,1,0,Private Equity,E-Commerce,Delhi-NCR,0.0005006257822277847,0.0006317360897416212,0.0003516401116276203,0.0002556191106767142,0.0002556191106767142,1.0,0.0,1.0,1.0,0
2974,21/02/2015,Appbase,,,,"DA-IICT, Techstars, Carnegie Mellon University, Startup Brasil program",Seed\\nFunding,"2,90,000",Grant + Seed funding,2015-02-21,290000.0,Appbase,appbase,0.0,0.0,0,-1.0,1,0.0,1,0,Seed/Angel,Other,Tier-2/Other,0.00025031289111389235,0.0,1.54413417595609e-07,0.00016435886649189237,0.00016435886649189237,4.0,0.0,1.0,1.0,0
953,09/03/2017,AppBrowzer,Consumer Internet,Instant Mobile Apps Store,Bangalore,Deepak Gurnani,Seed Funding,"5,00,000",,2017-03-09,500000.0,AppBrowzer,appbrowzer,0.0,0.0,0,-1.0,1,0.0,1,0,Seed/Angel,Consumer Internet & Media,Bengaluru,0.0,0.0,0.0,0.0,0.0,1.0,0.0,0.0,1.0,0
1517,07/07/2016,AppDaily,Technology,Mobile Security App development & Distribution,Mumbai,"Kalaari Capital, Qualcomm Ventures, ru-Net, Zodius Technology Opportunities Fund,",Private Equity,"20,00,000",,2016-07-07,2000000.0,AppDaily,appdaily,0.0,0.0,0,-1.0,1,0.0,1,0,Private Equity,Technology & SaaS,Mumbai,0.0025031289111389233,0.013397154605961893,0.0019601863479076207,0.0010197165577911919,0.000622919877176337,4.0,1.0,1.0,1.0,0
2884,11/03/2015,Appedo,,,,Undisclosed Investors,Seed Funding,"10,00,000",,2015-03-11,1000000.0,Appedo,appedo,0.0,0.0,0,-1.0,1,0.0,1,0,Seed/Angel,Other,Tier-2/Other,0.0,0.0,0.0,0.0,0.0,1.0,0.0,0.0,1.0,0
1717,19/05/2016,Appie,Consumer Internet,Location-based offline retail discovery platform,Mumbai,Undisclosed investors,Seed Funding,"10,00,000",,2016-05-19,1000000.0,Appie,appie,0.0,0.0,0,-1.0,1,0.0,1,0,Seed/Angel,Consumer Internet & Media,Mumbai,0.0,0.0,0.0,0.0,0.0,1.0,0.0,0.0,1.0,0
1993,24/02/2016,AppilyEver,Consumer Internet,Online wedding services marketplace,Hyderabad,"Varun Aggarwal, Suresh Venkat, Raj Y",Seed Funding,"4,00,000",,2016-02-24,400000.0,AppilyEver,appilyever,0.0,0.0,0,-1.0,1,0.0,1,0,Seed/Angel,Consumer Internet & Media,Hyderabad,0.0,0.0,0.0,0.0,0.0,3.0,0.0,0.0,1.0,0
1455,17/08/2016,Appknox,Technology,Mobile security solutions,Bangalore,"SeedPlus, Infocomm Investments, Accel Partners RNT Associates",Private Equity,"6,75,000",,2016-08-17,675000.0,Appknox,appknox,0.0,0.0,0,-1.0,1,0.0,1,0,Private Equity,Technology & SaaS,Bengaluru,0.0025031289111389233,0.03180691231866443,0.01397423501569189,0.0009597977221441899,0.0009597977221441899,3.0,1.0,1.0,1.0,0
2755,04/05/2015,Applicate,Workforce Management Software,,Bangalore,"Rishi Vasudev, Amit Gupta, Rajiv Nayan",Seed Funding,"5,50,000",,2015-05-04,550000.0,Applicate,applicate,0.0,0.0,0,-1.0,1,0.0,2,1,Seed/Angel,Technology & SaaS,Bengaluru,0.0,0.0,0.0,0.0,0.0,3.0,0.0,0.0,1.0,0
2092,27/01/2016,Applicate,Technology,"Sales, Market, Distribution & Data Analytics Platform",Bangalore,Undisclosed investors,Seed Funding,"10,00,000",,2016-01-27,1000000.0,Applicate,applicate,550000.0,550000.0,1,268.0,0,268.0,2,1,Seed/Angel,Technology & SaaS,Bengaluru,0.0,0.0,0.0,0.0,0.0,1.0,0.0,0.0,1.0,0
2695,08/06/2015,Applied Solar Technologies,Off-grid Solar Power,,Mumbai,"Future Fund,Bessemer Venture, Capricorn Investment and IFC",Private Equity,"4,00,00,000",Series B,2015-06-08,40000000.0,Applied Solar Technologies,applied solar,0.0,0.0,0,-1.0,1,0.0,1,0,Private Equity,Other,Mumbai,0.0012515644555694616,0.004593992124282985,0.002924969761969057,0.0005026251490342794,0.0005026251490342794,3.0,0.0,1.0,1.0,0
2123,04/12/2015,Applop,On Demand Mobile app developer,,Kolkata,GHV Accelerator,Seed Funding,"1,00,000",,2015-12-04,100000.0,Applop,applop,0.0,0.0,0,-1.0,1,0.0,2,1,Seed/Angel,Other,Tier-2/Other,0.0025031289111389233,0.03180691231866443,0.01397423501569189,0.0009597977221441899,0.0009597977221441899,1.0,1.0,1.0,1.0,0
1556,19/07/2016,AppLop,Consumer Internet,Mobile Apps SaaS Platform,Gurgaon,Green House Ventures Accelerator,Seed Funding,"2,50,000",,2016-07-19,250000.0,AppLop,applop,100000.0,100000.0,1,228.0,0,228.0,2,1,Seed/Angel,Consumer Internet & Media,Delhi-NCR,0.0025031289111389233,0.03180691231866443,0.01397423501569189,0.0009597977221441899,0.0009597977221441899,1.0,1.0,1.0,1.0,0
2933,31/03/2015,Appsdaily,,,,"Zodius Capital, Ru-Net, Kalaari Capital,\\xc2\\xa0 Qualcomm Ventures",Private Equity,"1,60,00,000",Series C,2015-03-31,16000000.0,Appsdaily,appsdaily,0.0,0.0,0,-1.0,1,0.0,2,1,Private Equity,Other,Tier-2/Other,0.0025031289111389233,0.013397154605961893,0.0019601863479076207,0.0010197165577911919,0.000622919877176337,4.0,1.0,1.0,1.0,0
1274,04/10/2016,AppsDaily,Consumer Internet,"Mobile Phone Theft, Damage Protection platform",Mumbai,"Zodius Capital, Kalaari Capital, Qualcomm Ventures, Russian venture capital fund Ru-Net, Mumbai Angels",Private Equity,"37,50,000",,2016-10-04,3750000.0,AppsDaily,appsdaily,16000000.0,16000000.0,1,553.0,0,553.0,2,1,Private Equity,Consumer Internet & Media,Mumbai,0.0025031289111389233,0.013397154605961893,0.00961306277325317,0.0010197165577911919,0.0006317522032925563,5.0,1.0,1.0,1.0,0
2489,06/08/2015,Appvigil,App security\\xc2\\xa0 testing platform,,Mumbai,"Ravi Gururaj, Gaurav Sharma, Viswanath Ramachandran, RippleWave",Seed Funding,"5,00,000",pre Series-A,2015-08-06,500000.0,Appvigil,appvigil,0.0,0.0,0,-1.0,1,0.0,1,0,Seed/Angel,Other,Mumbai,0.0,0.0,0.0,0.0,0.0,4.0,0.0,0.0,1.0,0
3010,13/01/2015,AppVirality,,,,"Rajan Anandan, Mike Galgon, Ashim Mehra, Mohit Saxena, Ravi Gururaj, TNN Capital & IIG",Seed Funding,,,2015-01-13,,AppVirality,appvirality,0.0,0.0,0,-1.0,1,0.0,2,1,Seed/Angel,Other,Tier-2/Other,0.0,0.0,0.0,0.0,0.0,6.0,0.0,0.0,1.0,0
2221,09/11/2015,AppVirality,Mobile Growth Hacking\\nPlatform,,Hyderabad,"Rajan Anandan, Mike Galgon, Ravi Gururaj, Ashim Mehra,\\xc2\\xa0 Mohit Saxena, Internet Group, TNN Capital and others",Seed Funding,"5,00,000",Pre-Series A,2015-11-09,500000.0,AppVirality,appvirality,0.0,0.0,1,300.0,0,300.0,2,1,Seed/Angel,Other,Hyderabad,0.00025031289111389235,0.0,2.2213171803151287e-05,0.00015045598431541468,0.00015045598431541468,7.0,0.0,1.0,1.0,0
695,12/07/2017,Arcatron,Technology,Next Gen Mobility device manufacturer,Pune,Indian Angel Network,Seed Funding,,,2017-07-12,,Arcatron,arcatron,0.0,0.0,0,-1.0,1,0.0,1,0,Seed/Angel,Technology & SaaS,Pune,0.002002503128911139,0.01032696862918804,0.03555811791464255,0.0008020854002554353,0.0008020854002554353,1.0,0.0,1.0,1.0,0
1832,04/03/2016,Arcatron Mobility,Technology,Smart wheelchair Design and Development,Pune,"Sudhir Mehta, Anoop Hingorani",Seed Funding,,,2016-03-04,,Arcatron Mobility,arcatron mobility,0.0,0.0,0,-1.0,1,0.0,2,1,Seed/Angel,Technology & SaaS,Pune,0.0,0.0,0.0,0.0,0.0,2.0,0.0,0.0,1.0,1
1728,25/05/2016,Arcatron Mobility,Technology,Mobility Devices for differently abled,Pune,Sudhir Mehta,Seed Funding,"1,00,000",,2016-05-25,100000.0,Arcatron Mobility,arcatron mobility,0.0,0.0,1,82.0,0,82.0,2,1,Seed/Angel,Technology & SaaS,Pune,0.0,0.0,0.0,0.0,0.0,1.0,0.0,0.0,1.0,1
1975,18/02/2016,Ark Robot,Technology,Warehouse Automation,Bangalore,Qualcomm (Through QPrize Contest),Seed Funding,"3,50,000",,2016-02-18,350000.0,Ark Robot,ark robot,0.0,0.0,0,-1.0,1,0.0,1,0,Seed/Angel,Technology & SaaS,Bengaluru,0.0,0.0,0.0,0.0,0.0,1.0,0.0,0.0,1.0,0
2682,03/06/2015,Arkin Net,Data Center Software platform,,Pune / US,Nexus Venture Partners,Private Equity,"1,50,00,000",Series B,2015-06-03,15000000.0,Arkin Net,arkin net,0.0,0.0,0,-1.0,1,0.0,1,0,Private Equity,Technology & SaaS,Pune,0.00025031289111389235,0.0,0.004643633114189387,0.00012013188825083282,0.00012013188825083282,1.0,1.0,1.0,1.0,0
2929,30/03/2015,Arohan Financial Services,,,,Tano Capital,Private Equity,"1,00,00,000",,2015-03-30,10000000.0,Arohan Financial Services,arohan financial services,0.0,0.0,0,-1.0,1,0.0,1,0,Private Equity,Other,Tier-2/Other,0.0,0.0,0.0,0.0,0.0,1.0,0.0,0.0,1.0,0
2675,01/06/2015,Arth DesignBuild,Architectural Design & Consulting,,Hyderabad,Srinivas Tirupati,Seed Funding,"5,00,000",,2015-06-01,500000.0,Arth DesignBuild,arth designbuild,0.0,0.0,0,-1.0,1,0.0,1,0,Seed/Angel,Other,Hyderabad,0.0,0.0,0.0,0.0,0.0,1.0,0.0,0.0,1.0,0
2917,25/03/2015,Artoo,,,,"Accion Venture Labs, Rianta Capital",Private Equity,"5,00,000",Series A,2015-03-25,500000.0,Artoo,artoo,0.0,0.0,0,-1.0,1,0.0,1,0,Private Equity,Other,Tier-2/Other,0.0012515644555694616,0.004638772999889398,7.508484863299938e-05,0.0005537048140257201,0.0005537048140257201,2.0,0.0,1.0,1.0,0
2183,22/12/2015,Arya.ai,Artificial Intelligence platform,,Mumbai,"YourNest Angel Fund, Venture Nursery",Private Equity,"7,50,000",Series A,2015-12-22,750000.0,Arya.ai,arya.ai,0.0,0.0,0,-1.0,1,0.0,1,0,Private Equity,Other,Mumbai,0.00025031289111389235,0.0,5.436574580572323e-09,0.00019298932774467834,0.00019298932774467834,2.0,0.0,1.0,1.0,0
2932,31/03/2015,Aryaka,,,,"Trinity Ventures, InterWest Partners, Mohr Davidow Ventures, Presidio Ventures",Private Equity,"1,60,00,000",Series D,2015-03-31,16000000.0,Aryaka,aryaka,0.0,0.0,0,-1.0,1,0.0,1,0,Private Equity,Other,Tier-2/Other,0.0,0.0,0.0,0.0,0.0,4.0,0.0,0.0,1.0,0
354,05/02/2018,Asia Institute Of Medical Science,Healthcare,Super-specialty Hospital,Faridabad,CDC Group Plc,Private Equity,"2,10,00,000",,2018-02-05,21000000.0,Asia Institute Of Medical Science,asia institute of medical science,0.0,0.0,0,-1.0,1,0.0,1,0,Private Equity,Healthcare,Delhi-NCR,0.0017521902377972466,0.014871012736845492,0.01068367715154473,0.000704192593874497,0.000704192593874497,1.0,0.0,1.0,1.0,0
2333,14/10/2015,AskMyGift,Personalized Wish List creator app,,Noida,Turning Ideas,Seed Funding,"50,000",,2015-10-14,50000.0,AskMyGift,askmygift,0.0,0.0,0,-1.0,1,0.0,1,0,Seed/Angel,Other,Delhi-NCR,0.0,0.0,0.0,0.0,0.0,1.0,0.0,0.0,1.0,0
1176,23/12/2016,Asocon,Technology,Process management startup,Noida,Quarizon,Seed Funding,,,2016-12-23,,Asocon,asocon,0.0,0.0,0,-1.0,1,0.0,1,0,Seed/Angel,Technology & SaaS,Delhi-NCR,0.0,0.0,0.0,0.0,0.0,1.0,0.0,0.0,1.0,0
2810,30/05/2015,Ather Energy,Electric Scooter Manufacturer,,Bangalore,Tiger Global,Private Equity,"1,20,00,000",Series A,2015-05-30,12000000.0,Ather Energy,ather energy,0.0,0.0,0,-1.0,1,0.0,3,1,Private Equity,Other,Bengaluru,0.005006257822277847,0.07287536754319783,0.18527724887454788,0.0017164247516392465,0.0017164247516392465,1.0,1.0,1.0,1.0,0
1333,27/10/2016,Ather Energy,Technology,Electric Vehicle Manufacturer,Bangalore,Hero MotoCorp,Private Equity,"2,70,00,000",,2016-10-27,27000000.0,Ather Energy,ather energy,12000000.0,12000000.0,1,516.0,0,516.0,3,1,Private Equity,Technology & SaaS,Bengaluru,0.0,0.0,0.0,0.0,0.0,1.0,0.0,0.0,1.0,0
95,28/05/2019,Ather Energy,Automobile,Electric Vehicle,Bengaluru,Sachin Bansal,Series C,"5,10,00,000",,2019-05-28,51000000.0,Ather Energy,ather energy,39000000.0,27000000.0,2,943.0,0,1459.0,3,1,Series C,Other,Bengaluru,0.0,0.0,0.0,0.0,0.0,1.0,0.0,0.0,1.0,0
1612,16/06/2016,Athletto,Consumer Internet,Sports Venue discovery and booking platform,Bangalore,Atul Ingle,Seed Funding,,,2016-06-16,,Athletto,athletto,0.0,0.0,0,-1.0,1,0.0,1,0,Seed/Angel,Consumer Internet & Media,Bengaluru,0.0,0.0,0.0,0.0,0.0,1.0,0.0,0.0,1.0,0
63,02/07/2019,Atlan,Information Technology,Big Data,Singapore,WaterBridge Ventures,Pre-Series A,"25,00,000",,2019-07-02,2500000.0,Atlan,atlan,0.0,0.0,0,-1.0,1,0.0,1,0,Pre-Series A,Technology & SaaS,Tier-2/Other,0.000750938673341677,0.0038751109825472126,0.0016567159888903201,0.0003034714183840077,0.0003034714183840077,1.0,0.0,1.0,1.0,0
1568,02/06/2016,Atomberg,Technology,"smart, energy efficient home appliance manufacturer",Mumbai,Parampara Capital,Private Equity,"10,00,000",,2016-06-02,1000000.0,Atomberg,atomberg,0.0,0.0,0,-1.0,1,0.0,1,0,Private Equity,Technology & SaaS,Mumbai,0.00025031289111389235,0.0,0.006749369399702827,0.00013107607070514182,0.00013107607070514182,1.0,0.0,1.0,2.0,1
42,04/09/2019,Atomberg Technology,Consumer Technology,"Consumer Electronics, Home Appliances",Mumbai,A91 Partners,Series A,"1,00,00,000",,2019-09-04,10000000.0,Atomberg Technology,atomberg technology,0.0,0.0,0,-1.0,1,0.0,1,0,Series A,Technology & SaaS,Mumbai,0.000750938673341677,0.001239180227820099,0.004348519995076437,0.00032894948909540755,0.00032894948909540755,1.0,0.0,1.0,1.0,0
2347,20/10/2015,Attune Technologies,Healthcare IT Solutions & services,,Chennai,"Qualcomm Venture, Norwest Venture Partners",Private Equity,"1,00,00,000",Series B,2015-10-20,10000000.0,Attune Technologies,attune,0.0,0.0,0,-1.0,1,0.0,1,0,Private Equity,Healthcare,Chennai,0.0010012515644555694,0.0019344325116446817,0.004810399254406555,0.0003916403585052038,0.00030888177753334294,2.0,1.0,1.0,1.0,0
1539,14/07/2016,Augrav,eCommerce,Personalized precious Jewellery etailer,Coimbatore,Keiretsu Forum,Seed Funding,"4,50,000",,2016-07-14,450000.0,Augrav,augrav,0.0,0.0,0,-1.0,1,0.0,1,0,Seed/Angel,E-Commerce,Tier-2/Other,0.00025031289111389235,0.0,1.353352185599358e-06,0.00015481537940763035,0.00015481537940763035,1.0,0.0,1.0,1.0,0
919,27/04/2017,Autobix,Technology,Software Solutions for Auto Dealership,Pune,GardX International,Seed Funding,,,2017-04-27,,Autobix,autobix,0.0,0.0,0,-1.0,1,0.0,1,0,Seed/Angel,Technology & SaaS,Pune,0.0,0.0,0.0,0.0,0.0,1.0,0.0,0.0,1.0,0
161,11/09/2018,AutoGrid,Technology,AI-Based Energy Optimisation and Control Provider,Bengaluru,"CLP Holdings Group, Innogy, \\xc3\\x98rstead, and Tenaska",Private Equity,"3,20,00,000",,2018-09-11,32000000.0,AutoGrid,autogrid,0.0,0.0,0,-1.0,1,0.0,1,0,Private Equity,Technology & SaaS,Bengaluru,0.0,0.0,0.0,0.0,0.0,4.0,0.0,0.0,1.0,0
136,19/11/2018,Automation Anywhere,Automation,Robotics,California,SoftBank Vision Fund,Series B,"30,00,00,000",,2018-11-19,300000000.0,Automation Anywhere,automation anywhere,0.0,0.0,0,-1.0,1,0.0,1,0,Series B,Other,Tier-2/Other,0.000750938673341677,0.0017101211245292814,0.0032531152155108644,0.0003100500256790823,0.0003100500256790823,1.0,1.0,1.0,1.0,0
688,10/07/2017,Autorox.co,Technology,Workshop Management Software Platform,Hyderabad,Mitsui & Co.,Private Equity,"30,00,000",,2017-07-10,3000000.0,Autorox.co,autorox.co,0.0,0.0,0,-1.0,1,0.0,1,0,Private Equity,Technology & SaaS,Hyderabad,0.0,0.0,0.0,0.0,0.0,1.0,0.0,0.0,1.0,0
1597,11/06/2016,AutoSense,Technology,Data Analytics based Customer Management Services,New Delhi,TVS Automobile Solutions Ltd,Private Equity,,,2016-06-11,,AutoSense,autosense,0.0,0.0,0,-1.0,1,0.0,1,0,Private Equity,Technology & SaaS,Delhi-NCR,0.0,0.0,0.0,0.0,0.0,1.0,0.0,0.0,1.0,0
1869,16/03/2016,Avagmah,Consumer Internet,Online Education Portal,Bangalore,"Kris Gopalakrishnan, Atul Nishar",Seed Funding,,,2016-03-16,,Avagmah,avagmah,0.0,0.0,0,-1.0,1,0.0,1,0,Seed/Angel,Consumer Internet & Media,Bengaluru,0.0,0.0,0.0,0.0,0.0,2.0,0.0,0.0,1.0,0
78,03/06/2019,Avail Finance,Finance,FinTech,Bengaluru,Matrix Partners,Series A,"90,00,000",,2019-06-03,9000000.0,Avail Finance,avail finance,0.0,0.0,0,-1.0,1,0.0,1,0,Series A,FinTech,Bengaluru,0.00025031289111389235,0.0,0.0011995984420673335,0.00012986659567895903,0.00012986659567895903,1.0,1.0,1.0,2.0,1
333,14/03/2018,AvailFinance,Consumer Internet,Online Lending Platform,Bengaluru,"Matrix Partners, Bhavish Aggarwal, Ankit Bhati, Binny Bansal, Kunal Shah and Manish Patel.",Private Equity,"1,72,00,000",,2018-03-14,17200000.0,AvailFinance,availfinance,0.0,0.0,0,-1.0,1,0.0,1,0,Private Equity,Consumer Internet & Media,Bengaluru,0.0012515644555694616,0.010687931577880288,0.01213914455110461,0.0004861118041767175,0.0003079891999278383,5.0,1.0,1.0,1.0,0
2850,22/04/2015,Avanti Learning,Private Coaching Centers,,New Delhi,"Michael & Susan Dell Foundation, Pearson Learning Fund",Private Equity,"15,00,000",Series A,2015-04-22,1500000.0,Avanti Learning,avanti learning,0.0,0.0,0,-1.0,1,0.0,2,1,Private Equity,Other,Delhi-NCR,0.00025031289111389235,0.0,3.2098515767934743e-06,0.00015208866881212692,0.00015208866881212692,2.0,0.0,1.0,1.0,0
1968,17/02/2016,Avanti Learning,Education,Private Coaching Classes,New Delhi,Michael & Susan Dell Foundation,Private Equity,"50,00,000",,2016-02-17,5000000.0,Avanti Learning,avanti learning,1500000.0,1500000.0,1,301.0,0,301.0,2,1,Private Equity,EdTech,Delhi-NCR,0.00025031289111389235,0.0,3.2098515767934743e-06,0.00015208866881212692,0.00015208866881212692,1.0,0.0,1.0,1.0,0
197,10/07/2018,Avenue Growth,Consumer Internet,Online Platform That Connects Brands With Freelance Sales Professionals,Gurugram,"Avtar Monga, chief operating office at IDFC Bank, Aditya Malik & Others",Seed/ Angel Funding,"4,37,000",,2018-07-10,437000.0,Avenue Growth,avenue growth,0.0,0.0,0,-1.0,1,0.0,1,0,Seed/Angel,Consumer Internet & Media,Delhi-NCR,0.00025031289111389235,0.0,5.005742896119195e-07,0.00015863277424133518,0.00015863277424133518,3.0,0.0,1.0,1.0,0
385,26/02/2018,Avishkaar Box,Ed-Tech,Education,Delhi,Auxano Deals,Private Equity,"7,72,500",,2018-02-26,772500.0,Avishkaar Box,avishkaar box,0.0,0.0,0,-1.0,1,0.0,1,0,Private Equity,Other,Delhi-NCR,0.0005006257822277847,1.1281001602528948e-06,2.573556928041375e-07,0.0002775368803809149,0.0002775368803809149,1.0,0.0,1.0,1.0,0
2785,18/05/2015,Awaaz De,Enterprise Communication Platform,,Ahmedabad,Samir Shah,Seed Funding,,,2015-05-18,,Awaaz De,awaaz de,0.0,0.0,0,-1.0,1,0.0,2,1,Seed/Angel,Other,Ahmedabad,0.0,0.0,0.0,0.0,0.0,1.0,0.0,0.0,1.0,0
369,13/02/2018,Awaaz De,Technology,Mobile Solutions for Social Impact,Ahmedabad,Tribe Impact Capital LLP,Seed / Angle Funding,,,2018-02-13,,Awaaz De,awaaz de,0.0,0.0,1,1002.0,0,1002.0,2,1,Seed/Angel,Technology & SaaS,Ahmedabad,0.0,0.0,0.0,0.0,0.0,1.0,0.0,0.0,1.0,0
1228,22/11/2016,Awesummly,Consumer Internet,Short News Mobile App,Bangalore,"Vivek Bhargava, Ameera Shah",Seed Funding,"1,47,000",,2016-11-22,147000.0,Awesummly,awesummly,0.0,0.0,0,-1.0,1,0.0,1,0,Seed/Angel,Consumer Internet & Media,Bengaluru,0.0,0.0,0.0,0.0,0.0,2.0,0.0,0.0,1.0,0
912,26/04/2017,Awfis,Consumer Internet,Collaborative co-Working Spaces,Mumbai,Sequoia India,Private Equity,"2,00,00,000",,2017-04-26,20000000.0,Awfis,awfis,0.0,0.0,0,-1.0,1,0.0,1,0,Private Equity,Consumer Internet & Media,Mumbai,0.000750938673341677,0.0036940218595162967,0.007362732465128354,0.00033164209477533563,0.00033164209477533563,1.0,1.0,1.0,1.0,0
667,23/08/2017,Awign,Technology,Operations and manpower outsourcing,Bangalore,"IIT Ropar, Imanpreet Singh Arora, Sidharth Rozario, Saurabh Abichandani, Shikhar Gupta,",Seed Funding,,,2017-08-23,,Awign,awign,0.0,0.0,0,-1.0,1,0.0,1,0,Seed/Angel,Technology & SaaS,Bengaluru,0.0,0.0,0.0,0.0,0.0,5.0,0.0,0.0,1.0,0
420,26/01/2018,Axio,Healthcare,Hemostatic Dressing Solutions,Bengaluru,RNT Capital,Private Equity,"74,00,000",,2018-01-26,7400000.0,Axio,axio,0.0,0.0,0,-1.0,1,0.0,1,0,Private Equity,Healthcare,Bengaluru,0.0,0.0,0.0,0.0,0.0,1.0,0.0,0.0,1.0,0
2595,08/07/2015,Axtria,Big Data & Analytics platform,,India / US,"Helion Venture Partners,Amarpreet Sawhney, Deshpande Foundation, Fred Khosravi, Richard S. Braddock",Private Equity,"3,00,00,000",Series C,2015-07-08,30000000.0,Axtria,axtria,0.0,0.0,0,-1.0,1,0.0,1,0,Private Equity,Other,Tier-2/Other,0.0,0.0,0.0,0.0,0.0,5.0,0.0,0.0,1.0,0
2139,09/12/2015,Aye Finance,Nonbanking finance company,,New Delhi,"SAIF Partners, Accion",Private Equity,"30,00,000",Series B,2015-12-09,3000000.0,Aye Finance,aye finance,0.0,0.0,0,-1.0,1,0.0,5,1,Private Equity,FinTech,Delhi-NCR,0.000750938673341677,0.0042731615220654,0.0014112094183159625,0.00029227224578136433,0.00029227224578136433,2.0,1.0,1.0,1.0,0
842,25/05/2017,Aye Finance,Finance,Non-Banking Financial Company,Gurgaon,Blue Orchard,Private Equity,"80,00,000",,2017-05-25,8000000.0,Aye Finance,aye finance,3000000.0,3000000.0,1,533.0,0,533.0,5,1,Private Equity,FinTech,Delhi-NCR,0.00025031289111389235,0.0,2.215989529591035e-05,0.0001379233305595085,0.0001379233305595085,1.0,0.0,1.0,1.0,0
591,08/09/2017,AYE Finance,Consumer Internet,Micro Lending Platform,New Delhi,"Triodos Investment Management,",Debt Funding,"69,00,000",,2017-09-08,6900000.0,AYE Finance,aye finance,11000000.0,8000000.0,2,106.0,0,639.0,5,1,Debt,Consumer Internet & Media,Delhi-NCR,0.00025031289111389235,0.0,0.0001905696650172938,0.00012653308518946005,0.00012653308518946005,1.0,0.0,1.0,1.0,0
417,24/01/2018,Aye Finance,Finance,Online Lending,Gurugram,IFMR Capital,Term Loan,"62,40,000",,2018-01-24,6240000.0,Aye Finance,aye finance,17900000.0,6900000.0,3,138.0,0,777.0,5,1,Other/Undisclosed,FinTech,Delhi-NCR,0.0,0.0,0.0,0.0,0.0,1.0,0.0,0.0,1.0,0
24,20/11/2019,Aye Finance,FinTech,Financial Services To MSMEs,Gurgaon,FinTech,Debt Funding,"1,74,11,265",,2019-11-20,17411265.0,Aye Finance,aye finance,24140000.0,6240000.0,4,665.0,0,1442.0,5,1,Debt,FinTech,Delhi-NCR,0.000750938673341677,0.0013182596968828615,0.03767044323128907,0.00029812223291297325,0.00029812223291297325,1.0,0.0,1.0,1.0,0
379,19/02/2018,AyeFinance,Finance,Online Lending,Gurugram,"Hinduja Leyland Finance, IntelleGrow",Private Equity,"38,00,000",,2018-02-19,3800000.0,AyeFinance,ayefinance,0.0,0.0,0,-1.0,1,0.0,3,1,Private Equity,FinTech,Delhi-NCR,0.00025031289111389235,0.0,0.00014168356714146655,0.00013863795235260272,0.00013863795235260272,2.0,0.0,1.0,1.0,0
295,12/04/2018,AyeFinance,Finance,Online Lending Platform,Gurugram,"BlueOrchard Finance Ltd, Hinduja Leyland Finance and IntelleGrow",Debt Funding,"46,000,00",,2018-04-12,4600000.0,AyeFinance,ayefinance,3800000.0,3800000.0,1,52.0,0,52.0,3,1,Debt,FinTech,Delhi-NCR,0.00025031289111389235,0.0,0.00014168356714146655,0.00013863795235260272,0.00013863795235260272,2.0,0.0,1.0,1.0,0
233,10/06/2018,AyeFinance,Finance,Online Lending Platform,Gurugram,"CapitalG, SAIF Partners and LGT Impact Ventures",Private Equity,"2,15,00,000",,2018-06-10,21500000.0,AyeFinance,ayefinance,8400000.0,4600000.0,2,59.0,0,111.0,3,1,Private Equity,FinTech,Delhi-NCR,0.000750938673341677,0.0042731615220654,0.0014112094183159625,0.00029227224578136433,0.00029227224578136433,2.0,1.0,1.0,1.0,0
103,12/04/2019,Azah,Health and Wellness,Organic wellness,Gurugram,Unnamed angel investors,Seed Funding,"2,00,000",,2019-04-12,200000.0,Azah,azah,0.0,0.0,0,-1.0,1,0.0,1,0,Seed/Angel,Healthcare,Delhi-NCR,0.000750938673341677,2.0055113960051465e-06,5.212874231067168e-07,0.00039636782498119144,0.00039636782498119144,1.0,0.0,1.0,1.0,0
1276,05/10/2016,Azuro,Consumer Internet,Rental Property Finder platform,Mumbai,"White Unicorn Ventures, Kae Capital, Mumbai Angels",Private Equity,,,2016-10-05,,Azuro,azuro,0.0,0.0,0,-1.0,1,0.0,1,0,Private Equity,Consumer Internet & Media,Mumbai,0.0017521902377972466,0.010975312042205362,0.00961306277325317,0.0007274642447918312,0.00047576188034151426,3.0,0.0,1.0,1.0,0
2009,04/01/2016,B9 Beverages,Food & Beverage,Craft Beer manufacturing company,New Delhi,"Sequoia Capital, Kunal Bahl, Rohit Bansal, Deepinder Goyal, Ashish Dhawan, Mayank Singhal",Private Equity,"60,00,000",,2016-01-04,6000000.0,B9 Beverages,b9 beverages,0.0,0.0,0,-1.0,1,0.0,1,0,Private Equity,Food & Beverage,Delhi-NCR,0.004005006257822278,0.059859204892582674,0.09566198113272546,0.001413958516141685,0.0005557802394688612,6.0,1.0,1.0,1.0,0
2863,28/04/2015,Babajobs,Grey collar Job Board,,Bangalore,SEEK Ltd & affiliates,Private Equity,"1,00,00,000",Series B,2015-04-28,10000000.0,Babajobs,babajobs,0.0,0.0,0,-1.0,1,0.0,1,0,Private Equity,Other,Bengaluru,0.0,0.0,0.0,0.0,0.0,1.0,0.0,0.0,1.0,0
1981,22/02/2016,Baby Berry,Consumer Internet,Parenting Mobile app,Bangalore,Nitin Bagmane & Other undisclosed investors,Seed Funding,"10,00,000",,2016-02-22,1000000.0,Baby Berry,baby berry,0.0,0.0,0,-1.0,1,0.0,1,0,Seed/Angel,Consumer Internet & Media,Bengaluru,0.0,0.0,0.0,0.0,0.0,1.0,0.0,0.0,1.0,0
2712,17/06/2015,Babychakra,Parents & Kids Online platform,,Mumbai,"Mumbai Angels, Patni Family Office, Singapore Angel Network, Karan Maheshwari, Jatin Aneja, Kishor Ganji, Roopa Nath",Seed Funding,,,2015-06-17,,Babychakra,babychakra,0.0,0.0,0,-1.0,1,0.0,2,1,Seed/Angel,Other,Mumbai,0.0017521902377972466,0.010975312042205362,0.00961306277325317,0.0007274642447918312,0.0004368235612395788,7.0,0.0,1.0,1.0,0
1309,18/10/2016,BabyChakra,Consumer Internet,Parenting and Child Care portal,Mumbai,RoundGlass Partners,Private Equity,,,2016-10-18,,BabyChakra,babychakra,0.0,0.0,1,489.0,0,489.0,2,1,Private Equity,Consumer Internet & Media,Mumbai,0.0,0.0,0.0,0.0,0.0,1.0,0.0,0.0,1.0,0
1897,29/03/2016,Babygogo,Consumer Internet,Child healthcare experts aggregator mobile app,New Delhi,"Rajul Garg, Daljit Singh, Aditya Vij, Kishore Kumar, Shuchin Bajaj",Seed Funding,"3,00,000",,2016-03-29,300000.0,Babygogo,babygogo,0.0,0.0,0,-1.0,1,0.0,1,0,Seed/Angel,Consumer Internet & Media,Delhi-NCR,0.00025031289111389235,0.0,5.005742896119195e-07,0.00016435886649189237,0.00016149582036661378,5.0,0.0,1.0,1.0,0
975,24/03/2017,BabyonBoard,Consumer Internet,Parenting Mobile App,Bangalore,"Mahavir Sharma, Vishal Jain, Rohit Sethi, Gaurav Luniya",Seed Funding,,,2017-03-24,,BabyonBoard,babyonboard,0.0,0.0,0,-1.0,1,0.0,1,0,Seed/Angel,Consumer Internet & Media,Bengaluru,0.0,0.0,0.0,0.0,0.0,4.0,0.0,0.0,1.0,0
1119,02/12/2016,Badiyajobs,Consumer Internet,Entry-Level job Seekers platform,New Delhi,Undisclosed,Seed Funding,"1,00,000",,2016-12-02,100000.0,Badiyajobs,badiyajobs,0.0,0.0,0,-1.0,1,0.0,1,0,Seed/Angel,Consumer Internet & Media,Delhi-NCR,0.00025031289111389235,0.0,1.54413417595609e-07,0.00016435886649189237,0.00016435886649189237,1.0,0.0,1.0,1.0,0
1544,15/07/2016,BaggOut,eCommerce,Women\\xe2\\x80\\x99s Fashion etailer,New Delhi,"Sumit Jain, Sumit Jain, Anurag Gupta, Varun Khanna, Faraz Khan",Seed Funding,,,2016-07-15,,BaggOut,baggout,0.0,0.0,0,-1.0,1,0.0,1,0,Seed/Angel,E-Commerce,Delhi-NCR,0.0,0.0,0.0,0.0,0.0,5.0,0.0,0.0,1.0,0
799,05/05/2017,Balance App,Consumer Internet,Money Savings & Management App,Bangalore,Rainmatter,Seed Funding,"2,33,000",,2017-05-05,233000.0,Balance App,balance app,0.0,0.0,0,-1.0,1,0.0,1,0,Seed/Angel,Consumer Internet & Media,Bengaluru,0.00025031289111389235,0.0,0.002994561045724411,0.0001361996154533645,0.0001361996154533645,1.0,0.0,1.0,1.0,0
2729,22/06/2015,Banihal,Algorithmic Match Making Platform,,New Delhi / California,Dr David Cheriton,Seed Funding,,,2015-06-22,,Banihal,banihal,0.0,0.0,0,-1.0,1,0.0,1,0,Seed/Angel,Other,Delhi-NCR,0.0,0.0,0.0,0.0,0.0,1.0,0.0,0.0,1.0,0
552,18/10/2017,Bank Bazaar,Consumer Internet,Online Financial Marketplace,Chennai,Experian,Private Equity,"70,00,000",,2017-10-18,7000000.0,Bank Bazaar,bank bazaar,0.0,0.0,0,-1.0,1,0.0,1,0,Private Equity,Consumer Internet & Media,Chennai,0.0012515644555694616,0.004638772999889398,7.508484863299938e-05,0.0005537048140257201,0.0005537048140257201,1.0,0.0,1.0,1.0,0
2576,02/07/2015,BankBazaar,Online Financial Services,,Chennai,"Amazon, Fidelity Growth Partners, Mousse Partners",Private Equity,"6,00,00,000",Series C\\n(More here),2015-07-02,60000000.0,BankBazaar,bankbazaar,0.0,0.0,0,-1.0,1,0.0,1,0,Private Equity,Other,Chennai,0.000750938673341677,0.001737645276581539,0.0004948050760799399,0.0002954922615291378,0.000275555686102926,3.0,0.0,1.0,1.0,0
1543,15/07/2016,BankerBay,Consumer Internet,Online Investment Banking platform,Bangalore,undisclosed investors,Private Equity,"20,00,000",,2016-07-15,2000000.0,BankerBay,bankerbay,0.0,0.0,0,-1.0,1,0.0,1,0,Private Equity,Consumer Internet & Media,Bengaluru,0.0,0.0,0.0,0.0,0.0,1.0,0.0,0.0,1.0,0
1225,21/11/2016,Bats on delivery,Consumer Internet,"Online food, Grocery ordering & Delivery",Gurgaon,Devdeep Singh,Seed Funding,"90,000",,2016-11-21,90000.0,Bats on delivery,bats on delivery,0.0,0.0,0,-1.0,1,0.0,1,0,Seed/Angel,Consumer Internet & Media,Delhi-NCR,0.0,0.0,0.0,0.0,0.0,1.0,0.0,0.0,1.0,0
2284,30/11/2015,Baxi,Two-Wheeler Taxi Service,,Gurgaon,"Manish Kheterpal, Alok Mittal,\\xc2\\xa0 Puneet Dalmia,",Seed Funding,"14,50,000",,2015-11-30,1450000.0,Baxi,baxi,0.0,0.0,0,-1.0,1,0.0,1,0,Seed/Angel,Other,Delhi-NCR,0.0,0.0,0.0,0.0,0.0,3.0,0.0,0.0,1.0,0
896,17/04/2017,Be U Salons,Consumer Internet,Online Salon discovery & Booking Services,New Delhi,"Gaurav Kachru, Sundeep Singh Sahni, Jatin Aneja, Arun Malhotra",Seed Funding,"6,20,000",,2017-04-17,620000.0,Be U Salons,be u salons,0.0,0.0,0,-1.0,1,0.0,1,0,Seed/Angel,Consumer Internet & Media,Delhi-NCR,0.0,0.0,0.0,0.0,0.0,4.0,0.0,0.0,1.0,0
2381,30/10/2015,BeaconsTalk,proximity marketing & Mobile Advertising platform,,Mumbai,Puneet Bhatia & others,Seed Funding,"80,000",,2015-10-30,80000.0,BeaconsTalk,beaconstalk,0.0,0.0,0,-1.0,1,0.0,2,1,Seed/Angel,Other,Mumbai,0.0,0.0,0.0,0.0,0.0,1.0,0.0,0.0,1.0,0
1772,14/04/2016,BeaconsTalk,Technology,contextual mobile advertising,Mumbai,"Rajeev Agrawal, Prashant Gooty",Seed Funding,"1,00,000",,2016-04-14,100000.0,BeaconsTalk,beaconstalk,80000.0,80000.0,1,167.0,0,167.0,2,1,Seed/Angel,Technology & SaaS,Mumbai,0.0,0.0,0.0,0.0,0.0,2.0,0.0,0.0,1.0,0
1403,28/09/2016,Beardo,eCommerce,Mens Grooming products etailer,Ahmedabad,Venture Catalysts,Seed Funding,"5,00,000",,2016-09-28,500000.0,Beardo,beardo,0.0,0.0,0,-1.0,1,0.0,1,0,Seed/Angel,E-Commerce,Ahmedabad,0.006508135168961201,0.04017278424458088,0.35498683772439593,0.0024836634434645655,0.0024836634434645655,1.0,0.0,1.0,1.0,0
1298,14/10/2016,BeatRoute,Technology,SAAS based mobile application platform,Gurgaon,Quarizon Consultancy Services LLP,Seed Funding,,,2016-10-14,,BeatRoute,beatroute,0.0,0.0,0,-1.0,1,0.0,1,0,Seed/Angel,Technology & SaaS,Delhi-NCR,0.00025031289111389235,0.0,0.002253627186395401,0.0001310338692853393,0.0001310338692853393,1.0,0.0,1.0,1.0,0
1707,16/05/2016,BedBathMore,Consumer Internet,Home Decor eMarketplace,Mumbai,"Kinnevik Group, Rocket Internet",Private Equity,,,2016-05-16,,BedBathMore,bedbathmore,0.0,0.0,0,-1.0,1,0.0,1,0,Private Equity,Consumer Internet & Media,Mumbai,0.0,0.0,0.0,0.0,0.0,2.0,0.0,0.0,1.0,0
2556,26/08/2015,Belita,On-Demand Beauty Service,,Mumbai,"India Quotient, LetsVenture investors, Lead Angels",Seed Funding,"4,00,000",,2015-08-26,400000.0,Belita,belita,0.0,0.0,0,-1.0,1,0.0,1,0,Seed/Angel,Other,Mumbai,0.0012515644555694616,0.006769913213594535,0.05549185359678784,0.000554745742038456,0.0003572412377581694,3.0,0.0,1.0,1.0,0
926,01/03/2017,Belong,Consumer Internet,Online Jon Portal,Bangalore,Sequoia Capital India,Private Equity,"1,00,00,000",,2017-03-01,10000000.0,Belong,belong,0.0,0.0,0,-1.0,1,0.0,1,0,Private Equity,Consumer Internet & Media,Bengaluru,0.004005006257822278,0.059859204892582674,0.09566198113272546,0.001413958516141685,0.001413958516141685,1.0,1.0,1.0,1.0,0
283,02/04/2018,Benepik,Technology,Enhanced Employee Engagement Platform,Gurugram,"Vishal Bali, Yogesh Misra, Thomas Assessments and others",Seed / Angel Funding,,,2018-04-02,,Benepik,benepik,0.0,0.0,0,-1.0,1,0.0,1,0,Seed/Angel,Technology & SaaS,Delhi-NCR,0.0,0.0,0.0,0.0,0.0,3.0,0.0,0.0,1.0,0
2441,22/09/2015,Bestdealfinance,Financial Services Portal,,Mumbai,"Kalaari Capital, YourNest Angel Fund",Private Equity,"30,00,000",Series A,2015-09-22,3000000.0,Bestdealfinance,bestdealfinance,0.0,0.0,0,-1.0,1,0.0,1,0,Private Equity,Other,Mumbai,0.0025031289111389233,0.013397154605961893,0.0017630362707794693,0.0010197165577911919,0.0006063529427679351,2.0,1.0,1.0,1.0,0
1787,19/04/2016,Betaout,eCommerce,customer intelligence and marketing automation platform,Noida,"Stanford Angels, LetsVenture, Chennai Angels, Hyderabad Angels, Mumbai Angels",Private Equity,"15,00,000",,2016-04-19,1500000.0,Betaout,betaout,0.0,0.0,0,-1.0,1,0.0,2,1,Private Equity,E-Commerce,Delhi-NCR,0.0017521902377972466,0.010975312042205362,0.00961306277325317,0.0007274642447918312,0.0003029488986411186,5.0,0.0,1.0,1.0,0
1099,24/01/2017,BetaOut,Technology,ECommerce Marketing Software,Noida,East Ventures & Others,Private Equity,,,2017-01-24,,BetaOut,betaout,1500000.0,1500000.0,1,280.0,0,280.0,2,1,Private Equity,Technology & SaaS,Delhi-NCR,0.0,0.0,0.0,0.0,0.0,1.0,0.0,0.0,1.0,0
1015,13/02/2017,Better Mortgage,Consumer Internet,Mortgage Offering Platform,Gurgaon,"Kleiner Perkins, Goldman Sachs, Pine Brook",Private Equity,"1,50,00,000",,2017-02-13,15000000.0,Better Mortgage,better mortgage,0.0,0.0,0,-1.0,1,0.0,1,0,Private Equity,Consumer Internet & Media,Delhi-NCR,0.00025031289111389235,0.0,3.63414446275521e-08,0.00017390235357615433,0.00017390235357615433,3.0,0.0,1.0,1.0,0
2562,28/08/2015,BetterButter.in,online recipe sharing platform,,New Delhi,"Growx Ventures, Manish Singhal",Seed Funding,,,2015-08-28,,BetterButter.in,betterbutter,0.0,0.0,0,-1.0,1,0.0,1,0,Seed/Angel,Other,Delhi-NCR,0.00025031289111389235,0.0,9.55861469935405e-07,0.00014934135773833068,0.00014934135773833068,2.0,0.0,1.0,1.0,0
1959,16/02/2016,BetterPlace,Technology,Data analytics based Verification services Platform,Bangalore,Unitus Seed Fund,Seed Funding,"9,70,000",,2016-02-16,970000.0,BetterPlace,betterplace,0.0,0.0,0,-1.0,1,0.0,2,1,Seed/Angel,Technology & SaaS,Bengaluru,0.0,0.0,0.0,0.0,0.0,1.0,0.0,0.0,1.0,1
1237,24/11/2016,Betterplace,Consumer Internet,Background Verification Services,Bangalore,Venture Highway,Seed Funding,,,2016-11-24,,Betterplace,betterplace,970000.0,970000.0,1,282.0,0,282.0,2,1,Seed/Angel,Consumer Internet & Media,Bengaluru,0.001501877346683354,0.009489956416459439,0.0010773928670292736,0.0005817174715755811,0.0005817174715755811,1.0,0.0,1.0,1.0,1
2647,27/07/2015,Bevy,Online Hiring Platform,,Bangalore,Varun Agarwal & Others,Seed Funding,,,2015-07-27,,Bevy,bevy,0.0,0.0,0,-1.0,1,0.0,1,0,Seed/Angel,Other,Bengaluru,0.0,0.0,0.0,0.0,0.0,1.0,0.0,0.0,1.0,0
3002,07/01/2015,Bewakoof,,,,"Rohit Bansal, Kunal Bahl, Nikhil Vora",Seed Funding,,,2015-01-07,,Bewakoof,bewakoof,0.0,0.0,0,-1.0,1,0.0,1,0,Seed/Angel,Other,Tier-2/Other,0.00025031289111389235,0.0,0.00017941689575689057,0.0001301985770115292,0.0001301985770115292,3.0,0.0,1.0,1.0,1
1473,24/08/2016,Beyond Evolution,Technology,Mobile Apps & Tech Services provider,Gurgaon,"Vineet Taneja, Kamal Puri",Seed Funding,,,2016-08-24,,Beyond Evolution,beyond evolution,0.0,0.0,0,-1.0,1,0.0,1,0,Seed/Angel,Technology & SaaS,Delhi-NCR,0.0,0.0,0.0,0.0,0.0,2.0,0.0,0.0,1.0,0
1266,04/10/2016,Bharat Bazaar,eCommerce,Online B2B Marketplace,Mumbai,"BeeNext, TV Mohandas Pai, Kunal Shah, Sandeep Tandon",Seed Funding,,,2016-10-04,,Bharat Bazaar,bharat bazaar,0.0,0.0,0,-1.0,1,0.0,1,0,Seed/Angel,E-Commerce,Mumbai,0.002252816020025031,0.026666534645510814,0.01377356864908714,0.0008378082004402911,0.0008378082004402911,4.0,0.0,1.0,1.0,0
79,04/06/2019,BharatPe,Finance,FinTech,New Delhi,Insight Partners,Series B,"7,50,00,000",,2019-06-04,75000000.0,BharatPe,bharatpe,0.0,0.0,0,-1.0,1,0.0,1,0,Series B,FinTech,Delhi-NCR,0.00025031289111389235,0.0,3.63414446275521e-08,0.00017390235357615433,0.00017390235357615433,1.0,0.0,1.0,2.0,1
1921,05/02/2016,BHIVE,Real Estate,Workspace Rentals,Bangalore,"Raghunandan G, Venturesity, Arihant Patni",Seed Funding,,,2016-02-05,,BHIVE,bhive,0.0,0.0,0,-1.0,1,0.0,1,0,Seed/Angel,Other,Bengaluru,0.00025031289111389235,0.0,0.002449661454649823,0.00013147931832290823,0.00013147931832290823,3.0,0.0,1.0,1.0,0
728,06/06/2017,BHIVE Workspace,Consumer Internet,co-working spaces,Bangalore,Blume Ventures,Private Equity,"12,00,000",,2017-06-06,1200000.0,BHIVE Workspace,bhive workspace,0.0,0.0,0,-1.0,1,0.0,1,0,Private Equity,Consumer Internet & Media,Bengaluru,0.00025031289111389235,0.0,2.4573577241560827e-06,0.00014531887003520802,0.00014531887003520802,1.0,1.0,1.0,1.0,0
1715,18/05/2016,BhiveWorkspace,Reality,Co-Working Spaces,Bangalore,Blume Ventures,Private Equity,"10,00,000",,2016-05-18,1000000.0,BhiveWorkspace,bhiveworkspace,0.0,0.0,0,-1.0,1,0.0,1,0,Private Equity,Other,Bengaluru,0.00025031289111389235,0.0,2.4573577241560827e-06,0.00014531887003520802,0.00014531887003520802,1.0,1.0,1.0,1.0,0
2243,17/11/2015,BiBox,Kids Tool kit for Innovation platform,,Bangalore,Ravi Krishnamurthy,Seed Funding,"5,30,000",,2015-11-17,530000.0,BiBox,bibox,0.0,0.0,0,-1.0,1,0.0,1,0,Seed/Angel,Other,Bengaluru,0.0,0.0,0.0,0.0,0.0,1.0,0.0,0.0,1.0,0
2207,03/11/2015,Bidgely,Efficient Energy Management platform,,USA/India,"Constellation Technology Ventures (Exelon Corporation), E.ON, RWE, Khosla Ventures",Private Equity,"1,66,00,000",Series B,2015-11-03,16600000.0,Bidgely,bidgely,0.0,0.0,0,-1.0,1,0.0,1,0,Private Equity,Other,Tier-2/Other,0.0010012515644555694,0.0019344325116446817,0.004810399254406555,0.0004883207827538014,0.0004399805706295026,4.0,0.0,1.0,1.0,0
567,26/10/2017,Big Basket,eCommerce,Online Grocery portal,Bangalore,Helion Ventures Partners,Private Equity,"50,00,000",,2017-10-26,5000000.0,Big Basket,big basket,0.0,0.0,0,-1.0,1,0.0,1,0,Private Equity,E-Commerce,Bengaluru,0.0,0.0,0.0,0.0,0.0,1.0,0.0,0.0,1.0,0
1857,10/03/2016,Big Fish Ventures,Food & Beverage,premium dining lounges Chain,New Delhi,Undisclosed investors,Private Equity,"1,11,00,000",,2016-03-10,11100000.0,Big Fish Ventures,big fish ventures,0.0,0.0,0,-1.0,1,0.0,1,0,Private Equity,Food & Beverage,Delhi-NCR,0.0,0.0,0.0,0.0,0.0,1.0,0.0,0.0,1.0,0
2515,12/08/2015,BigBasket,Online & mobile Grocery store,,Bangalore,Bessemer Venture Partners,Private Equity,"5,00,00,000",Series C,2015-08-12,50000000.0,BigBasket,bigbasket,0.0,0.0,0,-1.0,1,0.0,4,1,Private Equity,Other,Bengaluru,0.0012515644555694616,0.004593992124282985,0.002924969761969057,0.0005026251490342794,0.0005026251490342794,1.0,0.0,1.0,1.0,0
1882,22/03/2016,BigBasket,eCommerce,Online Grocery Shop,Bangalore,Abraaj Group,Private Equity,"15,00,00,000",,2016-03-22,150000000.0,BigBasket,bigbasket,50000000.0,50000000.0,1,223.0,0,223.0,4,1,Private Equity,E-Commerce,Bengaluru,0.0,0.0,0.0,0.0,0.0,1.0,0.0,0.0,1.0,0
992,31/03/2017,BigBasket,ECommerce,Online Grocer,Bangalore,Trifecta Capital,Private Equity,"70,00,000",,2017-03-31,7000000.0,BigBasket,bigbasket,200000000.0,150000000.0,2,374.0,0,597.0,4,1,Private Equity,E-Commerce,Bengaluru,0.00025031289111389235,0.0,0.007851646982310443,0.00013105928853511366,0.00013105928853511366,1.0,0.0,1.0,1.0,0
351,01/02/2018,BigBasket,Consumer Internet,Online Grocery & Food Store,Bengaluru,"Alibaba, Helion Venture Partners, Bessemer Venture Partners, Ascent Capital",Private Equity,"30,00,00,000",,2018-02-01,300000000.0,BigBasket,bigbasket,207000000.0,7000000.0,3,307.0,0,904.0,4,1,Private Equity,Consumer Internet & Media,Bengaluru,0.0012515644555694616,0.004593992124282985,0.002924969761969057,0.0005026251490342794,0.00033349200776308587,4.0,0.0,1.0,1.0,0
2223,09/11/2015,BigStylist.com,Beauty and Wellness Marketplace,,Mumbai,Info Edge,Private Equity,"10,00,000",Pre-Series A,2015-11-09,1000000.0,BigStylist.com,bigstylist,0.0,0.0,0,-1.0,1,0.0,3,1,Private Equity,E-Commerce,Mumbai,0.0010012515644555694,0.0017935092775083943,0.000998637359838791,0.0004433891403006348,0.0004433891403006348,1.0,0.0,1.0,1.0,0
1350,06/09/2016,BigStylist,Consumer Internet,Hyperlocal doorstep Beauty Services provider,Mumbai,Info Edge (India) Ltd,Private Equity,"9,00,000",,2016-09-06,900000.0,BigStylist,bigstylist,1000000.0,1000000.0,1,302.0,0,302.0,3,1,Private Equity,Consumer Internet & Media,Mumbai,0.000750938673341677,0.002301083933076535,0.00011362542004131888,0.00033460530249453915,0.00033460530249453915,1.0,0.0,1.0,1.0,0
719,28/07/2017,BigStylist,Consumer Internet,Beauty Services Marketplace,Mumbai,Info Edge (India) Ltd,Private Equity,"12,50,000",,2017-07-28,1250000.0,BigStylist,bigstylist,1900000.0,900000.0,2,325.0,0,627.0,3,1,Private Equity,Consumer Internet & Media,Mumbai,0.000750938673341677,0.002301083933076535,0.00011362542004131888,0.00033460530249453915,0.00033460530249453915,1.0,0.0,1.0,1.0,0
2023,07/01/2016,Bikxie,Consumer Internet,Two Wheeler Taxi Service,Gurgaon,Undisclosed Investors,Seed Funding,,,2016-01-07,,Bikxie,bikxie,0.0,0.0,0,-1.0,1,0.0,1,0,Seed/Angel,Consumer Internet & Media,Delhi-NCR,0.0,0.0,0.0,0.0,0.0,1.0,0.0,0.0,1.0,0
2930,30/03/2015,BillDesk,,,,TA Associates,Private Equity,"7,50,00,000",Incremental Capital,2015-03-30,75000000.0,BillDesk,billdesk,0.0,0.0,0,-1.0,1,0.0,1,0,Private Equity,Other,Tier-2/Other,0.0,0.0,0.0,0.0,0.0,1.0,0.0,0.0,1.0,0
678,01/07/2017,Billion Loans,Consumer Internet,Peer to Peer Lending platform,Bangalore,Reliance Corporate Advisory Services Ltd,Seed Funding,"10,00,000",,2017-07-01,1000000.0,Billion Loans,billion loans,0.0,0.0,0,-1.0,1,0.0,1,0,Seed/Angel,Consumer Internet & Media,Bengaluru,0.0012515644555694616,0.004638772999889398,7.508484863299938e-05,0.0005537048140257201,0.0005537048140257201,1.0,0.0,1.0,1.0,0
98,31/05/2019,Bira91,Food and Beverage,Brewery,New Delhi,Sixth Sense Ventures,Series B,"56,00,000",,2019-05-31,5600000.0,Bira91,bira91,0.0,0.0,0,-1.0,1,0.0,2,1,Series B,Food & Beverage,Delhi-NCR,0.002753441802252816,0.028204996195751897,0.0041782685465482075,0.0010610833567829554,0.0010610833567829554,1.0,0.0,1.0,1.0,0
76,04/06/2019,Bira91,Food and Beverage,Brewery,New Delhi,Anicut Capital,Debt Funding,"1,00,00,000",,2019-06-04,10000000.0,Bira91,bira91,5600000.0,5600000.0,1,4.0,0,4.0,2,1,Debt,Food & Beverage,Delhi-NCR,0.0,0.0,0.0,0.0,0.0,1.0,0.0,0.0,1.0,0
1661,30/06/2016,Biryani Blues,Food & Beverage,QSR Chain,Gurgaon,Carpediem Capital & Others,Private Equity,"3,68,000",,2016-06-30,368000.0,Biryani Blues,biryani blues,0.0,0.0,0,-1.0,1,0.0,1,0,Private Equity,Food & Beverage,Delhi-NCR,0.0,0.0,0.0,0.0,0.0,1.0,0.0,0.0,1.0,0
1040,27/02/2017,Biryani By Kilo,Consumer Internet,Online Food Ordering & Delivery Portal,Gurgaon,"Chandigarh Angels, Ashish Gupta, Rohit, Ashish Chand, Sunil Singh & Others",Seed Funding,"3,75,000",,2017-02-27,375000.0,Biryani By Kilo,biryani by kilo,0.0,0.0,0,-1.0,1,0.0,2,1,Seed/Angel,Consumer Internet & Media,Delhi-NCR,0.00025031289111389235,0.0,0.0013162790414074882,0.00016435886649189237,0.00014093485077213547,5.0,0.0,1.0,1.0,0
191,02/07/2018,Biryani By Kilo,Consumer Internet,Online Food Delivery,Gurugram,Ajay Relan and Vinay Mittal,Seed/ Angel Funding,"10,00,000",,2018-07-02,1000000.0,Biryani By Kilo,biryani by kilo,375000.0,375000.0,1,490.0,0,490.0,2,1,Seed/Angel,Consumer Internet & Media,Delhi-NCR,0.0,0.0,0.0,0.0,0.0,1.0,0.0,0.0,1.0,0
2882,09/03/2015,Bite Club,,,,"Powai Lake Ventures, Aneesh Reddy, Ashish Kashyap, Alok Mittal",Seed Funding,"5,00,000",,2015-03-09,500000.0,Bite Club,bite club,0.0,0.0,0,-1.0,1,0.0,1,0,Seed/Angel,Other,Tier-2/Other,0.00025031289111389235,0.0,4.394794002777538e-05,0.00014601611540953334,0.00014601611540953334,4.0,0.0,1.0,1.0,0
2111,01/12/2015,Biteclub,Gourmet Food Discovery & Delivery platform,,Gurgaon,growX ventures,Private Equity,,Pre-Series A,2015-12-01,,Biteclub,biteclub,0.0,0.0,0,-1.0,1,0.0,1,0,Private Equity,Logistics & Mobility,Delhi-NCR,0.00025031289111389235,0.0,9.55861469935405e-07,0.00014934135773833068,0.00014934135773833068,1.0,0.0,1.0,1.0,0
2098,29/01/2016,BitGiving,Consumer Internet,Crowd Funding Platform,New Delhi,"Harminder Sahni, Krishna Mehra, Sanjay Bakshi",Seed Funding,,,2016-01-29,,BitGiving,bitgiving,0.0,0.0,0,-1.0,1,0.0,1,0,Seed/Angel,Consumer Internet & Media,Delhi-NCR,0.0,0.0,0.0,0.0,0.0,3.0,0.0,0.0,1.0,0
220,26/07/2018,Bitla Software,Technology,Travel-Focused Tech Startup,Bengaluru,MakeMyTrip,Private Equity,,,2018-07-26,,Bitla Software,bitla software,0.0,0.0,0,-1.0,1,0.0,1,0,Private Equity,Technology & SaaS,Bengaluru,0.0,0.0,0.0,0.0,0.0,1.0,0.0,0.0,1.0,0
87,06/06/2019,Biz2Credit,FinTech,Online Lending Platform,New York,WestBridge Capital,Series B,"5,20,00,000",,2019-06-06,52000000.0,Biz2Credit,biz2credit,0.0,0.0,0,-1.0,1,0.0,1,0,Series B,FinTech,Tier-2/Other,0.0010012515644555694,0.00867406961898059,0.00886588136901027,0.00040932607440713595,0.00040932607440713595,1.0,0.0,1.0,1.0,0
974,24/03/2017,Bizom,Technology,supply chain automation platform,Bangalore,Ojas Ventures,Seed Funding,"3,82,000",,2017-03-24,382000.0,Bizom,bizom,0.0,0.0,0,-1.0,1,0.0,1,0,Seed/Angel,Technology & SaaS,Bengaluru,0.0,0.0,0.0,0.0,0.0,1.0,0.0,0.0,1.0,0
2327,12/10/2015,Bizongo,B2B marketplace for industrial goods,,Mumbai,Accel Partners,Seed Funding,,,2015-10-12,,Bizongo,bizongo,0.0,0.0,0,-1.0,1,0.0,3,1,Seed/Angel,E-Commerce,Mumbai,0.0025031289111389233,0.03180691231866443,0.01397423501569189,0.0009597977221441899,0.0009597977221441899,1.0,1.0,1.0,3.0,1
1202,05/11/2016,Bizongo,eCommerce,Packaging Material Marketplace,Mumbai,"IDG Ventures, Accel Partners",Private Equity,"30,00,000",,2016-11-05,3000000.0,Bizongo,bizongo,0.0,0.0,1,390.0,0,390.0,3,1,Private Equity,E-Commerce,Mumbai,0.0025031289111389233,0.03180691231866443,0.01397423501569189,0.0009597977221441899,0.0009597977221441899,2.0,1.0,1.0,3.0,1
259,02/05/2018,Bizongo,Consumer Internet,Aggregator For Packaging Material,Mumbai,"B Capital, International Finance Corporation (IFC), Accel Partners and IDG Ventures",Private Equity,"2,20,00,000",,2018-05-02,22000000.0,Bizongo,bizongo,3000000.0,3000000.0,2,543.0,0,933.0,3,1,Private Equity,Consumer Internet & Media,Mumbai,0.0025031289111389233,0.03180691231866443,0.01397423501569189,0.0009597977221441899,0.00043031680157209785,3.0,1.0,1.0,3.0,1
216,25/07/2018,Black Soil,Finance,Non-Banking Financial Company,Mumbai,"Allcargo Logistics, Navneet Education and Mahavir Agency",Private Equity,"1,70,00,000",,2018-07-25,17000000.0,Black Soil,black soil,0.0,0.0,0,-1.0,1,0.0,1,0,Private Equity,FinTech,Mumbai,0.0005006257822277847,1.880166933754825e-06,1.1485037079620512e-06,0.00026793306009822364,0.00026793306009822364,2.0,0.0,1.0,1.0,0
2190,24/12/2015,Black White Orange,B2B Merchandize platform,,Mumbai,Collaborative Licensing Ventures LLP,Seed Funding,"3,03,000",,2015-12-24,303000.0,Black White Orange,black white orange,0.0,0.0,0,-1.0,1,0.0,1,0,Seed/Angel,Other,Mumbai,0.0,0.0,0.0,0.0,0.0,1.0,0.0,0.0,1.0,0
2110,01/12/2015,Black White Orange Brands,Brand Licensing Startup,,Mumbai,YouWeCan Ventures,Seed Funding,,,2015-12-01,,Black White Orange Brands,black white orange brands,0.0,0.0,0,-1.0,1,0.0,1,0,Seed/Angel,Other,Mumbai,0.0,0.0,0.0,0.0,0.0,1.0,0.0,0.0,1.0,0
2141,10/12/2015,BlackBuck,Online Freight Services Aggregator,,Bangalore,"Tiger Global Management, Yuri Milner, Apoletto, Accel Partners, Flipkart",Private Equity,"2,50,00,000",Series B,2015-12-10,25000000.0,BlackBuck,blackbuck,0.0,0.0,0,-1.0,1,0.0,6,1,Private Equity,Logistics & Mobility,Bengaluru,0.005006257822277847,0.07287536754319783,0.18527724887454788,0.0017164247516392465,0.000936506978235451,5.0,1.0,1.0,3.0,1
1043,28/02/2017,Blackbuck,Logistics,Online freight aggregator,Bangalore,"Sands Capital, IFC, Accel Partners, Flipkart, Sanjiv Rangrass",Private Equity,"7,00,00,000",,2017-02-28,70000000.0,Blackbuck,blackbuck,25000000.0,25000000.0,1,446.0,0,446.0,6,1,Private Equity,Logistics & Mobility,Bengaluru,0.0025031289111389233,0.03180691231866443,0.01397423501569189,0.0009597977221441899,0.00041107034162362856,5.0,1.0,1.0,3.0,1
554,18/10/2017,BlackBuck,Logistics,B2B Logistics provider,Bangalore,Innoven Capital,Private Equity,"77,00,000",,2017-10-18,7700000.0,BlackBuck,blackbuck,95000000.0,70000000.0,2,232.0,0,678.0,6,1,Private Equity,Logistics & Mobility,Bengaluru,0.001501877346683354,0.014143283023837369,0.031913120524109655,0.0005258266880856241,0.0005258266880856241,1.0,0.0,1.0,3.0,1
150,12/10/2018,Blackbuck,Logistics Tech,Largest Trucking Platform,Bengaluru,Sequoia Capital India,Private Funding,"1,46,80,000",,2018-10-12,14680000.0,Blackbuck,blackbuck,102700000.0,7700000.0,3,359.0,0,1037.0,6,1,Other/Undisclosed,Logistics & Mobility,Bengaluru,0.004005006257822278,0.059859204892582674,0.09566198113272546,0.001413958516141685,0.001413958516141685,1.0,1.0,1.0,3.0,1
132,12/11/2018,Blackbuck,Food Tech,POS For Online Ordering,"New York, Bengaluru",Tiger Global,Series A,"10,00,000",,2018-11-12,1000000.0,Blackbuck,blackbuck,117380000.0,14680000.0,4,31.0,0,1068.0,6,1,Series A,Food & Beverage,Bengaluru,0.005006257822277847,0.07287536754319783,0.18527724887454788,0.0017164247516392465,0.0017164247516392465,1.0,1.0,1.0,3.0,1
93,01/05/2019,BlackBuck,Transport,Logistics,Bengaluru,"Goldman Sachs Investment Partners and Silicon Valley-based Accel, Wellington, Sequoia Capital, B Capital, LightStreet, Sands Capital and International Finance Corporation,",Series D,"15,00,00,000",,2019-05-01,150000000.0,BlackBuck,blackbuck,118380000.0,1000000.0,5,170.0,0,1238.0,6,1,Late Stage (C+),Logistics & Mobility,Bengaluru,0.004005006257822278,0.059859204892582674,0.09566198113272546,0.001413958516141685,0.0005596186599209619,6.0,1.0,1.0,3.0,1
1710,17/05/2016,Blinge,eCommerce,Apparel Rental platform,Mumbai,"Anupam Mittal, Anuj Srivastava, Ankit Nagori",Seed Funding,,,2016-05-17,,Blinge,blinge,0.0,0.0,0,-1.0,1,0.0,1,0,Seed/Angel,E-Commerce,Mumbai,0.0,0.0,0.0,0.0,0.0,3.0,0.0,0.0,1.0,0
1653,28/06/2016,BlogBeats,Consumer Internet,Online Blogging Platform,Bangalore,Undisclosed Investor,Seed Funding,,,2016-06-28,,BlogBeats,blogbeats,0.0,0.0,0,-1.0,1,0.0,1,0,Seed/Angel,Consumer Internet & Media,Bengaluru,0.0,0.0,0.0,0.0,0.0,1.0,0.0,0.0,1.0,0
1032,18/02/2017,Blood n Care,Consumer Internet,First Aid care app,Gurgaon,Facebook FBStart,Seed Funding,"40,000",,2017-02-18,40000.0,Blood n Care,blood n care,0.0,0.0,0,-1.0,1,0.0,1,0,Seed/Angel,Consumer Internet & Media,Delhi-NCR,0.0,0.0,0.0,0.0,0.0,1.0,0.0,0.0,1.0,0
948,07/03/2017,Blowhorn,Consumer Internet,Intra-City Logistics provider,Bangalore,"IDG Ventures India, Michael & Susan Dell Foundation, Draper Associates, Unitus Seed Fund",Private Equity,"36,50,000",,2017-03-07,3650000.0,Blowhorn,blowhorn,0.0,0.0,0,-1.0,1,0.0,1,0,Private Equity,Consumer Internet & Media,Bengaluru,0.00025031289111389235,0.0,3.2098515767934743e-06,0.00015208866881212692,0.00015208866881212692,4.0,0.0,1.0,1.0,0
2395,04/09/2015,Blubox,ECommerce Brands\\xe2\\x80\\x99 Full Service Agency,,Mumbai,Ashish Jhalani,Seed Funding,"1,00,000",,2015-09-04,100000.0,Blubox,blubox,0.0,0.0,0,-1.0,1,0.0,1,0,Seed/Angel,E-Commerce,Mumbai,0.0,0.0,0.0,0.0,0.0,1.0,0.0,0.0,1.0,0
1775,15/04/2016,Blue Box Media,Consumer Internet,Online Tech Portals,Jaipur,"Mahavir Pratap Sharma, Ajay Data, Yogesh Chaudhary, Sanjay Phophaliya, Siddharth Agarwal, Kamal Kothari",Seed Funding,,,2016-04-15,,Blue Box Media,blue box media,0.0,0.0,0,-1.0,1,0.0,1,0,Seed/Angel,Consumer Internet & Media,Jaipur,0.0,0.0,0.0,0.0,0.0,6.0,0.0,0.0,1.0,0
1905,01/02/2016,Blue Tokai Coffee,ECommerce,Specialty Coffee Etailer,New Delhi,Snow Leopard Technology Ventures,Seed Funding,,,2016-02-01,,Blue Tokai Coffee,blue tokai coffee,0.0,0.0,0,-1.0,1,0.0,1,0,Seed/Angel,E-Commerce,Delhi-NCR,0.0,0.0,0.0,0.0,0.0,1.0,0.0,0.0,1.0,0
2165,16/12/2015,Bluebirch,End to End reverse logistics Solution platform,,Bangalore,"Chicago Capital Ventures, Sanjay Mehta, Others",Seed Funding,"20,00,000",,2015-12-16,2000000.0,Bluebirch,bluebirch,0.0,0.0,0,-1.0,1,0.0,1,0,Seed/Angel,Logistics & Mobility,Bengaluru,0.0,0.0,0.0,0.0,0.0,3.0,0.0,0.0,1.0,0
2812,04/04/2015,Bluegape,Web Content Publishing,,Gurgaon,"Rudy Gopalakrishnan, ah! Ventures",Seed Funding,"2,00,000",,2015-04-04,200000.0,Bluegape,bluegape,0.0,0.0,0,-1.0,1,0.0,2,1,Seed/Angel,Other,Delhi-NCR,0.0012515644555694616,0.0034676545481551486,0.00024930596051947864,0.0005595823330734198,0.0005595823330734198,2.0,0.0,1.0,1.0,0
2545,20/08/2015,Bluegape.com,Visual Blogging platform,,New Delhi,"ah! Ventures, Times Internet, Rudy Gopalakrishnan",Seed Funding,"6,00,000",,2015-08-20,600000.0,Bluegape.com,bluegape,200000.0,200000.0,1,138.0,0,138.0,2,1,Seed/Angel,Other,Delhi-NCR,0.0012515644555694616,0.0034676545481551486,0.00024930596051947864,0.0005595823330734198,0.0005595823330734198,3.0,0.0,1.0,1.0,0
1550,18/07/2016,BlueStone,eCommerce,Jewellery Etailer,Mumbai,"IIFL and Accel Partners, Kalaari Capital, IvyCap Ventures, RB Investments",Private Equity,"3,00,00,000",,2016-07-18,30000000.0,BlueStone,bluestone,0.0,0.0,0,-1.0,1,0.0,1,0,Private Equity,E-Commerce,Mumbai,0.0025031289111389233,0.03180691231866443,0.01397423501569189,0.0010197165577911919,0.0008020864524624481,4.0,1.0,1.0,1.0,0
74,08/07/2019,Board Infinity,EdTech,Full-stack career platform,Chembur,Multiple Angel Investors,Angel Round,"3,19,605",,2019-07-08,319605.0,Board Infinity,board infinity,0.0,0.0,0,-1.0,1,0.0,1,0,Seed/Angel,EdTech,Tier-2/Other,0.000750938673341677,2.0055113960051465e-06,5.212874231067168e-07,0.00039636782498119144,0.00039636782498119144,1.0,0.0,1.0,1.0,0
2213,05/11/2015,Bobble,Selfie Mobile App,,New Delhi,SAIF Partners & others,Private Equity,,Series A,2015-11-05,,Bobble,bobble,0.0,0.0,0,-1.0,1,0.0,1,0,Private Equity,Other,Delhi-NCR,0.000750938673341677,0.0042731615220654,0.0014112094183159625,0.00029227224578136433,0.00029227224578136433,1.0,1.0,1.0,1.0,0
1669,03/05/2016,BoiBanit,Consumer Internet,Online Food Delivery platform,Vadodara,Undisclosed investors,Seed Funding,,,2016-05-03,,BoiBanit,boibanit,0.0,0.0,0,-1.0,1,0.0,1,0,Seed/Angel,Consumer Internet & Media,Tier-2/Other,0.0,0.0,0.0,0.0,0.0,1.0,0.0,0.0,1.0,0
1969,17/02/2016,Bollant Industries,Technology,Eco-friendly consumer & packaging products,Hyderabad,Ratan Tata,Private Equity,,,2016-02-17,,Bollant Industries,bollant industries,0.0,0.0,0,-1.0,1,0.0,1,0,Private Equity,Technology & SaaS,Hyderabad,0.0,0.0,0.0,0.0,0.0,1.0,0.0,0.0,1.0,0
85,10/06/2019,Bolo App,Digital Media,Video Platform,Bengaluru,Nexus Venture Partners,Seed Funding,"4,30,200",,2019-06-10,430200.0,Bolo App,bolo app,0.0,0.0,0,-1.0,1,0.0,1,0,Seed/Angel,Consumer Internet & Media,Bengaluru,0.00025031289111389235,0.0,0.004643633114189387,0.00012013188825083282,0.00012013188825083282,1.0,1.0,1.0,1.0,0
2340,16/10/2015,BolRealty,Real Estate Insights platform,,New Delhi,Manpreet Singh,Seed Funding,,,2015-10-16,,BolRealty,bolrealty,0.0,0.0,0,-1.0,1,0.0,1,0,Seed/Angel,Other,Delhi-NCR,0.0,0.0,0.0,0.0,0.0,1.0,0.0,0.0,1.0,0
1435,10/08/2016,Bombay Shaving Company,eCommerce,Men\\xe2\\x80\\x99s Grooming Product etailer,New Delhi,"Noshir Kaka, Subramanian Ramadorai, Kiran Deshpande, Pankaj Gupta, Ravi Nigam & Others",Seed Funding,"6,00,000",,2016-08-10,600000.0,Bombay Shaving Company,bombay shaving company,0.0,0.0,0,-1.0,1,0.0,2,1,Seed/Angel,E-Commerce,Delhi-NCR,0.0012515644555694616,0.004638772999889398,7.508484863299938e-05,0.0005537048140257201,0.0005537048140257201,5.0,0.0,1.0,4.0,1
666,23/08/2017,Bombay Shaving Company,eCommerce,Men Grooming product etailer,New Delhi,Fireside Ventures,Private Equity,"23,00,000",,2017-08-23,2300000.0,Bombay Shaving Company,bombay shaving company,600000.0,600000.0,1,378.0,0,378.0,2,1,Private Equity,E-Commerce,Delhi-NCR,0.0005006257822277847,3.7603338675096497e-07,9.534617301620764e-08,0.0003074012149302045,0.0003074012149302045,1.0,0.0,1.0,4.0,1
1600,13/06/2016,Bombay Shirt Company,eCommerce,Online custom Shirt retailer,Mumbai,undisclosed investor,Private Equity,"10,00,000",,2016-06-13,1000000.0,Bombay Shirt Company,bombay shirt company,0.0,0.0,0,-1.0,1,0.0,1,0,Private Equity,E-Commerce,Mumbai,0.0,0.0,0.0,0.0,0.0,1.0,0.0,0.0,1.0,0
2666,31/07/2015,Bona Vita,Travel Tech,,Gurgaon,MakeMyTrip,Private Equity,"50,00,000",Strategic Investment,2015-07-31,5000000.0,Bona Vita,bona vita,0.0,0.0,0,-1.0,1,0.0,1,0,Private Equity,Other,Delhi-NCR,0.0,0.0,0.0,0.0,0.0,1.0,0.0,0.0,1.0,0
2823,09/04/2015,Bonhomia,Premium Beverages,,New Delhi,"Kanwaljit Singh, Shripad Nadkarni, Sarvesh Shahra & Others",Seed Funding,"20,00,000",,2015-04-09,2000000.0,Bonhomia,bonhomia,0.0,0.0,0,-1.0,1,0.0,3,1,Seed/Angel,Food & Beverage,Delhi-NCR,0.0,0.0,0.0,0.0,0.0,3.0,0.0,0.0,1.0,0
1947,12/02/2016,Bonhomia,Food & Beverage,premium Tea and Coffee,New Delhi,"Alok Rawat, Grey Orange Robotics",Seed Funding,"10,00,000",,2016-02-12,1000000.0,Bonhomia,bonhomia,2000000.0,2000000.0,1,309.0,0,309.0,3,1,Seed/Angel,Food & Beverage,Delhi-NCR,0.0,0.0,0.0,0.0,0.0,2.0,0.0,0.0,1.0,0
1603,14/06/2016,Bonhomia,Food & Beverage,Premium Tea & Coffee Capsules maker,New Delhi,Valpro Capital and existing investors,Private Equity,,,2016-06-14,,Bonhomia,bonhomia,3000000.0,1000000.0,2,123.0,0,432.0,3,1,Private Equity,Food & Beverage,Delhi-NCR,0.00025031289111389235,0.0,2.2213171803151287e-05,0.00015045598431541468,0.00015045598431541468,1.0,0.0,1.0,1.0,0
273,24/05/2018,Bonphulapl,Clean-tech,Oxygen Optimiser Manufacturer,Delhi,Atul Gupta and Saurabh Rastogi,Seed/ Angel Funding,"2,93,000",,2018-05-24,293000.0,Bonphulapl,bonphulapl,0.0,0.0,0,-1.0,1,0.0,1,0,Seed/Angel,Other,Delhi-NCR,0.0,0.0,0.0,0.0,0.0,1.0,0.0,0.0,1.0,0
816,11/05/2017,Book My Diamond,eCommerce,Diamond B2B eTailer,Mumbai,Chirag Nikunj Sheth & Others,Seed Funding,,,2017-05-11,,Book My Diamond,book my diamond,0.0,0.0,0,-1.0,1,0.0,1,0,Seed/Angel,E-Commerce,Mumbai,0.0,0.0,0.0,0.0,0.0,1.0,0.0,0.0,1.0,0
208,19/07/2018,Book My Show,Consumer Internet,Online Ticketing Platform,Mumbai,"TPG Growth, The Rise Fund & Others",Private Equity,"10,00,00,000",,2018-07-19,100000000.0,Book My Show,book my show,0.0,0.0,0,-1.0,1,0.0,1,0,Private Equity,Consumer Internet & Media,Mumbai,0.0005006257822277847,0.001577460057420298,0.0007500960949444108,0.0002312924162741266,0.00020259738492514048,2.0,0.0,1.0,1.0,0
947,07/03/2017,Book Servicing,Consumer Internet,Online Vehicle Services Booking platform,New Delhi,National Science and Technology Entrepreneurship Development Board,Seed Funding,"30,000",,2017-03-07,30000.0,Book Servicing,book servicing,0.0,0.0,0,-1.0,1,0.0,1,0,Seed/Angel,Consumer Internet & Media,Delhi-NCR,0.0,0.0,0.0,0.0,0.0,1.0,0.0,0.0,1.0,0
2161,15/12/2015,BookEventz,Event Venue Booking Platform,,Mumbai,"Mumbai Angels, Singapore Angel Network, Zishaan Hayath",Seed Funding,,,2015-12-15,,BookEventz,bookeventz,0.0,0.0,0,-1.0,1,0.0,3,1,Seed/Angel,Other,Mumbai,0.0017521902377972466,0.010975312042205362,0.00961306277325317,0.0007274642447918312,0.0004368235612395788,3.0,0.0,1.0,1.0,0
1129,07/12/2016,BookEventz,Consumer Internet,"Venue, Events Booking platform",Mumbai,Investors from Mumbai Angels & LetsVenture,Seed Funding,,,2016-12-07,,BookEventz,bookeventz,0.0,0.0,1,358.0,0,358.0,3,1,Seed/Angel,Consumer Internet & Media,Mumbai,0.00025031289111389235,0.0,0.0014541392121809268,0.00013664812728624517,0.00013664812728624517,1.0,0.0,1.0,1.0,0
1183,28/12/2016,BookEventz,Consumer Internet,Online event-booking platform,Mumbai,"Lead Angels, Mumbai Angels, LetsVenture, Girish Mathrubootham, Anbu Pandian",Seed Funding,,,2016-12-28,,BookEventz,bookeventz,0.0,0.0,2,21.0,0,379.0,3,1,Seed/Angel,Consumer Internet & Media,Mumbai,0.0017521902377972466,0.010975312042205362,0.05549185359678784,0.0007274642447918312,0.0004495367575134009,5.0,0.0,1.0,1.0,0
2548,24/08/2015,BookMeIn,Professional Service Appointment booking service,,Mumbai,Ajmera Group of Companies,Seed Funding,"4,00,000",,2015-08-24,400000.0,BookMeIn,bookmein,0.0,0.0,0,-1.0,1,0.0,1,0,Seed/Angel,Other,Mumbai,0.0,0.0,0.0,0.0,0.0,1.0,0.0,0.0,1.0,0
2211,05/11/2015,BookMyBai,Domestic Help Aggregation platform,,Mumbai,Vineel Nalla & Others,Seed Funding,"1,50,000",,2015-11-05,150000.0,BookMyBai,bookmybai,0.0,0.0,0,-1.0,1,0.0,1,0,Seed/Angel,Other,Mumbai,0.0,0.0,0.0,0.0,0.0,1.0,0.0,0.0,1.0,0
1512,05/07/2016,BookMyShow,Consumer Internet,Event & Movie Ticketing platform,Mumbai,"Stripes Group, Network 18, Accel Partners, SAIF Partners",Private Equity,"8,20,00,000",,2016-07-05,82000000.0,BookMyShow,bookmyshow,0.0,0.0,0,-1.0,1,0.0,1,0,Private Equity,Consumer Internet & Media,Mumbai,0.0025031289111389233,0.03180691231866443,0.01397423501569189,0.0009597977221441899,0.00047023424738896314,4.0,1.0,1.0,1.0,0
694,12/07/2017,Bottr.me,Technology,Chatbot creation tool,Bangalore,"500 Startups, Purvi Capital, Rajan Anandan, Abhishek Gupta",Seed Funding,,,2017-07-12,,Bottr.me,bottr.me,0.0,0.0,0,-1.0,1,0.0,1,0,Seed/Angel,Technology & SaaS,Bengaluru,0.0,0.0,0.0,0.0,0.0,4.0,0.0,0.0,1.0,0
2337,15/10/2015,Bounty App,Online Purchase rewards app,,Bangalore,"Fireside Ventures, Mumbai Angels MAPE Advisory Group.",Seed Funding,,,2015-10-15,,Bounty App,bounty app,0.0,0.0,0,-1.0,1,0.0,1,0,Seed/Angel,Other,Bengaluru,0.0017521902377972466,0.010975312042205362,0.00961306277325317,0.0007274642447918312,0.0005174327298610178,2.0,0.0,1.0,1.0,0
644,04/08/2017,Box My Space,Logistics,Warehouse Aggregator,Mumbai,"R. Jayakumar, Vaibhav Vohra, Aditya Vazirani, Rhea Vazirani, AVN Business Solutions, Dreamweaver Investments",Seed Funding,,,2017-08-04,,Box My Space,box my space,0.0,0.0,0,-1.0,1,0.0,1,0,Seed/Angel,Logistics & Mobility,Mumbai,0.00025031289111389235,0.0,5.005742896119195e-07,0.00015863277424133518,0.00015863277424133518,6.0,0.0,1.0,1.0,0
2766,07/05/2015,Box8,Online Food Delivery,,Mumbai,Mayfield Ventures,Private Equity,"35,00,000",Series A,2015-05-07,3500000.0,Box8,box8,0.0,0.0,0,-1.0,1,0.0,3,1,Private Equity,Logistics & Mobility,Mumbai,0.0,0.0,0.0,0.0,0.0,1.0,0.0,0.0,2.0,1
1322,24/10/2016,Box8,Consumer Internet,Online Food Ordering platform/App,Mumbai,"IIFL Seed Ventures Fund, Mayfield Ventures",Private Equity,"75,00,000",,2016-10-24,7500000.0,Box8,box8,3500000.0,3500000.0,1,536.0,0,536.0,3,1,Private Equity,Consumer Internet & Media,Mumbai,0.000750938673341677,0.0063889904690958834,0.000686504670154921,0.00031160091326542486,0.00031160091326542486,2.0,0.0,1.0,2.0,1
840,23/05/2017,Box8,Consumer Internet,Food Delivery Platform,Mumbai,Trifecta Capital,Private Equity,"10,00,000",,2017-05-23,1000000.0,Box8,box8,11000000.0,7500000.0,2,211.0,0,747.0,3,1,Private Equity,Consumer Internet & Media,Mumbai,0.00025031289111389235,0.0,0.007851646982310443,0.00013105928853511366,0.00013105928853511366,1.0,0.0,1.0,2.0,1
2615,14/07/2015,Boxmyspace,Physical Storage warehouses,,Mumbai,"Ritesh Veera, Singapore Angel Network, Orios Venture Partners,",Seed Funding,"3,00,000",,2015-07-14,300000.0,Boxmyspace,boxmyspace,0.0,0.0,0,-1.0,1,0.0,1,0,Seed/Angel,Other,Mumbai,0.0005006257822277847,0.001577460057420298,0.0006611364960252393,0.00023911949570192242,0.00019265118669462442,3.0,0.0,1.0,1.0,0
742,12/06/2017,Boxx.ai,Technology,Artificial Intelligence,Bangalore,"Unicorn India Ventures, Venky Krishnakumar, Suresh Shankar, Vivek Bhargava",Private Equity,"5,00,000",,2017-06-12,500000.0,Boxx.ai,boxx.ai,0.0,0.0,0,-1.0,1,0.0,1,0,Private Equity,Technology & SaaS,Bengaluru,0.00025031289111389235,0.0,3.9377968408257e-06,0.0001475271348715769,0.0001475271348715769,4.0,0.0,1.0,1.0,0
708,21/07/2017,Brick2Wall,eCommerce,Online Marketplace for Construction Material,Gurgaon,"Subramani Somasundaram, Sundeep Sahni, Mayank Mittal & Others",Seed Funding,"2,00,000",,2017-07-21,200000.0,Brick2Wall,brick2wall,0.0,0.0,0,-1.0,1,0.0,1,0,Seed/Angel,E-Commerce,Delhi-NCR,0.0,0.0,0.0,0.0,0.0,3.0,0.0,0.0,1.0,0
1565,01/06/2016,BRIDGEi2I,Technology,Data Analytics Platform,Bangalore,Edelweiss Private Equity,Private Equity,,,2016-06-01,,BRIDGEi2I,bridgei2i,0.0,0.0,0,-1.0,1,0.0,1,0,Private Equity,Technology & SaaS,Bengaluru,0.00025031289111389235,0.0,0.00011501179015951749,0.00012662338701867522,0.00012662338701867522,1.0,0.0,1.0,1.0,0
2464,29/09/2015,Brigge,Activity Based Social Network,,Chennai,The Chennai Angels,Seed Funding,,,2015-09-29,,Brigge,brigge,0.0,0.0,0,-1.0,1,0.0,1,0,Seed/Angel,Other,Chennai,0.000750938673341677,0.002207942702539416,0.0012113159830875644,0.0003491956708925769,0.0003491956708925769,1.0,0.0,1.0,1.0,0
2432,18/09/2015,Briston Technomach,Internet of Things platform,,New Delhi,Undisclosed,Seed Funding,"1,50,000",,2015-09-18,150000.0,Briston Technomach,briston technomach,0.0,0.0,0,-1.0,1,0.0,1,0,Seed/Angel,Other,Delhi-NCR,0.00025031289111389235,0.0,1.54413417595609e-07,0.00016435886649189237,0.00016435886649189237,1.0,0.0,1.0,1.0,0
2289,30/11/2015,Bro4U,Hyperlocal Online Home services provider,,Bangalore,Sargod Ventures,Seed Funding,,,2015-11-30,,Bro4U,bro4u,0.0,0.0,0,-1.0,1,0.0,1,0,Seed/Angel,Other,Bengaluru,0.0,0.0,0.0,0.0,0.0,1.0,0.0,0.0,1.0,0
2641,24/07/2015,BroEx,Real Estate Broker network App,,Gurgaon,Lightspeed India,Private Equity,"10,00,000",Bridge round,2015-07-24,1000000.0,BroEx,broex,0.0,0.0,0,-1.0,1,0.0,1,0,Private Equity,Other,Delhi-NCR,0.000750938673341677,0.002140516295368845,0.0010745970944144054,0.0003368274814566413,0.0003368274814566413,1.0,1.0,1.0,1.0,0
1796,20/04/2016,Broomberg,Consumer Internet,Cleaning Services Provider,New Delhi,Undisclosed Angel investors & HNIs,Seed Funding,,,2016-04-20,,Broomberg,broomberg,0.0,0.0,0,-1.0,1,0.0,1,0,Seed/Angel,Consumer Internet & Media,Delhi-NCR,0.00025031289111389235,0.0,1.54413417595609e-07,0.00016435886649189237,0.00016435886649189237,1.0,0.0,1.0,1.0,0
1196,04/11/2016,Browntape,Technology,cloud-based software solutions company,Goa,Gati Ltd,Private Equity,,,2016-11-04,,Browntape,browntape,0.0,0.0,0,-1.0,1,0.0,1,0,Private Equity,Technology & SaaS,Tier-2/Other,0.0,0.0,0.0,0.0,0.0,1.0,0.0,0.0,1.0,0
424,30/01/2018,BrowserStack,Technology,Browser Testing,Mumbai,Accel Partners,Private Equity,"5,00,00,000",,2018-01-30,50000000.0,BrowserStack,browserstack,0.0,0.0,0,-1.0,1,0.0,1,0,Private Equity,Technology & SaaS,Mumbai,0.0025031289111389233,0.03180691231866443,0.01397423501569189,0.0009597977221441899,0.0009597977221441899,1.0,1.0,1.0,2.0,1
2044,13/01/2016,Bucker,Consumer Internet,Food Ordering Mobile App,Hyderabad,"50k Ventures, Munish Jauhar, Pulkit Jain, Rohit Narang",Seed Funding,,,2016-01-13,,Bucker,bucker,0.0,0.0,0,-1.0,1,0.0,1,0,Seed/Angel,Consumer Internet & Media,Hyderabad,0.0,0.0,0.0,0.0,0.0,4.0,0.0,0.0,1.0,0
1956,15/02/2016,Buddy,Finance,Micro Lending Platform for eCommerce purchases,Bangalore,"Blume Ventures,\\xc2\\xa0 Tracxn Labs",Seed Funding,"5,00,000",,2016-02-15,500000.0,Buddy,buddy,0.0,0.0,0,-1.0,1,0.0,1,0,Seed/Angel,FinTech,Bengaluru,0.00025031289111389235,0.0,2.4573577241560827e-06,0.00014531887003520802,0.00014531887003520802,2.0,1.0,1.0,1.0,0
317,01/03/2018,Buddy4studdy,Consumer Internet,Online Scholarship Portal,Noida,CBA Capital and others,Private Equity,"30,00,000",,2018-03-01,3000000.0,Buddy4studdy,buddy4studdy,0.0,0.0,0,-1.0,1,0.0,1,0,Private Equity,Consumer Internet & Media,Delhi-NCR,0.00025031289111389235,0.0,2.2213171803151287e-05,0.00015045598431541468,0.00015045598431541468,1.0,0.0,1.0,1.0,0
2429,17/09/2015,Bueno,Online Food ordering & delivery,,Gurgaon,High Networth Individuals (No details),Seed Funding,"6,00,000",,2015-09-17,600000.0,Bueno,bueno,0.0,0.0,0,-1.0,1,0.0,1,0,Seed/Angel,Logistics & Mobility,Delhi-NCR,0.0,0.0,0.0,0.0,0.0,1.0,0.0,0.0,1.0,0
2048,14/01/2016,Buildkar,ECommerce,Construction Material Marketplace,Bangalore,"Mustafa Wajid, Umang Kumar & Others",Seed Funding,,,2016-01-14,,Buildkar,buildkar,0.0,0.0,0,-1.0,1,0.0,1,0,Seed/Angel,E-Commerce,Bengaluru,0.0,0.0,0.0,0.0,0.0,2.0,0.0,0.0,1.0,0
126,06/12/2018,BuildSupply,"SaaS, Ecommerce","Real Estate, ERP",Gurugram,"Venture Highway, GREE Ventures, Space Matrix, Individual Investors",Series A,"35,00,000",,2018-12-06,3500000.0,BuildSupply,buildsupply,0.0,0.0,0,-1.0,1,0.0,1,0,Series A,E-Commerce,Delhi-NCR,0.001501877346683354,0.009489956416459439,0.0010773928670292736,0.0005817174715755811,0.0005817174715755811,4.0,1.0,1.0,1.0,0
1356,08/09/2016,BuildTraders,eCommerce,Online Construction Materials Marketplace,Bangalore,Idein Ventures,Seed Funding,"2,00,000",,2016-09-08,200000.0,BuildTraders,buildtraders,0.0,0.0,0,-1.0,1,0.0,1,0,Seed/Angel,E-Commerce,Bengaluru,0.0,0.0,0.0,0.0,0.0,1.0,0.0,0.0,1.0,0
2091,27/01/2016,Buildzar,ECommerce,Construction Material ETailer,Gurgaon,Puneet Dalmia,Private Equity,"40,00,000",,2016-01-27,4000000.0,Buildzar,buildzar,0.0,0.0,0,-1.0,1,0.0,1,0,Private Equity,E-Commerce,Delhi-NCR,0.0,0.0,0.0,0.0,0.0,1.0,0.0,0.0,1.0,0
2194,28/12/2015,Bumper,Mobile Car Servicing appointment app,,Bangalore,SAIF Partners,Seed Funding,"5,00,000",,2015-12-28,500000.0,Bumper,bumper,0.0,0.0,0,-1.0,1,0.0,1,0,Seed/Angel,Other,Bengaluru,0.000750938673341677,0.0042731615220654,0.0014112094183159625,0.00029227224578136433,0.00029227224578136433,1.0,1.0,1.0,1.0,0
2306,06/10/2015,Burger Singh,QSR & Online delivery portal,,Gurgaon,"Ashvin Chadha, Avtar Monga, Udaan Angels, Dheeraj Jain",Seed Funding,"5,00,000",Bridge Round,2015-10-06,500000.0,Burger Singh,burger singh,0.0,0.0,0,-1.0,1,0.0,2,1,Seed/Angel,Logistics & Mobility,Delhi-NCR,0.00025031289111389235,0.0,1.54413417595609e-07,0.00016435886649189237,0.00016435886649189237,4.0,0.0,1.0,1.0,0
21,17/11/2019,Burger Singh,Food and Beverage,Indian Burger Brand,Gurgaon,RB Investments,Venture,undisclosed,,2019-11-17,,Burger Singh,burger singh,500000.0,500000.0,1,1503.0,0,1503.0,2,1,Other/Undisclosed,Food & Beverage,Delhi-NCR,0.0,0.0,0.0,0.0,0.0,1.0,0.0,0.0,1.0,0
2748,30/06/2015,Buttercups,Online Lingerie platform,,Bangalore,"Kanwaljit Singh, Angie Mahtaney, Manoj Varghese",Seed Funding,,,2015-06-30,,Buttercups,buttercups,0.0,0.0,0,-1.0,1,0.0,2,1,Seed/Angel,Other,Bengaluru,0.0,0.0,0.0,0.0,0.0,3.0,0.0,0.0,1.0,0
1445,15/08/2016,Buttercups,ECommerce,Women Intimate Wear eTailer,Bangalore,"Anand Chandrasekaran, Kanwaljit Singh, Manoj Varghese",Seed Funding,,,2016-08-15,,Buttercups,buttercups,0.0,0.0,1,412.0,0,412.0,2,1,Seed/Angel,E-Commerce,Bengaluru,0.0,0.0,0.0,0.0,0.0,3.0,0.0,0.0,1.0,0
2288,30/11/2015,Butterfly Interactive,extra curricular activities marketplace app,,New Delhi,Undisclosed investors,Seed Funding,,,2015-11-30,,Butterfly Interactive,butterfly interactive,0.0,0.0,0,-1.0,1,0.0,1,0,Seed/Angel,E-Commerce,Delhi-NCR,0.0,0.0,0.0,0.0,0.0,1.0,0.0,0.0,1.0,0
2769,08/05/2015,BuyHatke,Online Product Comparison,,Bangalore,"S.Gopalakrishnan, Beenos",Seed Funding,"10,00,000",,2015-05-08,1000000.0,BuyHatke,buyhatke,0.0,0.0,0,-1.0,1,0.0,1,0,Seed/Angel,Other,Bengaluru,0.0,0.0,0.0,0.0,0.0,2.0,0.0,0.0,1.0,0
1620,17/06/2016,BYG,Consumer Internet,Fitness centre Discovery & Booking Mobile app,Bangalore,"Sanjay Verma, Amit Khanna (LetsVenture)",Seed Funding,,,2016-06-17,,BYG,byg,0.0,0.0,0,-1.0,1,0.0,1,0,Seed/Angel,Consumer Internet & Media,Bengaluru,0.00025031289111389235,0.0,0.0014541392121809268,0.00013664812728624517,0.00013664812728624517,2.0,0.0,1.0,1.0,0
1881,22/03/2016,Byju\\xe2\\x80\\x99s,Consumer Internet,Educational Video Content Creator,Bangalore,"Sequoia India, Sofina",Private Equity,"7,50,00,000",,2016-03-22,75000000.0,Byju\\xe2\\x80\\x99s,byju\\xe2\\x80\\x99s,0.0,0.0,0,-1.0,1,0.0,5,1,Private Equity,Consumer Internet & Media,Bengaluru,0.000750938673341677,0.0036940218595162967,0.007362732465128354,0.00033164209477533563,0.0002227067005125032,2.0,1.0,1.0,1.0,0
1357,09/09/2016,Byju\\xe2\\x80\\x99s,Education,Online Learning App,Bangalore,"Chan Zuckerberg Initiative, Times Internet Ltd, Sequoia Capital, Sofina, Lightspeed Ventures",Private Equity,"5,00,00,000",,2016-09-09,50000000.0,Byju\\xe2\\x80\\x99s,byju\\xe2\\x80\\x99s,75000000.0,75000000.0,1,171.0,0,171.0,5,1,Private Equity,EdTech,Bengaluru,0.004005006257822278,0.059859204892582674,0.09566198113272546,0.001413958516141685,0.0006215191012826657,5.0,1.0,1.0,1.0,0
1165,20/12/2016,BYJU\\xe2\\x80\\x99s,Consumer Internet,Online Learning platform,Bangalore,International Financial Corporation,Private Equity,"1,50,00,000",,2016-12-20,15000000.0,BYJU\\xe2\\x80\\x99s,byju\\xe2\\x80\\x99s,125000000.0,50000000.0,2,102.0,0,273.0,5,1,Private Equity,Consumer Internet & Media,Bengaluru,0.0,0.0,0.0,0.0,0.0,1.0,0.0,0.0,1.0,0
984,29/03/2017,Byju\\xe2\\x80\\x99s,Consumer Internet,Online Education Platform,Bangalore,Verlinvest,Private Equity,,,2017-03-29,,Byju\\xe2\\x80\\x99s,byju\\xe2\\x80\\x99s,140000000.0,15000000.0,3,99.0,0,372.0,5,1,Private Equity,Consumer Internet & Media,Bengaluru,0.0005006257822277847,0.0034621393918161346,0.003833548593152091,0.00022790223848768445,0.00022790223848768445,1.0,0.0,1.0,1.0,0
713,25/07/2017,Byju\\xe2\\x80\\x99s,Consumer Internet,Mobile Learning App,Bangalore,Tencent Holdings,Private Equity,"3,50,00,000",,2017-07-25,35000000.0,Byju\\xe2\\x80\\x99s,byju\\xe2\\x80\\x99s,140000000.0,15000000.0,4,118.0,0,490.0,5,1,Private Equity,Consumer Internet & Media,Bengaluru,0.00025031289111389235,0.0,0.0005406707197536018,0.00013873533332427098,0.00013873533332427098,1.0,0.0,1.0,1.0,0
1,09/01/2020,BYJU’S,E-Tech,E-learning,Bengaluru,Tiger Global Management,Private Equity Round,"20,00,00,000",,2020-01-09,200000000.0,BYJU’S,byju’s,0.0,0.0,0,-1.0,1,0.0,1,0,Private Equity,EdTech,Bengaluru,0.005006257822277847,0.07287536754319783,0.18527724887454788,0.0017164247516392465,0.0017164247516392465,1.0,1.0,1.0,2.0,1
2159,14/12/2015,Cabsguru,Cab search Comparison & Booking platform,,New Delhi,Prashanth Ranganathan,Seed Funding,"2,00,000",,2015-12-14,200000.0,Cabsguru,cabsguru,0.0,0.0,0,-1.0,1,0.0,1,0,Seed/Angel,Logistics & Mobility,Delhi-NCR,0.0,0.0,0.0,0.0,0.0,1.0,0.0,0.0,1.0,0
2719,18/06/2015,CAKART.in,Online Education Marketplace,,Bangalore,Sunil Maheshwari & group of investors,Seed Funding,,,2015-06-18,,CAKART.in,cakart,0.0,0.0,0,-1.0,1,0.0,1,0,Seed/Angel,E-Commerce,Bengaluru,0.0,0.0,0.0,0.0,0.0,1.0,0.0,0.0,1.0,0
594,11/09/2017,Call Health,Consumer Internet,Healthcare Services Aggregator,Hyderabad,"Sachin Tendulkar, P.V SIndhu, Pullela Gopichand",Private Equity,"62,00,000",,2017-09-11,6200000.0,Call Health,call health,0.0,0.0,0,-1.0,1,0.0,1,0,Private Equity,Consumer Internet & Media,Hyderabad,0.00025031289111389235,0.0,5.436574580572323e-09,0.00019298932774467834,0.00019298932774467834,3.0,0.0,1.0,1.0,0
1659,30/06/2016,Campus Diaries,Consumer Internet,Student focussed Content Discovery portal,Bangalore,Aarin Capital,Seed Funding,"2,20,000",,2016-06-30,220000.0,Campus Diaries,campus diaries,0.0,0.0,0,-1.0,1,0.0,1,0,Seed/Angel,Consumer Internet & Media,Bengaluru,0.00025031289111389235,0.0,5.436574580572323e-09,0.00019298932774467834,0.00019298932774467834,1.0,0.0,1.0,1.0,0
2413,14/09/2015,CanvasFlip,Mobile App testing platform,,Hyderabad,Bessemer Venture Partners,Seed Funding,"12,00,000",,2015-09-14,1200000.0,CanvasFlip,canvasflip,0.0,0.0,0,-1.0,1,0.0,1,0,Seed/Angel,Other,Hyderabad,0.0012515644555694616,0.004593992124282985,0.002924969761969057,0.0005026251490342794,0.0005026251490342794,1.0,0.0,1.0,1.0,0
2192,24/12/2015,Canvera,Photographer Online search & booking platform,,Bangalore,Info Edge (India) Ltd,Private Equity,"22,00,000",,2015-12-24,2200000.0,Canvera,canvera,0.0,0.0,0,-1.0,1,0.0,3,1,Private Equity,Other,Bengaluru,0.000750938673341677,0.002301083933076535,0.00011362542004131888,0.00033460530249453915,0.00033460530249453915,1.0,0.0,1.0,1.0,0
1496,30/08/2016,Canvera,Consumer Internet,Photographer Discovery & Information platform,Bangalore,Info Edge (India) Ltd,Private Equity,"30,00,000",,2016-08-30,3000000.0,Canvera,canvera,2200000.0,2200000.0,1,250.0,0,250.0,3,1,Private Equity,Consumer Internet & Media,Bengaluru,0.000750938673341677,0.002301083933076535,0.00011362542004131888,0.00033460530249453915,0.00033460530249453915,1.0,0.0,1.0,1.0,0
577,01/09/2017,Canvera,Consumer Internet,Online Photography platform,Mumbai,InfoEdge,Private Equity,"13,00,000",,2017-09-01,1300000.0,Canvera,canvera,5200000.0,3000000.0,2,367.0,0,617.0,3,1,Private Equity,Consumer Internet & Media,Mumbai,0.00025031289111389235,0.0,2.9947725806604264e-05,0.0001406289357091548,0.0001406289357091548,1.0,0.0,1.0,1.0,0
1402,27/09/2016,Canvs,Consumer Internet,Community Platform for Artists and Designers,Mumbai,Pratik Seal,Seed Funding,,,2016-09-27,,Canvs,canvs,0.0,0.0,0,-1.0,1,0.0,1,0,Seed/Angel,Consumer Internet & Media,Mumbai,0.0,0.0,0.0,0.0,0.0,1.0,0.0,0.0,1.0,0
2454,24/09/2015,Capabiliti,Employee OnBoarding & Orientation platform,,Noida,"500 Startups, Smile Multimedia, Kunal Bahl, Rohit Bansal, Girish Matrubootham",Seed Funding,"4,00,000",,2015-09-24,400000.0,Capabiliti,capabiliti,0.0,0.0,0,-1.0,1,0.0,1,0,Seed/Angel,Other,Delhi-NCR,0.00025031289111389235,0.0,0.00017941689575689057,0.0001301985770115292,0.0001301985770115292,5.0,0.0,1.0,1.0,0
382,21/02/2018,Capillary,IT,SaaS,Bengaluru,"Wargburg Pincus, Sequoia",Private Equity,"2,00,00,000",,2018-02-21,20000000.0,Capillary,capillary,0.0,0.0,0,-1.0,1,0.0,1,0,Private Equity,Other,Bengaluru,0.004005006257822278,0.059859204892582674,0.09566198113272546,0.001413958516141685,0.001413958516141685,2.0,1.0,1.0,1.0,0
2389,02/09/2015,Capillary Tech,Cloud software solutions,,New Delhi,"Warburg Pincus, Sequoia Capital, Norwest Venture Partners",Private Equity,"4,50,00,000",Series D,2015-09-02,45000000.0,Capillary Tech,capillary tech,0.0,0.0,0,-1.0,1,0.0,1,0,Private Equity,Technology & SaaS,Delhi-NCR,0.004005006257822278,0.059859204892582674,0.09566198113272546,0.001413958516141685,0.0006671846707252798,3.0,1.0,1.0,1.0,0
452,13/12/2017,Capita World,Technology,Artificial Intelligence Platform to Raise Funds,Mumbai,"Mohan Tanksale, Kiran Shetty, Darshak Shah, Mandar Mhatre",Private Equity,,,2017-12-13,,Capita World,capita world,0.0,0.0,0,-1.0,1,0.0,1,0,Private Equity,Technology & SaaS,Mumbai,0.0,0.0,0.0,0.0,0.0,4.0,0.0,0.0,1.0,0
2958,11/02/2015,Capital Float,,,,"SAIF Partners, Sequoia Capital, Aspada",Private Equity,"1,30,00,000",Series A,2015-02-11,13000000.0,Capital Float,capital float,0.0,0.0,0,-1.0,1,0.0,5,1,Private Equity,Other,Tier-2/Other,0.004005006257822278,0.059859204892582674,0.09566198113272546,0.001413958516141685,0.0008531153809615247,3.0,1.0,1.0,2.0,1
1698,12/05/2016,Capital Float,Consumer Internet,Online Lending Platform,Bangalore,"Creation Investments Capital Management, SAIF Partners, Sequoia Capital, Aspada Ventures",Private Equity,"2,50,00,000",,2016-05-12,25000000.0,Capital Float,capital float,13000000.0,13000000.0,1,456.0,0,456.0,5,1,Private Equity,Consumer Internet & Media,Bengaluru,0.004005006257822278,0.059859204892582674,0.09566198113272546,0.001413958516141685,0.0008531153809615247,4.0,1.0,1.0,2.0,1
998,06/02/2017,Capital Float,Consumer Internet,Online lending platform,Bangalore,IFMR Capital Finance,Private Equity,"25,00,000",,2017-02-06,2500000.0,Capital Float,capital float,38000000.0,25000000.0,2,270.0,0,726.0,5,1,Private Equity,Consumer Internet & Media,Bengaluru,0.0,0.0,0.0,0.0,0.0,1.0,0.0,0.0,2.0,1
878,10/04/2017,Capital Float,Consumer Internet,Online Lending Platform for SME,Bangalore,Mahindra and Mahindra Financial Services,Private Equity,"23,00,000",,2017-04-10,2300000.0,Capital Float,capital float,40500000.0,2500000.0,3,63.0,0,789.0,5,1,Private Equity,Consumer Internet & Media,Bengaluru,0.00025031289111389235,0.0,0.002253627186395401,0.0001310338692853393,0.0001310338692853393,1.0,0.0,1.0,2.0,1
308,23/04/2018,Capital Float,Finance,Online Lending Platform,Bengaluru,Amazon,Private Equity,"2,20,00,000",,2018-04-23,22000000.0,Capital Float,capital float,42800000.0,2300000.0,4,378.0,0,1167.0,5,1,Private Equity,FinTech,Bengaluru,0.0005006257822277847,0.0006317360897416212,0.0003516401116276203,0.0002556191106767142,0.0002556191106767142,1.0,0.0,1.0,2.0,1
2834,13/04/2015,Capricoast,Online Kitchen Furniture,,Bangalore,Accel Partners India,Seed Funding,"12,50,000",,2015-04-13,1250000.0,Capricoast,capricoast,0.0,0.0,0,-1.0,1,0.0,2,1,Seed/Angel,Other,Bengaluru,0.0025031289111389233,0.03180691231866443,0.01397423501569189,0.0009597977221441899,0.0009597977221441899,1.0,1.0,1.0,1.0,0
2157,14/12/2015,Capricoast,Modular Furnishings Marketplace,,Bangalore,"Accel Partners India, RB Investments",Private Equity,"35,00,000",Series A,2015-12-14,3500000.0,Capricoast,capricoast,1250000.0,1250000.0,1,245.0,0,245.0,2,1,Private Equity,E-Commerce,Bengaluru,0.0025031289111389233,0.03180691231866443,0.01397423501569189,0.0009597977221441899,0.0009597977221441899,2.0,1.0,1.0,1.0,0
1938,10/02/2016,Capzest,Consumer Internet,Digital Lending Platform,Mumbai,Lion Ventures,Seed Funding,"2,00,000",,2016-02-10,200000.0,Capzest,capzest,0.0,0.0,0,-1.0,1,0.0,1,0,Seed/Angel,Consumer Internet & Media,Mumbai,0.0,0.0,0.0,0.0,0.0,1.0,0.0,0.0,1.0,0
3034,22/01/2015,Caratlane.com,,,,Tiger Global,Private Equity,"3,10,00,000",Series D,2015-01-22,31000000.0,Caratlane.com,caratlane,0.0,0.0,0,-1.0,1,0.0,1,0,Private Equity,Other,Tier-2/Other,0.005006257822277847,0.07287536754319783,0.18527724887454788,0.0017164247516392465,0.0017164247516392465,1.0,1.0,1.0,1.0,0
2262,21/11/2015,Caravan Craft,Indian Ethnic Crafts Etailer,,Bangalore,"Unitus Seed Fund, Bijou Kurien, Narayan Ramachandran",Private Equity,"12,00,000",Series A,2015-11-21,1200000.0,Caravan Craft,caravan craft,0.0,0.0,0,-1.0,1,0.0,1,0,Private Equity,Technology & SaaS,Bengaluru,0.0,0.0,0.0,0.0,0.0,3.0,0.0,0.0,1.0,0
2979,24/02/2015,Caravan Craft Retail,,,,"Unitus Seed Fund\\nNarayan Ramachandran, Bijou Kurien",Seed\\nFunding,"5,00,000",,2015-02-24,500000.0,Caravan Craft Retail,caravan craft retail,0.0,0.0,0,-1.0,1,0.0,1,0,Seed/Angel,Other,Tier-2/Other,0.0,0.0,0.0,0.0,0.0,2.0,0.0,0.0,1.0,0
1259,30/11/2016,Carcrew.in,Consumer Internet,Online Car repair Marketplace,Mumbai,TVS Group,Seed Funding,"5,00,000",,2016-11-30,500000.0,Carcrew.in,carcrew,0.0,0.0,0,-1.0,1,0.0,1,0,Seed/Angel,Consumer Internet & Media,Mumbai,0.0,0.0,0.0,0.0,0.0,1.0,0.0,0.0,1.0,0
3038,27/01/2015,CarDekho.com,,,,"Hillhouse Capital, Tybourne Capital",Private Equity,"5,00,00,000",Series B,2015-01-27,50000000.0,CarDekho.com,cardekho,0.0,0.0,0,-1.0,1,0.0,6,1,Private Equity,Other,Tier-2/Other,0.0,0.0,0.0,0.0,0.0,2.0,0.0,0.0,2.0,1
2954,09/02/2015,CarDekho.com,,,,Ratan Tata,Private Equity,,,2015-02-09,,CarDekho.com,cardekho,50000000.0,50000000.0,1,13.0,0,13.0,6,1,Private Equity,Other,Tier-2/Other,0.0,0.0,0.0,0.0,0.0,1.0,0.0,0.0,2.0,1
2796,22/05/2015,CarDekho,Online Car Portal,,Jaipur,HDFC Bank,Private Equity,,1% stake,2015-05-22,,CarDekho,cardekho,50000000.0,50000000.0,2,102.0,0,115.0,6,1,Private Equity,Other,Jaipur,0.0,0.0,0.0,0.0,0.0,1.0,0.0,0.0,2.0,1
117,03/01/2019,CarDekho,Automobile,Online Marketplace,Jaipur,"Sequoia India, Hillhouse Capital, Alphabet\\xe2\\x80\\x99s growth investment arm Capital G and Axis Bank",Series C,"11,00,00,000",,2019-01-03,110000000.0,CarDekho,cardekho,50000000.0,50000000.0,3,1322.0,0,1437.0,6,1,Series C,Other,Jaipur,0.000750938673341677,0.0036940218595162967,0.007362732465128354,0.00033164209477533563,0.00033164209477533563,3.0,1.0,1.0,2.0,1
45,01/08/2019,CarDekho,E-Commerce,Automotive,Gurgaon,SC GG India Mobility Holdings LLC,Series C,"2,00,00,000",,2019-08-01,20000000.0,CarDekho,cardekho,160000000.0,110000000.0,4,210.0,0,1647.0,6,1,Series C,E-Commerce,Delhi-NCR,0.0,0.0,0.0,0.0,0.0,1.0,0.0,0.0,2.0,1
9,06/12/2019,CarDekho,E-Commerce,Automobile,Gurgaon,Ping An Global Voyager Fund,Series D,"7,00,00,000",,2019-12-06,70000000.0,CarDekho,cardekho,180000000.0,20000000.0,5,127.0,0,1774.0,6,1,Late Stage (C+),E-Commerce,Delhi-NCR,0.0,0.0,0.0,0.0,0.0,1.0,0.0,0.0,2.0,1
2366,27/10/2015,Care24,Professional Health Services Platform,,Mumbai,India Quotient,Seed Funding,"3,50,000",,2015-10-27,350000.0,Care24,care24,0.0,0.0,0,-1.0,1,0.0,2,1,Seed/Angel,Healthcare,Mumbai,0.0012515644555694616,0.0015831233045289707,0.0017614729921763422,0.000554745742038456,0.000554745742038456,1.0,0.0,1.0,1.0,0
2045,13/01/2016,Care24,Healthcare,Professional Health Services Platform,Mumbai,"SAIF Partners, India Quotient",Private Equity,"40,00,000",,2016-01-13,4000000.0,Care24,care24,350000.0,350000.0,1,78.0,0,78.0,2,1,Private Equity,Healthcare,Mumbai,0.0012515644555694616,0.0042731615220654,0.0017614729921763422,0.000554745742038456,0.00042350899390991017,2.0,1.0,1.0,1.0,0
123,02/12/2018,Career Anna,Online Education,"Video-based certification, trainings",Gurugram,Individual Investors,Pre-Series A,"5,72,000",,2018-12-02,572000.0,Career Anna,career anna,0.0,0.0,0,-1.0,1,0.0,1,0,Pre-Series A,EdTech,Delhi-NCR,0.0,0.0,0.0,0.0,0.0,1.0,0.0,0.0,1.0,0
2008,04/01/2016,Career360,Education,College Education Portal,New Delhi,MeritTrac,Private Equity,,,2016-01-04,,Career360,career360,0.0,0.0,0,-1.0,1,0.0,1,0,Private Equity,EdTech,Delhi-NCR,0.0,0.0,0.0,0.0,0.0,1.0,0.0,0.0,1.0,0
1974,18/02/2016,Careongo,ECommerce,Online Pharmacy store,New Delhi,Farooq Oomerbhoy & Other angel investors,Seed Funding,"3,00,000",,2016-02-18,300000.0,Careongo,careongo,0.0,0.0,0,-1.0,1,0.0,2,1,Seed/Angel,E-Commerce,Delhi-NCR,0.000750938673341677,2.0055113960051465e-06,5.212874231067168e-07,0.00039636782498119144,0.00039636782498119144,1.0,0.0,1.0,1.0,0
1812,27/04/2016,CareonGO,Consumer Internet,Online Pharmacy,,"Farooq Oomerbhoy, Anupam Mittal, Anand Mittal, Ravi Garikipati, Vibhu Garg, Singapore Angel Network, Konglo Ventures",Seed Funding,,,2016-04-27,,CareonGO,careongo,300000.0,300000.0,1,69.0,0,69.0,2,1,Seed/Angel,Consumer Internet & Media,Tier-2/Other,0.00025031289111389235,0.0,2.1987016027543615e-06,0.00014618287768732643,0.00014618287768732643,7.0,0.0,1.0,1.0,0
2496,07/08/2015,Carl\\xe2\\x80\\x99s Jr,Fast food Chain Franchisee,,Gurgaon,YouWeCan Ventures,Seed Funding,"6,30,000",,2015-08-07,630000.0,Carl\\xe2\\x80\\x99s Jr,carl\\xe2\\x80\\x99s jr,0.0,0.0,0,-1.0,1,0.0,1,0,Seed/Angel,Food & Beverage,Delhi-NCR,0.0,0.0,0.0,0.0,0.0,1.0,0.0,0.0,1.0,0
2124,04/12/2015,CaRPM,Car Maintenance & Management mobile app,,Gurgaon,GHV Accelerator,Seed Funding,"1,00,000",,2015-12-04,100000.0,CaRPM,carpm,0.0,0.0,0,-1.0,1,0.0,1,0,Seed/Angel,Technology & SaaS,Delhi-NCR,0.0025031289111389233,0.03180691231866443,0.01397423501569189,0.0009597977221441899,0.0009597977221441899,1.0,1.0,1.0,1.0,0
206,17/07/2018,Cars24,Consumer Internet,Online Used Car Marketplace,Gurugram,"Kingsway FCI Fund, KCK Global & Others",Private Equity,"4,97,00,000",,2018-07-17,49700000.0,Cars24,cars24,0.0,0.0,0,-1.0,1,0.0,2,1,Private Equity,Consumer Internet & Media,Delhi-NCR,0.0,0.0,0.0,0.0,0.0,2.0,0.0,0.0,2.0,1
51,13/08/2019,Cars24,E-Commerce,Car Retail,Gurugram,MS Dhoni,Series D,"1,10,00,000",,2019-08-13,11000000.0,Cars24,cars24,49700000.0,49700000.0,1,392.0,0,392.0,2,1,Late Stage (C+),E-Commerce,Delhi-NCR,0.0,0.0,0.0,0.0,0.0,1.0,0.0,0.0,2.0,1
2662,30/07/2015,Cartisan,On-Demand Car services App,,Bangalore,"YouWeCan Ventures,\\xc2\\xa0 Aprameya Radhakrishna",Seed Funding,,,2015-07-30,,Cartisan,cartisan,0.0,0.0,0,-1.0,1,0.0,1,0,Seed/Angel,Other,Bengaluru,0.0,0.0,0.0,0.0,0.0,2.0,0.0,0.0,1.0,0
2956,10/02/2015,CarTrade.com,,,,Chip Perry,Private Equity,,,2015-02-10,,CarTrade.com,cartrade,0.0,0.0,0,-1.0,1,0.0,3,1,Private Equity,Other,Tier-2/Other,0.0,0.0,0.0,0.0,0.0,1.0,0.0,0.0,1.0,0
2041,13/01/2016,CarTrade,Consumer Internet,Auto Classifieds Portal,Mumbai,"Temasek Holdings, March Capital, Warburg Pincus",Private Equity,"14,50,00,000",,2016-01-13,145000000.0,CarTrade,cartrade,0.0,0.0,1,337.0,0,337.0,3,1,Private Equity,Consumer Internet & Media,Mumbai,0.0010012515644555694,0.005143101508529839,0.0051028062146093655,0.00038866051258071115,0.00026763705127924993,3.0,1.0,1.0,1.0,0
1004,08/02/2017,Cartrade,Consumer Internet,Automobile Classifieds Portal,Mumbai,Temasek Holdings,Private Equity,"5,50,00,000",,2017-02-08,55000000.0,Cartrade,cartrade,145000000.0,145000000.0,2,392.0,0,729.0,3,1,Private Equity,Consumer Internet & Media,Mumbai,0.0010012515644555694,0.005143101508529839,0.0051028062146093655,0.00038866051258071115,0.00038866051258071115,1.0,1.0,1.0,1.0,0
1997,25/02/2016,CarveNiche,Consumer Internet,Personalized Learning Solutions & products,Bangalore,"Calcutta Angels, Lead Angels & Others",Seed Funding,,,2016-02-25,,CarveNiche,carveniche,0.0,0.0,0,-1.0,1,0.0,1,0,Seed/Angel,Consumer Internet & Media,Bengaluru,0.0010012515644555694,0.006769913213594535,0.05549185359678784,0.00038032984394980706,0.0002723443552208497,2.0,0.0,1.0,1.0,0
2805,27/05/2015,Casa2inns,Affordable Hotel Booking Online,,New Delhi,"Accel Partners, Kalaari Capital",Private Equity,"50,00,000",Series A,2015-05-27,5000000.0,Casa2inns,casa2inns,0.0,0.0,0,-1.0,1,0.0,1,0,Private Equity,Other,Delhi-NCR,0.0025031289111389233,0.03180691231866443,0.01397423501569189,0.0010197165577911919,0.0009897571399676908,2.0,1.0,1.0,1.0,0
459,15/12/2017,Cash Suvidha,E-Commerce,Online Micro-Lending Platform,Delhi,,Debt Funding,"27,00,000",,2017-12-15,2700000.0,Cash Suvidha,cash suvidha,0.0,0.0,0,-1.0,1,0.0,2,1,Debt,E-Commerce,Delhi-NCR,0.0,0.0,0.0,0.0,0.0,0.0,0.0,0.0,1.0,0
345,26/03/2018,Cash Suvidha,Consumer Internet,Online loan platform,Delhi,"Initia Holdings,Vipin Agarwal and others.",Seed / Angel Funding,"10,00,000",,2018-03-26,1000000.0,Cash Suvidha,cash suvidha,2700000.0,2700000.0,1,101.0,0,101.0,2,1,Seed/Angel,Consumer Internet & Media,Delhi-NCR,0.0,0.0,0.0,0.0,0.0,2.0,0.0,0.0,1.0,0
854,01/04/2017,Cashe,Consumer Internet,Online & Mobile based Lending platform,Mumbai,"Mathew Cyriac, Florintree Advisors,",Private Equity,"38,00,000",,2017-04-01,3800000.0,Cashe,cashe,0.0,0.0,0,-1.0,1,0.0,2,1,Private Equity,Consumer Internet & Media,Mumbai,0.0,0.0,0.0,0.0,0.0,2.0,0.0,0.0,1.0,0
558,23/10/2017,Cashe,Consumer Internet,app-only lending platform,Mumbai,IFMR Capital,Debt Funding,"31,00,000",,2017-10-23,3100000.0,Cashe,cashe,3800000.0,3800000.0,1,205.0,0,205.0,2,1,Debt,Consumer Internet & Media,Mumbai,0.0,0.0,0.0,0.0,0.0,1.0,0.0,0.0,1.0,0
37,04/09/2019,Cashflo,FinTech,Invoice discounting platform and SME lending marketplace,Mumbai,SAIF Partners,Series A,"33,00,000",,2019-09-04,3300000.0,Cashflo,cashflo,0.0,0.0,0,-1.0,1,0.0,1,0,Series A,FinTech,Mumbai,0.000750938673341677,0.0042731615220654,0.0014112094183159625,0.00029227224578136433,0.00029227224578136433,1.0,1.0,1.0,1.0,0
570,28/10/2017,CashFree,Technology,Payments Platform for Marketplaces and Fintechs,New Delhi,Y Combinator,Seed Funding,"1,20,000",,2017-10-28,120000.0,CashFree,cashfree,0.0,0.0,0,-1.0,1,0.0,1,0,Seed/Angel,Technology & SaaS,Delhi-NCR,0.00425531914893617,0.03704616522382135,0.1137077548087308,0.0015893753600148012,0.0015893753600148012,1.0,0.0,1.0,2.0,1
367,12/02/2018,Cashify,E-Commerce,Online Selling,Gurugram,Trifecta Capital,Debt Funding,"9,35,089",,2018-02-12,935089.0,Cashify,cashify,0.0,0.0,0,-1.0,1,0.0,1,0,Debt,E-Commerce,Delhi-NCR,0.00025031289111389235,0.0,0.007851646982310443,0.00013105928853511366,0.00013105928853511366,1.0,0.0,1.0,3.0,1
2235,16/11/2015,Cashkaro.com,Ecommerce Discount & Cashback coupons platform,,Gurgaon,Kalaari Capital,Private Equity,"37,00,000",Series A,2015-11-16,3700000.0,Cashkaro.com,cashkaro,0.0,0.0,0,-1.0,1,0.0,2,1,Private Equity,E-Commerce,Delhi-NCR,0.0025031289111389233,0.013397154605961893,0.0017630362707794693,0.0010197165577911919,0.0010197165577911919,1.0,1.0,1.0,1.0,0
2061,19/01/2016,Cashkaro,Consumer Internet,Coupon & Cashback platform,Gurgaon,Ratan Tata,Private Equity,,,2016-01-19,,Cashkaro,cashkaro,3700000.0,3700000.0,1,64.0,0,64.0,2,1,Private Equity,Consumer Internet & Media,Delhi-NCR,0.0,0.0,0.0,0.0,0.0,1.0,0.0,0.0,1.0,0
269,22/05/2018,Cashkumar,Consumer Internet,P2P Lending Platform,Bengaluru,LetsVenture,Seed/ Angel Funding,"7,35,000",,2018-05-22,735000.0,Cashkumar,cashkumar,0.0,0.0,0,-1.0,1,0.0,1,0,Seed/Angel,Consumer Internet & Media,Bengaluru,0.00025031289111389235,0.0,0.0014541392121809268,0.00013664812728624517,0.00013664812728624517,1.0,0.0,1.0,1.0,0
2174,18/12/2015,CBREX,International Hiring Platform,,Mumbai / NY,"Prahlad Rao, Sundara Rajan, Vikram Chachra",Seed Funding,"2,00,000",,2015-12-18,200000.0,CBREX,cbrex,0.0,0.0,0,-1.0,1,0.0,1,0,Seed/Angel,Other,Mumbai,0.0,0.0,0.0,0.0,0.0,3.0,0.0,0.0,1.0,0
3022,19/01/2015,CBS,,,,Hyderabad Angels (at Startup Heroes event),Seed Funding,"16,000",,2015-01-19,16000.0,CBS,cbs,0.0,0.0,0,-1.0,1,0.0,1,0,Seed/Angel,Other,Tier-2/Other,0.00025031289111389235,0.0,1.54413417595609e-07,0.00016435886649189237,0.00016435886649189237,1.0,0.0,1.0,1.0,0
1737,31/05/2016,CCavenue,Consumer Internet,Payment Gateway,Mumbai,NSI Infinium Global Pvt. Ltd,Private Equity,"89,00,000",,2016-05-31,8900000.0,CCavenue,ccavenue,0.0,0.0,0,-1.0,1,0.0,2,1,Private Equity,Consumer Internet & Media,Mumbai,0.0,0.0,0.0,0.0,0.0,1.0,0.0,0.0,1.0,0
1019,14/02/2017,CCAvenue,Consumer Internet,Online Payment Gateway,Mumbai,Infibeam,Private Equity,"2,24,00,000",,2017-02-14,22400000.0,CCAvenue,ccavenue,8900000.0,8900000.0,1,259.0,0,259.0,2,1,Private Equity,Consumer Internet & Media,Mumbai,0.0,0.0,0.0,0.0,0.0,1.0,0.0,0.0,1.0,0
1628,21/06/2016,Celerix,Technology,Fintech Product Development & Services Startup,Bangalore,Bitkemy Ventures,Seed Funding,"4,00,000",,2016-06-21,400000.0,Celerix,celerix,0.0,0.0,0,-1.0,1,0.0,1,0,Seed/Angel,Technology & SaaS,Bengaluru,0.0,0.0,0.0,0.0,0.0,1.0,0.0,0.0,1.0,0
1405,28/09/2016,Celes Care,Consumer Internet,Virtual Health Clinic for Women,Hyderabad,Endiya Partners,Seed Funding,"10,00,000",,2016-09-28,1000000.0,Celes Care,celes care,0.0,0.0,0,-1.0,1,0.0,2,1,Seed/Angel,Consumer Internet & Media,Hyderabad,0.001501877346683354,0.006678119493602958,0.00018976754291309922,0.0006322168844852831,0.0006322168844852831,1.0,0.0,1.0,1.0,0
929,02/03/2017,Celes Care,Consumer Internet,Women Healthcare & Information portal,Hyderabad,"Ventureast, Endiya Partners, Eight Roads Ventures, F-Prime Capital Partners",Private Equity,"15,00,000",,2017-03-02,1500000.0,Celes Care,celes care,1000000.0,1000000.0,1,155.0,0,155.0,2,1,Private Equity,Consumer Internet & Media,Hyderabad,0.001501877346683354,0.006678119493602958,0.004537866606428548,0.0006322168844852831,0.0004253434914559199,4.0,0.0,1.0,1.0,0
661,21/08/2017,Cerebroz,Consumer Internet,E-Tech platform,Vadodara,Undisclosed HNI\\xe2\\x80\\x99s,Seed Funding,"7,34,000",,2017-08-21,734000.0,Cerebroz,cerebroz,0.0,0.0,0,-1.0,1,0.0,1,0,Seed/Angel,Consumer Internet & Media,Tier-2/Other,0.0,0.0,0.0,0.0,0.0,1.0,0.0,0.0,1.0,0
2786,19/05/2015,Chaayos,Offline Tea Chain,,New Delhi,Tiger Global Management,Private Equity,"10,00,000",Series A,2015-05-19,1000000.0,Chaayos,chaayos,0.0,0.0,0,-1.0,1,0.0,2,1,Private Equity,Technology & SaaS,Delhi-NCR,0.005006257822277847,0.07287536754319783,0.18527724887454788,0.0017164247516392465,0.0017164247516392465,1.0,1.0,1.0,1.0,0
548,13/10/2017,Chaayos,eCommerce,Online Chai ordering platform,Gurgaon,Tiger Global Management,Private Equity,"20,00,000",,2017-10-13,2000000.0,Chaayos,chaayos,1000000.0,1000000.0,1,878.0,0,878.0,2,1,Private Equity,E-Commerce,Delhi-NCR,0.005006257822277847,0.07287536754319783,0.18527724887454788,0.0017164247516392465,0.0017164247516392465,1.0,1.0,1.0,1.0,0
640,03/08/2017,Chai Point,Consumer Internet,Tea Delivery Portal & offline stores,Bangalore,"DSG Consumer Partners, Eight Roads Ventures India",Private Equity,,,2017-08-03,,Chai Point,chai point,0.0,0.0,0,-1.0,1,0.0,1,0,Private Equity,Consumer Internet & Media,Bengaluru,0.001501877346683354,0.006316536841184845,0.030855919122090774,0.0005464575058024244,0.0005223854432902966,2.0,0.0,1.0,1.0,0
1254,30/11/2016,Chai Thela,Food & Beverage,Quick Service Restaurants,Noida,Quarizon,Seed Funding,"2,18,000",,2016-11-30,218000.0,Chai Thela,chai thela,0.0,0.0,0,-1.0,1,0.0,1,0,Seed/Angel,Food & Beverage,Delhi-NCR,0.0,0.0,0.0,0.0,0.0,1.0,0.0,0.0,1.0,0
2423,16/09/2015,ChaiPoint,Food Subscription platform,,Bangalore,Eight Roads Ventures,Private Equity,"1,00,00,000",Series A,2015-09-16,10000000.0,ChaiPoint,chaipoint,0.0,0.0,0,-1.0,1,0.0,1,0,Private Equity,Food & Beverage,Bengaluru,0.0012515644555694616,0.006316536841184845,0.004537866606428548,0.0004983133807781689,0.0004983133807781689,1.0,0.0,1.0,1.0,0
83,06/06/2019,Chakr Innovation,Energy,Renewable Energy,New Delhi,IAN Fund,Series A,"2,60,00,000",,2019-06-06,26000000.0,Chakr Innovation,chakr innovation,0.0,0.0,0,-1.0,1,0.0,1,0,Series A,Other,Delhi-NCR,0.0017521902377972466,0.01824005447159346,0.00044288477700200717,0.0007173079035258016,0.0007173079035258016,1.0,0.0,1.0,1.0,0
2824,09/04/2015,Changer Mints,Digital / Mobile Wallet,,Kolkata,Hyderabad based investor,Seed Funding,"1,65,000",,2015-04-09,165000.0,Changer Mints,changer mints,0.0,0.0,0,-1.0,1,0.0,1,0,Seed/Angel,Other,Tier-2/Other,0.0,0.0,0.0,0.0,0.0,1.0,0.0,0.0,1.0,0
2886,11/03/2015,ChargeBee,,,,"Tiger Global, Accel Partners",Private Equity,"50,00,000",Series B,2015-03-11,5000000.0,ChargeBee,chargebee,0.0,0.0,0,-1.0,1,0.0,2,1,Private Equity,Other,Tier-2/Other,0.005006257822277847,0.07287536754319783,0.18527724887454788,0.0017164247516392465,0.0013381112368917182,2.0,1.0,1.0,1.0,0
341,22/03/2018,Chargebee,Technology,Subscription Billing & Recurring Payments Software,Chennai,"Insight Venture Partners, Accel Partners and Tiger Global Management.",Private Equity,"1,80,00,000",,2018-03-22,18000000.0,Chargebee,chargebee,5000000.0,5000000.0,1,1107.0,0,1107.0,2,1,Private Equity,Technology & SaaS,Chennai,0.005006257822277847,0.07287536754319783,0.18527724887454788,0.0017164247516392465,0.0009451635526077004,2.0,1.0,1.0,1.0,0
2925,27/03/2015,Chargein,,,,Pittie Group,Seed Funding,"1,00,000",,2015-03-27,100000.0,Chargein,chargein,0.0,0.0,0,-1.0,1,0.0,1,0,Seed/Angel,Other,Tier-2/Other,0.0,0.0,0.0,0.0,0.0,1.0,0.0,0.0,1.0,0
1319,21/10/2016,ChatOnGo,Consumer Internet,Hyperlocal\\xc2\\xa0 Communication Mobile app,Mumbai,Janak Jain,Seed Funding,"3,00,000",,2016-10-21,300000.0,ChatOnGo,chatongo,0.0,0.0,0,-1.0,1,0.0,1,0,Seed/Angel,Consumer Internet & Media,Mumbai,0.0,0.0,0.0,0.0,0.0,1.0,0.0,0.0,1.0,0
1348,06/09/2016,CheersOye!,Consumer Internet,Online Gift Vouchers platform,Mumbai,Undisclosed Investors,Seed Funding,"5,00,000",,2016-09-06,500000.0,CheersOye!,cheersoye!,0.0,0.0,0,-1.0,1,0.0,1,0,Seed/Angel,Consumer Internet & Media,Mumbai,0.0,0.0,0.0,0.0,0.0,1.0,0.0,0.0,1.0,0
2227,10/11/2015,Chefs Basket,Ready to cook packaged Foods,,Mumbai,"SAIF Partners, Haresh Chawla",Private Equity,"60,00,000",Series A,2015-11-10,6000000.0,Chefs Basket,chefs basket,0.0,0.0,0,-1.0,1,0.0,1,0,Private Equity,Food & Beverage,Mumbai,0.000750938673341677,0.0042731615220654,0.01164948001901309,0.00029227224578136433,0.00020976924281849077,2.0,1.0,1.0,1.0,0
564,24/10/2017,Chevon,Food & Beverage,Frozen Meat provider,Mumbai,Greenfield Advisory,Private Equity,,,2017-10-24,,Chevon,chevon,0.0,0.0,0,-1.0,1,0.0,1,0,Private Equity,Food & Beverage,Mumbai,0.0,0.0,0.0,0.0,0.0,1.0,0.0,0.0,1.0,0
1564,01/06/2016,Chikoop,Consumer Internet,Free Ad based Voice Calling,Indore,Undisclosed Investors,Seed Funding,,,2016-06-01,,Chikoop,chikoop,0.0,0.0,0,-1.0,1,0.0,1,0,Seed/Angel,Consumer Internet & Media,Tier-2/Other,0.0,0.0,0.0,0.0,0.0,1.0,0.0,0.0,1.0,0
2297,03/10/2015,Chillr,Mobile Payments App,,Mumbai,Sequoia Capital,Private Equity,"60,00,000",Series A,2015-10-03,6000000.0,Chillr,chillr,0.0,0.0,0,-1.0,1,0.0,2,1,Private Equity,FinTech,Mumbai,0.004005006257822278,0.059859204892582674,0.09566198113272546,0.001413958516141685,0.001413958516141685,1.0,1.0,1.0,1.0,0
2148,10/12/2015,Chillr,Peer-to-Peer Money Transfer & Recharge App,,Mumbai,"Sequoia Capital, Blume Ventures, Uniqorn Ventures and other",Private Equity,"7,00,00,000",Series A,2015-12-10,70000000.0,Chillr,chillr,6000000.0,6000000.0,1,68.0,0,68.0,2,1,Private Equity,Other,Mumbai,0.004005006257822278,0.059859204892582674,0.09566198113272546,0.001413958516141685,0.0007796386930884465,3.0,1.0,1.0,1.0,0
1094,23/01/2017,ChipperSage,Technology,Online learning platform,Bangalore,India Educational Investment Fund,Seed Funding,,,2017-01-23,,ChipperSage,chippersage,0.0,0.0,0,-1.0,1,0.0,1,0,Seed/Angel,Technology & SaaS,Bengaluru,0.0,0.0,0.0,0.0,0.0,1.0,0.0,0.0,1.0,0
2936,02/02/2015,Chloroplast Foods,,,,Group of Angel Investors,Seed\\nFunding,"16,600",At the 10 minute million event,2015-02-02,16600.0,Chloroplast Foods,chloroplast foods,0.0,0.0,0,-1.0,1,0.0,1,0,Seed/Angel,Other,Tier-2/Other,0.000750938673341677,2.0055113960051465e-06,5.212874231067168e-07,0.00039636782498119144,0.00039636782498119144,1.0,0.0,1.0,1.0,0
522,03/10/2017,ChqBook,Consumer Internet,Home Loans Aggregation platform,Gurgaon,"Startup Buddy, Apurva Chamaria,Sachin Arora, Bharat Gupta, Amit Manocha",Seed Funding,,,2017-10-03,,ChqBook,chqbook,0.0,0.0,0,-1.0,1,0.0,1,0,Seed/Angel,Consumer Internet & Media,Delhi-NCR,0.00025031289111389235,0.0,2.4171486102378256e-05,0.00014750802532034708,0.00014750802532034708,5.0,0.0,1.0,4.0,1
245,19/06/2018,Chrysalis,Ed-Tech,Education Services Provider,Pune,Menterra Venture & Artha Initiatives,Seed/ Angel Funding,,,2018-06-19,,Chrysalis,chrysalis,0.0,0.0,0,-1.0,1,0.0,1,0,Seed/Angel,Other,Pune,0.0,0.0,0.0,0.0,0.0,1.0,0.0,0.0,1.0,0
697,14/07/2017,Chumbak,eCommerce,Designer consumer products Marketplace,Bangalore,Blacksoil Capital Pvt. Ltd,Private Equity,"17,00,000",,2017-07-14,1700000.0,Chumbak,chumbak,0.0,0.0,0,-1.0,1,0.0,2,1,Private Equity,E-Commerce,Bengaluru,0.00025031289111389235,0.0,5.436574580572323e-09,0.00019298932774467834,0.00019298932774467834,1.0,0.0,1.0,1.0,0
518,28/11/2017,Chumbak,Lifestyle,Designer-led consumer products,Bangalore,Gaja Capital,Private Equity,"1,30,00,000",,2017-11-28,13000000.0,Chumbak,chumbak,1700000.0,1700000.0,1,137.0,0,137.0,2,1,Private Equity,Other,Bengaluru,0.00025031289111389235,0.0,3.63414446275521e-08,0.00017390235357615433,0.00017390235357615433,1.0,0.0,1.0,1.0,0
814,10/05/2017,Chymera VR,Technology,Advertising Platform for Virtual Reality,Bangalore,"Varsha Rao, Surojit Chatterjee, Nirav Choksi & Others",Seed Funding,,,2017-05-10,,Chymera VR,chymera vr,0.0,0.0,0,-1.0,1,0.0,1,0,Seed/Angel,Technology & SaaS,Bengaluru,0.0,0.0,0.0,0.0,0.0,3.0,0.0,0.0,1.0,0
2964,13/02/2015,CimplyFive,,,,"Suresh Senapaty, TV Mohandas Pai",Seed\\nFunding,,,2015-02-13,,CimplyFive,cimplyfive,0.0,0.0,0,-1.0,1,0.0,1,0,Seed/Angel,Other,Tier-2/Other,0.0,0.0,0.0,0.0,0.0,2.0,0.0,0.0,1.0,0
2343,19/10/2015,Citrus Payment,Payments Solution platform,,Mumbai,"Sequoia Capital, Ascent Capital, eContext Asia, Beenos Asia",Private Equity,"2,50,00,000",Series C,2015-10-19,25000000.0,Citrus Payment,citrus payment,0.0,0.0,0,-1.0,1,0.0,1,0,Private Equity,FinTech,Mumbai,0.004005006257822278,0.059859204892582674,0.09566198113272546,0.001413958516141685,0.0007891586913167887,4.0,1.0,1.0,1.0,0
2199,02/11/2015,CityFlo,Bus Aggregation and rental mobile app,,Mumbai,IDG Ventures,Seed Funding,"7,50,000",,2015-11-02,750000.0,CityFlo,cityflo,0.0,0.0,0,-1.0,1,0.0,1,0,Seed/Angel,Other,Mumbai,0.0,0.0,0.0,0.0,0.0,1.0,0.0,0.0,1.0,0
2189,23/12/2015,CityFurnish,Furniture and appliances rental platform,,Gurgaon,Jitendra Gupta,Seed Funding,,,2015-12-23,,CityFurnish,cityfurnish,0.0,0.0,0,-1.0,1,0.0,2,1,Seed/Angel,Other,Delhi-NCR,0.001501877346683354,0.007752428297823025,0.03332533885000977,0.0005184611877695184,0.0005184611877695184,1.0,0.0,1.0,1.0,0
1537,13/07/2016,CityFurnish,Consumer Internet,Online Furniture Renting Platform,Gurgaon,Brand Capital,Seed Funding,,,2016-07-13,,CityFurnish,cityfurnish,0.0,0.0,1,203.0,0,203.0,2,1,Seed/Angel,Consumer Internet & Media,Delhi-NCR,0.0,0.0,0.0,0.0,0.0,1.0,0.0,0.0,1.0,0
1887,22/03/2016,CityShor,Consumer Internet,online lifestyle media recommendation portal,Ahmedabad,GAIN,Seed Funding,,,2016-03-22,,CityShor,cityshor,0.0,0.0,0,-1.0,1,0.0,1,0,Seed/Angel,Consumer Internet & Media,Ahmedabad,0.0,0.0,0.0,0.0,0.0,1.0,0.0,0.0,1.0,0
1834,04/03/2016,Civilsdaily,Consumer Internet,Civil Services News Aggregator,New Delhi,Manoj Kumar & Other undisclosed investors,Seed Funding,,,2016-03-04,,Civilsdaily,civilsdaily,0.0,0.0,0,-1.0,1,0.0,1,0,Seed/Angel,Consumer Internet & Media,Delhi-NCR,0.0,0.0,0.0,0.0,0.0,1.0,0.0,0.0,1.0,0
2394,04/09/2015,Clapsnslaps,Online Movie Review Platform,,Mumbai,R M Picture Company Pvt. Ltd.,Seed Funding,"1,50,000",,2015-09-04,150000.0,Clapsnslaps,clapsnslaps,0.0,0.0,0,-1.0,1,0.0,1,0,Seed/Angel,Other,Mumbai,0.0,0.0,0.0,0.0,0.0,1.0,0.0,0.0,1.0,0
135,14/11/2018,CleanseCar,Services,Car Wash,Bengaluru,Venture Catalysts,Seed/ Angel Funding,"5,00,000",,2018-11-14,500000.0,CleanseCar,cleansecar,0.0,0.0,0,-1.0,1,0.0,1,0,Seed/Angel,Other,Bengaluru,0.006508135168961201,0.04017278424458088,0.35498683772439593,0.0024836634434645655,0.0024836634434645655,1.0,0.0,1.0,1.0,0
2295,01/10/2015,Cleartax,Online Income Tax Filing platform,,New Delhi,Paytm (One97 communications),Private Equity,,,2015-10-01,,Cleartax,cleartax,0.0,0.0,0,-1.0,1,0.0,4,1,Private Equity,Other,Delhi-NCR,0.00025031289111389235,0.0,5.436574580572323e-09,0.00019298932774467834,0.00019298932774467834,1.0,0.0,1.0,1.0,0
1809,26/04/2016,ClearTax,Consumer Internet,Online filing of Tax returns,Bangalore,"Max Levchin, Scott Banister",Private Equity,"13,00,000",,2016-04-26,1300000.0,ClearTax,cleartax,0.0,0.0,1,208.0,0,208.0,4,1,Private Equity,Consumer Internet & Media,Bengaluru,0.0,0.0,0.0,0.0,0.0,2.0,0.0,0.0,1.0,0
1730,26/05/2016,Cleartax,Consumer Internet,Online Income Tax Filing platform,Bangalore,"FF Angel, Sequoia Capital",Private Equity,"20,00,000",,2016-05-26,2000000.0,Cleartax,cleartax,1300000.0,1300000.0,2,30.0,0,238.0,4,1,Private Equity,Consumer Internet & Media,Bengaluru,0.004005006257822278,0.059859204892582674,0.09566198113272546,0.001413958516141685,0.001413958516141685,2.0,1.0,1.0,1.0,0
1616,17/06/2016,Cleartax,Consumer Internet,Online Tax Filing Platform,New Delhi,"Ravi Adusumalli, SAIF Partners",Private Equity,"1,20,00,000",,2016-06-17,12000000.0,Cleartax,cleartax,3300000.0,2000000.0,3,22.0,0,260.0,4,1,Private Equity,Consumer Internet & Media,Delhi-NCR,0.000750938673341677,0.0042731615220654,0.0014112094183159625,0.00029227224578136433,0.00029227224578136433,2.0,1.0,1.0,1.0,0
1626,21/06/2016,Cleartrip,Consumer Internet,Online Travel Agency,Mumbai,"Concur Technologies, Gund Investment",Private Equity,,,2016-06-21,,Cleartrip,cleartrip,0.0,0.0,0,-1.0,1,0.0,1,0,Private Equity,Consumer Internet & Media,Mumbai,0.0,0.0,0.0,0.0,0.0,2.0,0.0,0.0,1.0,0
2938,02/02/2015,CleverSharks,,,,Group of Angel Investors,Seed\\nFunding,"16,600",At the 10 minute million event,2015-02-02,16600.0,CleverSharks,cleversharks,0.0,0.0,0,-1.0,1,0.0,1,0,Seed/Angel,Other,Tier-2/Other,0.000750938673341677,2.0055113960051465e-06,5.212874231067168e-07,0.00039636782498119144,0.00039636782498119144,1.0,0.0,1.0,1.0,0
392,02/01/2018,CleverTap,Technology,Mobile App Analytics,Mumbai,"Recruit Holdings, Sequoia Capital India, Accel Partners",Angel / Seed Funding,,,2018-01-02,,CleverTap,clevertap,0.0,0.0,0,-1.0,1,0.0,2,1,Seed/Angel,Technology & SaaS,Mumbai,0.004005006257822278,0.059859204892582674,0.09566198113272546,0.001413958516141685,0.0011868781191429374,3.0,1.0,1.0,1.0,0
108,11/04/2019,CleverTap,SaaS,Mobile analytics and marketing,Mumbai,"Sequoia India, Tiger Global Management, Accel Partners",Series B,"2,60,00,000",,2019-04-11,26000000.0,CleverTap,clevertap,0.0,0.0,1,464.0,0,464.0,2,1,Series B,Technology & SaaS,Mumbai,0.005006257822277847,0.07287536754319783,0.18527724887454788,0.0017164247516392465,0.001002621522852924,3.0,1.0,1.0,1.0,0
637,02/08/2017,Click2Clinic,Consumer Internet,healthcare service aggregator,Hyderabad,"Narottam Thudi, Shireesh Palle",Seed Funding,"8,50,000",,2017-08-02,850000.0,Click2Clinic,click2clinic,0.0,0.0,0,-1.0,1,0.0,1,0,Seed/Angel,Consumer Internet & Media,Hyderabad,0.0,0.0,0.0,0.0,0.0,2.0,0.0,0.0,1.0,0
686,07/07/2017,Clip App,Consumer Internet,Digital Media Video platform,Bangalore,"India Quotient, Shunwei Capital",Seed Funding,"10,00,000",,2017-07-07,1000000.0,Clip App,clip app,0.0,0.0,0,-1.0,1,0.0,1,0,Seed/Angel,Consumer Internet & Media,Bengaluru,0.0012515644555694616,0.0015831233045289707,0.0017614729921763422,0.000554745742038456,0.000554745742038456,2.0,0.0,1.0,1.0,0
996,02/02/2017,Clodura,Technology,Intelligent Sales Assistant,Pune,Undisclosed Investors,Seed Funding,,,2017-02-02,,Clodura,clodura,0.0,0.0,0,-1.0,1,0.0,1,0,Seed/Angel,Technology & SaaS,Pune,0.0,0.0,0.0,0.0,0.0,1.0,0.0,0.0,1.0,0
2981,25/02/2015,Clonect Solutions,,,,"V Balakrishnan, T V Mohandas Pai, BC Prabhakar",Seed\\nFunding,"2,50,000",,2015-02-25,250000.0,Clonect Solutions,clonect solutions,0.0,0.0,0,-1.0,1,0.0,1,0,Seed/Angel,Other,Tier-2/Other,0.0,0.0,0.0,0.0,0.0,3.0,0.0,0.0,1.0,0
2320,09/10/2015,Cloud Lending,End-to-End Lending platform,,Bangalore / San Mateo,SF Capital Group,Private Equity,"80,00,000",Series A,2015-10-09,8000000.0,Cloud Lending,cloud lending,0.0,0.0,0,-1.0,1,0.0,1,0,Private Equity,Other,Bengaluru,0.00025031289111389235,0.0,0.0012679923829752332,0.0001360523145527588,0.0001360523145527588,1.0,0.0,1.0,1.0,0
1854,09/03/2016,Cloudacar,Consumer Internet,Carpooling Mobile App,Pune,"Amit Choudhary, Anuj Puri",Seed Funding,,,2016-03-09,,Cloudacar,cloudacar,0.0,0.0,0,-1.0,1,0.0,1,0,Seed/Angel,Consumer Internet & Media,Pune,0.0,0.0,0.0,0.0,0.0,2.0,0.0,0.0,1.0,0
2571,01/07/2015,Cloudcherry Analytics,CRM / Analytics platform,,Chennai,"The Chennai Angels, IDG Ventures India",Seed Funding,"10,00,000",,2015-07-01,1000000.0,Cloudcherry Analytics,cloudcherry analytics,0.0,0.0,0,-1.0,1,0.0,1,0,Seed/Angel,Other,Chennai,0.000750938673341677,0.002207942702539416,0.0012113159830875644,0.0003491956708925769,0.0003491956708925769,2.0,0.0,1.0,1.0,0
1110,30/01/2017,Cloudrino,Technology,Cloud based Virtual Servers,New Delhi,The Ten Minute Million,Seed Funding,"22,500",,2017-01-30,22500.0,Cloudrino,cloudrino,0.0,0.0,0,-1.0,1,0.0,1,0,Seed/Angel,Technology & SaaS,Delhi-NCR,0.0,0.0,0.0,0.0,0.0,1.0,0.0,0.0,1.0,0
2696,09/06/2015,Clovia,Private Label lingerie Ecommerce,,New Delhi,IvyCap Ventures,Private Equity,"50,00,000",Series A,2015-06-09,5000000.0,Clovia,clovia,0.0,0.0,0,-1.0,1,0.0,2,1,Private Equity,E-Commerce,Delhi-NCR,0.0010012515644555694,0.0025562052263307694,9.695382383805698e-05,0.00042674507745196256,0.00042674507745196256,1.0,0.0,1.0,1.0,0
882,12/04/2017,Clovia,eCommerce,Online lingerie & Sleepwear etailer,New Delhi,"Ivycap Ventures Advisors, Singularity Ventures and Ravi Dhariwal",Private Equity,"40,00,000",,2017-04-12,4000000.0,Clovia,clovia,5000000.0,5000000.0,1,673.0,0,673.0,2,1,Private Equity,E-Commerce,Delhi-NCR,0.0010012515644555694,0.0025562052263307694,9.695382383805698e-05,0.00042674507745196256,0.00042674507745196256,2.0,0.0,1.0,1.0,0
26,20/11/2019,Clumio,SaaS,Recovery software,"San Jose,","Altimeter Capital, Sutter Hill Ventures",Series C,"13,50,00,000",,2019-11-20,135000000.0,Clumio,clumio,0.0,0.0,0,-1.0,1,0.0,1,0,Series C,Technology & SaaS,Tier-2/Other,0.0,0.0,0.0,0.0,0.0,2.0,0.0,0.0,1.0,0
1385,21/09/2016,Co Life,Consumer Internet,shared living and working spaces platform,Bangalore,Undisclosed Investors,Seed Funding,"10,00,000",,2016-09-21,1000000.0,Co Life,co life,0.0,0.0,0,-1.0,1,0.0,1,0,Seed/Angel,Consumer Internet & Media,Bengaluru,0.0,0.0,0.0,0.0,0.0,1.0,0.0,0.0,1.0,0
1382,20/09/2016,Codemojo,Consumer Internet,Customer Engagement Platform,Bangalore,CIO Angel Network,Seed Funding,,,2016-09-20,,Codemojo,codemojo,0.0,0.0,0,-1.0,1,0.0,1,0,Seed/Angel,Consumer Internet & Media,Bengaluru,0.0,0.0,0.0,0.0,0.0,1.0,0.0,0.0,1.0,0
2106,29/01/2016,CodingLabs,Technology,Coding Skill Showcase & Resume Builder,Hyderabad,Vineet Nalla,Seed Funding,,,2016-01-29,,CodingLabs,codinglabs,0.0,0.0,0,-1.0,1,0.0,1,0,Seed/Angel,Technology & SaaS,Hyderabad,0.0,0.0,0.0,0.0,0.0,1.0,0.0,0.0,1.0,0
226,01/06/2018,CoinTribe,Finance,Credit-Based Lending Marketplace For Small And Medium Enterprises,Gurugram,"Sabre Partners, Puneet Dalmia & Others",Private Equity,"1,00,00,000",,2018-06-01,10000000.0,CoinTribe,cointribe,0.0,0.0,0,-1.0,1,0.0,1,0,Private Equity,FinTech,Delhi-NCR,0.00025031289111389235,0.0,1.6918402629653404e-07,0.00015994742680346078,0.00015994742680346078,2.0,0.0,1.0,1.0,0
2909,20/03/2015,CollateBox,,,,LetsVenture,Seed Funding,"1,80,000",,2015-03-20,180000.0,CollateBox,collatebox,0.0,0.0,0,-1.0,1,0.0,1,0,Seed/Angel,Other,Tier-2/Other,0.00025031289111389235,0.0,0.0014541392121809268,0.00013664812728624517,0.00013664812728624517,1.0,0.0,1.0,1.0,0
847,29/05/2017,Collateral Medical,eCommerce,Online Medical equipment supplier,Mumbai,Carpediem Capital,Private Equity,"35,00,000",,2017-05-29,3500000.0,Collateral Medical,collateral medical,0.0,0.0,0,-1.0,1,0.0,1,0,Private Equity,E-Commerce,Mumbai,0.0,0.0,0.0,0.0,0.0,1.0,0.0,0.0,1.0,0
2599,08/07/2015,Collectabillia,Celebrity Fashion Brand,,Bangalore,Accel Partners,Private Equity,"75,00,000",Series B,2015-07-08,7500000.0,Collectabillia,collectabillia,0.0,0.0,0,-1.0,1,0.0,1,0,Private Equity,Other,Bengaluru,0.0025031289111389233,0.03180691231866443,0.01397423501569189,0.0009597977221441899,0.0009597977221441899,1.0,1.0,1.0,1.0,0
2109,01/12/2015,CollegeDekho,Online Education Information platform,,Jaipur,GirnarSoft,Seed Funding,"10,00,000",,2015-12-01,1000000.0,CollegeDekho,collegedekho,0.0,0.0,0,-1.0,1,0.0,3,1,Seed/Angel,EdTech,Jaipur,0.0,0.0,0.0,0.0,0.0,1.0,0.0,0.0,1.0,1
1790,19/04/2016,CollegeDekho,Consumer Internet,College & Student information platform,New Delhi,Man Capital,Private Equity,"20,00,000",,2016-04-19,2000000.0,CollegeDekho,collegedekho,1000000.0,1000000.0,1,140.0,0,140.0,3,1,Private Equity,Consumer Internet & Media,Delhi-NCR,0.00025031289111389235,0.0,1.353352185599358e-06,0.00015481537940763035,0.00015481537940763035,1.0,0.0,1.0,1.0,1
355,05/02/2018,CollegeDekho,Consumer Internet,Online platform for Higher Education Services,Gurugram,"Man Capital LLP, Girnar Software, Others",Private Equity,"20,00,000",,2018-02-05,2000000.0,CollegeDekho,collegedekho,3000000.0,2000000.0,2,657.0,0,797.0,3,1,Private Equity,Consumer Internet & Media,Delhi-NCR,0.00025031289111389235,0.0,1.353352185599358e-06,0.00015481537940763035,0.00015481537940763035,3.0,0.0,1.0,1.0,1
2065,19/01/2016,CollegeDunia,Consumer Internet,Educational College Search platform,New Delhi,Umang Kumar,Seed Funding,"4,45,000",,2016-01-19,445000.0,CollegeDunia,collegedunia,0.0,0.0,0,-1.0,1,0.0,1,0,Seed/Angel,Consumer Internet & Media,Delhi-NCR,0.0,0.0,0.0,0.0,0.0,1.0,0.0,0.0,1.0,0
526,04/10/2017,CollPoll,Consumer Internet,Education collaboration platform,Bangalore,Sprout Angels,Seed Funding,"3,06,000",,2017-10-04,306000.0,CollPoll,collpoll,0.0,0.0,0,-1.0,1,0.0,1,0,Seed/Angel,Consumer Internet & Media,Bengaluru,0.00025031289111389235,0.0,1.54413417595609e-07,0.00016435886649189237,0.00016435886649189237,1.0,0.0,1.0,1.0,0
1676,04/05/2016,Comarete,Technology,Telecom & Media IT services company,Pune,Grex.in,Seed Funding,"2,00,000",,2016-05-04,200000.0,Comarete,comarete,0.0,0.0,0,-1.0,1,0.0,1,0,Seed/Angel,Technology & SaaS,Pune,0.0,0.0,0.0,0.0,0.0,1.0,0.0,0.0,1.0,0
2833,13/04/2015,Commeasure,Online Hotel Booking,,Noida,Jungle Ventures,Seed Funding,"10,00,000",,2015-04-13,1000000.0,Commeasure,commeasure,0.0,0.0,0,-1.0,1,0.0,1,0,Seed/Angel,Other,Delhi-NCR,0.001501877346683354,0.013589173215773223,0.010289474729885855,0.0005614148492715481,0.0005614148492715481,1.0,0.0,1.0,1.0,0
3004,07/01/2015,Commonfloor,,,,Google Capital,Private Equity,"50,00,000",3rd Round,2015-01-07,5000000.0,Commonfloor,commonfloor,0.0,0.0,0,-1.0,1,0.0,1,0,Private Equity,Other,Tier-2/Other,0.0005006257822277847,0.001649196233190398,0.0002357910263278024,0.00022901162210896294,0.00022901162210896294,1.0,0.0,1.0,1.0,0
1805,25/04/2016,Commut,Consumer Internet,Shuttle Service Provider,Hyderabad,50K Ventures,Seed Funding,"2,00,000",,2016-04-25,200000.0,Commut,commut,0.0,0.0,0,-1.0,1,0.0,1,0,Seed/Angel,Consumer Internet & Media,Hyderabad,0.0,0.0,0.0,0.0,0.0,1.0,0.0,0.0,1.0,0
2028,08/01/2016,ConfirmTKT,Consumer Internet,Train PNR Status Prediction Platform,Bangalore,"Krishna Jhujhunwala, Dr. Apoorv Ranjan Sharma, Anirudh Damani, Anand Ladsariya, Sanjay Mehta & Others",Seed Funding,"2,50,000",,2016-01-08,250000.0,ConfirmTKT,confirmtkt,0.0,0.0,0,-1.0,1,0.0,1,0,Seed/Angel,Consumer Internet & Media,Bengaluru,0.0,0.0,0.0,0.0,0.0,5.0,0.0,0.0,1.0,0
2585,06/07/2015,ConfirmtTkt,Rail Ticket Confirmation predictor,,Bangalore,Pravin Agarwala & others,Seed Funding,,,2015-07-06,,ConfirmtTkt,confirmttkt,0.0,0.0,0,-1.0,1,0.0,1,0,Seed/Angel,Technology & SaaS,Bengaluru,0.0,0.0,0.0,0.0,0.0,1.0,0.0,0.0,1.0,0
1089,20/01/2017,Connaizen,Technology,Data Analytics platform,New Delhi,Umang Moondra,Seed Funding,,,2017-01-20,,Connaizen,connaizen,0.0,0.0,0,-1.0,1,0.0,2,1,Seed/Angel,Technology & SaaS,Delhi-NCR,0.0,0.0,0.0,0.0,0.0,1.0,0.0,0.0,1.0,0
1020,14/02/2017,Connaizen,Technology,Data Analytics platform,New Delhi,Vikram Sud,Seed Funding,,,2017-02-14,,Connaizen,connaizen,0.0,0.0,1,25.0,0,25.0,2,1,Seed/Angel,Technology & SaaS,Delhi-NCR,0.0,0.0,0.0,0.0,0.0,1.0,0.0,0.0,1.0,0
2474,03/08/2015,Connect India,ECommerce Logistics provider,,New Delhi,Aavishkaar,Private Equity,"50,00,000",Series A,2015-08-03,5000000.0,Connect India,connect india,0.0,0.0,0,-1.0,1,0.0,2,1,Private Equity,E-Commerce,Delhi-NCR,0.000750938673341677,0.0017407734192296477,7.261816513464656e-05,0.0003409138563562516,0.0003409138563562516,1.0,0.0,1.0,1.0,0
1197,04/11/2016,Connect India,Logistics,Last mile Delivery Network,Bangalore,Aavishkaar Venture Management,Private Equity,"10,00,000",,2016-11-04,1000000.0,Connect India,connect india,5000000.0,5000000.0,1,459.0,0,459.0,2,1,Private Equity,Logistics & Mobility,Bengaluru,0.0,0.0,0.0,0.0,0.0,1.0,0.0,0.0,1.0,0
2439,21/09/2015,ConnectAbank,Financial Products lead generation platform,,Mumbai,Prakhar Bumb,Seed Funding,,,2015-09-21,,ConnectAbank,connectabank,0.0,0.0,0,-1.0,1,0.0,1,0,Seed/Angel,Other,Mumbai,0.0,0.0,0.0,0.0,0.0,1.0,0.0,0.0,1.0,0
1731,26/05/2016,Consure Medical,Healthcare,Medical Devices Kit manufacturer,New Delhi,"Accel Partners, Indian Angel Network, India Innovation Fund India Venture Partners",Private Equity,,,2016-05-26,,Consure Medical,consure medical,0.0,0.0,0,-1.0,1,0.0,1,0,Private Equity,Healthcare,Delhi-NCR,0.0025031289111389233,0.03180691231866443,0.03555811791464255,0.0009597977221441899,0.0008809415611998126,3.0,1.0,1.0,1.0,0
2244,17/11/2015,Convegenius,Mobile Learning Solutions,,Noida / Singapore,Enablers platform,Seed Funding,"3,00,000",,2015-11-17,300000.0,Convegenius,convegenius,0.0,0.0,0,-1.0,1,0.0,2,1,Seed/Angel,Other,Delhi-NCR,0.0,0.0,0.0,0.0,0.0,1.0,0.0,0.0,2.0,1
1475,24/08/2016,Convegenius,Education,Edutainment platform,Noida,Michael and Susan Dell Foundation,Private Equity,"9,00,000",,2016-08-24,900000.0,Convegenius,convegenius,300000.0,300000.0,1,281.0,0,281.0,2,1,Private Equity,EdTech,Delhi-NCR,0.0,0.0,0.0,0.0,0.0,1.0,0.0,0.0,2.0,1
2788,19/05/2015,Cooey,Health Mobile App,,Bangalore,Subhash Goyal,Seed Funding,"4,70,000",,2015-05-19,470000.0,Cooey,cooey,0.0,0.0,0,-1.0,1,0.0,1,0,Seed/Angel,Healthcare,Bengaluru,0.0,0.0,0.0,0.0,0.0,1.0,0.0,0.0,1.0,0
1845,08/03/2016,Cookaroo,Consumer Internet,Food Delivery Platform,Bangalore,Vijay Krishna Yadav,Seed Funding,,,2016-03-08,,Cookaroo,cookaroo,0.0,0.0,0,-1.0,1,0.0,1,0,Seed/Angel,Consumer Internet & Media,Bengaluru,0.0,0.0,0.0,0.0,0.0,1.0,0.0,0.0,1.0,0
1584,08/06/2016,Cookifi,Consumer Internet,Online Chef Discovery & Booking Service,Bangalore,"Kunal Shah, Aneesh Reddy, Tracxn Labs, Venkat Tadanki, Krishna Mehra, Amit Rathore",Seed Funding,,,2016-06-08,,Cookifi,cookifi,0.0,0.0,0,-1.0,1,0.0,1,0,Seed/Angel,Consumer Internet & Media,Bengaluru,0.0,0.0,0.0,0.0,0.0,6.0,0.0,0.0,1.0,0
2132,07/12/2015,Coolshare,Cab Sharing service Mobile app,,Mumbai,Gopal Aggarwal,Seed Funding,"1,00,000",,2015-12-07,100000.0,Coolshare,coolshare,0.0,0.0,0,-1.0,1,0.0,1,0,Seed/Angel,Logistics & Mobility,Mumbai,0.0,0.0,0.0,0.0,0.0,1.0,0.0,0.0,1.0,0
1310,18/10/2016,Coppre,eCommerce,Copper based items etailer,Pune,Ganesh Natarajan,Seed Funding,,,2016-10-18,,Coppre,coppre,0.0,0.0,0,-1.0,1,0.0,1,0,Seed/Angel,E-Commerce,Pune,0.0,0.0,0.0,0.0,0.0,1.0,0.0,0.0,1.0,0
3030,22/01//2015,Corporate360,,,,Group of Angel Investors,Seed Funding,"2,00,000",,2015-01-22,200000.0,Corporate360,corporate360,0.0,0.0,0,-1.0,1,0.0,1,0,Seed/Angel,Other,Tier-2/Other,0.000750938673341677,2.0055113960051465e-06,5.212874231067168e-07,0.00039636782498119144,0.00039636782498119144,1.0,0.0,1.0,1.0,0
1198,04/11/2016,Corseco,Technology,AI-based Software as a Service Solution provider,New Delhi,"Ameera Shah, Vivek Bhargava",Seed Funding,"1,50,000",,2016-11-04,150000.0,Corseco,corseco,0.0,0.0,0,-1.0,1,0.0,1,0,Seed/Angel,Technology & SaaS,Delhi-NCR,0.0,0.0,0.0,0.0,0.0,2.0,0.0,0.0,1.0,0
3044,31/01/2015,couponmachine.in,,,,UK based Group of Angel Investors,Seed Funding,"1,40,000",,2015-01-31,140000.0,couponmachine.in,couponmachine,0.0,0.0,0,-1.0,1,0.0,1,0,Seed/Angel,Other,Tier-2/Other,0.000750938673341677,2.0055113960051465e-06,5.212874231067168e-07,0.00039636782498119144,0.00039636782498119144,1.0,0.0,1.0,1.0,0
2711,16/06/2015,CouponRaja,Online Coupon & comparison platform,,Mumbai,"Mahesh Pratapneni, Pallab Chatterjee & others",Seed Funding,"5,00,000",,2015-06-16,500000.0,CouponRaja,couponraja,0.0,0.0,0,-1.0,1,0.0,1,0,Seed/Angel,Other,Mumbai,0.0,0.0,0.0,0.0,0.0,2.0,0.0,0.0,1.0,0
1569,02/06/2016,Coutloot,eCommerce,Fashion Re-Commerce Platform,Mumbai,Venture Catalysts,Seed Funding,,,2016-06-02,,Coutloot,coutloot,0.0,0.0,0,-1.0,1,0.0,2,1,Seed/Angel,E-Commerce,Mumbai,0.006508135168961201,0.04017278424458088,0.35498683772439593,0.0024836634434645655,0.0024836634434645655,1.0,0.0,1.0,2.0,1
643,04/08/2017,CoutLoot,eCommerce,Fashion Resale Marketplace,Mumbai,"Anuj Puri, Redcliffe Capital, Artha India Ventures, Siddharth Kothari, Apoorv Ranjan Sharma,",Seed Funding,,,2017-08-04,,CoutLoot,coutloot,0.0,0.0,1,428.0,0,428.0,2,1,Seed/Angel,E-Commerce,Mumbai,0.00025031289111389235,0.0,3.9377968408257e-06,0.0001475271348715769,0.0001475271348715769,5.0,0.0,1.0,2.0,1
483,07/11/2017,CoveIoT,Technology,Wearable tech and Internet of Things platform,Bangalore,"Titan Co Ltd, Tata Group\\xe2\\x80\\x99s watch and jewellery retailing firm",Private Equity,"50,00,000",,2017-11-07,5000000.0,CoveIoT,coveiot,0.0,0.0,0,-1.0,1,0.0,1,0,Private Equity,Technology & SaaS,Bengaluru,0.0,0.0,0.0,0.0,0.0,2.0,0.0,0.0,1.0,0
2858,24/04/2015,Coverfox,Online Insurance Aggregator,,Mumbai,"Accel US, Accel India, SAIF Partners.",Private Equity,"1,20,00,000",Series B,2015-04-24,12000000.0,Coverfox,coverfox,0.0,0.0,0,-1.0,1,0.0,5,1,Private Equity,Other,Mumbai,0.0025031289111389233,0.03180691231866443,0.01397423501569189,0.0009597977221441899,0.0005124946473549434,3.0,1.0,1.0,1.0,0
2417,15/09/2015,Coverfox,Online Insurance Distribution Platform,,Mumbai,Cataraman Ventures,Private Equity,"20,00,000",Part of $12M Series B funding,2015-09-15,2000000.0,Coverfox,coverfox,12000000.0,12000000.0,1,144.0,0,144.0,5,1,Private Equity,Other,Mumbai,0.0,0.0,0.0,0.0,0.0,1.0,0.0,0.0,1.0,0
745,12/06/2017,CoverFox,Consumer Internet,Online insurance brokerage platform,Mumbai,Transamerica,Private Equity,"1,50,00,000",,2017-06-12,15000000.0,CoverFox,coverfox,14000000.0,2000000.0,2,636.0,0,780.0,5,1,Private Equity,Consumer Internet & Media,Mumbai,0.0,0.0,0.0,0.0,0.0,1.0,0.0,0.0,1.0,0
327,06/03/2018,Coverfox,Consumer Internet,Online Insurance Aggregator,Mumbai,Aegon NV,Private Equity,"76,00,000",,2018-03-06,7600000.0,Coverfox,coverfox,29000000.0,15000000.0,3,267.0,0,1047.0,5,1,Private Equity,Consumer Internet & Media,Mumbai,0.0,0.0,0.0,0.0,0.0,1.0,0.0,0.0,1.0,0
299,18/04/2018,Coverfox,Consumer Internet,Online Insurance Aggregator,Mumbai,"International Finance Corporation, Transamerica and others.",Private Equity,"2,20,00,000",,2018-04-18,22000000.0,Coverfox,coverfox,36600000.0,7600000.0,4,43.0,0,1090.0,5,1,Private Equity,Consumer Internet & Media,Mumbai,0.00025031289111389235,0.0,5.436574580572323e-09,0.00019298932774467834,0.00019298932774467834,2.0,0.0,1.0,1.0,0
2852,23/04/2015,Craftstvilla,Ethnic Product eCommerce,,Mumbai,"Sequoia Capital, Nexus venture Partners, Lightspeed Ventures, GFC",Private Equity,"1,80,00,000",Series B,2015-04-23,18000000.0,Craftstvilla,craftstvilla,0.0,0.0,0,-1.0,1,0.0,1,0,Private Equity,E-Commerce,Mumbai,0.004005006257822278,0.059859204892582674,0.09566198113272546,0.001413958516141685,0.000623639295283053,4.0,1.0,1.0,1.0,0
2239,17/11/2015,CraftsVilla,Women Ethnic Wear\\xc2\\xa0 Online Marketplace,,Mumbai,"Sequoia India, Lightspeed Venture Partners, Nexus Venture Partners, Global Founders Capital, Apoletto",Private Equity,"3,40,00,000",Series C,2015-11-17,34000000.0,CraftsVilla,craftsvilla,0.0,0.0,0,-1.0,1,0.0,2,1,Private Equity,E-Commerce,Mumbai,0.0010012515644555694,0.0036940218595162967,0.013159604614410363,0.00037416218548865226,0.00029069091249286547,5.0,1.0,1.0,1.0,0
106,10/04/2019,Craftsvilla,E-commerce,Fashion and Apparel,Mumbai,Supera Pte Ltd,Inhouse Funding,"24,43,495",,2019-04-10,2443495.0,Craftsvilla,craftsvilla,34000000.0,34000000.0,1,1240.0,0,1240.0,2,1,Other/Undisclosed,E-Commerce,Mumbai,0.0,0.0,0.0,0.0,0.0,1.0,0.0,0.0,1.0,0
2269,24/11/2015,Crayon Data,Big Data Analytics Platform,,Chennai/ Singapore,Ratan Tata,Private Equity,,,2015-11-24,,Crayon Data,crayon data,0.0,0.0,0,-1.0,1,0.0,2,1,Private Equity,Other,Chennai,0.0,0.0,0.0,0.0,0.0,1.0,0.0,0.0,1.0,0
481,07/11/2017,Crayon Data,Technology,Customer Engagement Platform,New Delhi,Infosys co-founder Kris Gopalakrishnan,Seed Funding,,,2017-11-07,,Crayon Data,crayon data,0.0,0.0,1,714.0,0,714.0,2,1,Seed/Angel,Technology & SaaS,Delhi-NCR,0.00025031289111389235,0.0,7.536060043354858e-05,0.00014404212694777666,0.00014404212694777666,1.0,0.0,1.0,1.0,0
714,26/07/2017,Creator\\xe2\\x80\\x99s Gurukul,Others,Co-Working Space Provider,New Delhi,Yuvraj Singh,Seed Funding,,,2017-07-26,,Creator\\xe2\\x80\\x99s Gurukul,creator\\xe2\\x80\\x99s gurukul,0.0,0.0,0,-1.0,1,0.0,1,0,Seed/Angel,Other,Delhi-NCR,0.0,0.0,0.0,0.0,0.0,1.0,0.0,0.0,1.0,0
624,26/09/2017,Credifiable,Consumer Internet,Online consumer lending platform,Bangalore,Kae Capital,Private Equity,,,2017-09-26,,Credifiable,credifiable,0.0,0.0,0,-1.0,1,0.0,1,0,Private Equity,Consumer Internet & Media,Bengaluru,0.0005006257822277847,0.0022066892579169126,0.00030628027223875305,0.00022405951589119736,0.00022405951589119736,1.0,0.0,1.0,1.0,0
2448,23/09/2015,Credihealth,Healthcare Consulting platform,,Gurgaon,Rajat Malhotra,Seed Funding,,,2015-09-23,,Credihealth,credihealth,0.0,0.0,0,-1.0,1,0.0,2,1,Seed/Angel,Healthcare,Delhi-NCR,0.0,0.0,0.0,0.0,0.0,1.0,0.0,0.0,1.0,0
892,17/04/2017,CrediHealth,Consumer Internet,Online Medical Assistance platform,Gurgaon,"Tolaram Inc, Mountain Pine Capital",Private Equity,"15,00,000",,2017-04-17,1500000.0,CrediHealth,credihealth,0.0,0.0,1,572.0,0,572.0,2,1,Private Equity,Consumer Internet & Media,Delhi-NCR,0.0,0.0,0.0,0.0,0.0,2.0,0.0,0.0,1.0,0
509,21/11/2017,Credit Mate,Technology,Vehicle loan approval platform,Mumbai,Paytm,Private Equity,,,2017-11-21,,Credit Mate,credit mate,0.0,0.0,0,-1.0,1,0.0,1,0,Private Equity,Technology & SaaS,Mumbai,0.00025031289111389235,0.0,5.436574580572323e-09,0.00019298932774467834,0.00019298932774467834,1.0,0.0,1.0,1.0,0
866,05/04/2017,Credit Sudhaar,Consumer Internet,Credit Score Improvement platform,Mumbai,"Deepak Kulkarni, Sandeep Pangal",Seed Funding,,,2017-04-05,,Credit Sudhaar,credit sudhaar,0.0,0.0,0,-1.0,1,0.0,1,0,Seed/Angel,Consumer Internet & Media,Mumbai,0.0,0.0,0.0,0.0,0.0,2.0,0.0,0.0,1.0,0
585,07/09/2017,Credit Vidya,Consumer Internet,Online Credit scoring platform,Mumbai,Matrix Partners,Private Equity,"50,00,000",,2017-09-07,5000000.0,Credit Vidya,credit vidya,0.0,0.0,0,-1.0,1,0.0,1,0,Private Equity,Consumer Internet & Media,Mumbai,0.00025031289111389235,0.0,0.0011995984420673335,0.00012986659567895903,0.00012986659567895903,1.0,1.0,1.0,1.0,0
2742,26/06/2015,CreditMantri,Credit Management Services,,Chennai,"IDG Ventures India, Elevar Equity, Accion Venture Lab",Private Equity,"25,00,000",Series A,2015-06-26,2500000.0,CreditMantri,creditmantri,0.0,0.0,0,-1.0,1,0.0,2,1,Private Equity,Other,Chennai,0.000750938673341677,0.0018933281022911086,0.0017200359104022932,0.0003330140780723053,0.0003330140780723053,3.0,0.0,1.0,1.0,0
933,02/03/2017,CreditMantri,Consumer Internet,Online Credit score & lending platform,Chennai,Quona Capital,Private Equity,"76,00,000",,2017-03-02,7600000.0,CreditMantri,creditmantri,2500000.0,2500000.0,1,615.0,0,615.0,2,1,Private Equity,Consumer Internet & Media,Chennai,0.00025031289111389235,0.0,0.0003744393720063739,0.00013754383759990627,0.00013754383759990627,1.0,0.0,1.0,1.0,0
1324,25/10/2016,CreditMate,Consumer Internet,Credit Report Info platform,Mumbai,India Quotient,Seed Funding,"5,00,000",,2016-10-25,500000.0,CreditMate,creditmate,0.0,0.0,0,-1.0,1,0.0,1,0,Seed/Angel,Consumer Internet & Media,Mumbai,0.0012515644555694616,0.0015831233045289707,0.0017614729921763422,0.000554745742038456,0.000554745742038456,1.0,0.0,1.0,1.0,0
1886,22/03/2016,CreditSeva,Consumer Internet,Online Credit management tools,Hyderabad,"Pix Vine Capital, Infocomm Development Authority of Singapore",Seed Funding,"3,60,000",,2016-03-22,360000.0,CreditSeva,creditseva,0.0,0.0,0,-1.0,1,0.0,1,0,Seed/Angel,Consumer Internet & Media,Hyderabad,0.0,0.0,0.0,0.0,0.0,2.0,0.0,0.0,1.0,0
1579,07/06/2016,CreditVidya,Technology,Credit Scoring Platform,Mumbai,Kalaari Capital,Private Equity,"10,00,000",,2016-06-07,1000000.0,CreditVidya,creditvidya,0.0,0.0,0,-1.0,1,0.0,1,0,Private Equity,Technology & SaaS,Mumbai,0.0025031289111389233,0.013397154605961893,0.0017630362707794693,0.0010197165577911919,0.0010197165577911919,1.0,1.0,1.0,1.0,0
2672,01/06/2015,CredR,Used two-wheeler Marketplace,,Mumbai,GrowthStory,Seed Funding,,,2015-06-01,,CredR,credr,0.0,0.0,0,-1.0,1,0.0,3,1,Seed/Angel,E-Commerce,Mumbai,0.0,0.0,0.0,0.0,0.0,1.0,0.0,0.0,1.0,1
2643,25/07/2015,CredR,Used Bikes Marketplace,,Mumbai,Fidelity Growth Partners,Private Equity,"1,50,00,000",Series A,2015-07-25,15000000.0,CredR,credr,0.0,0.0,1,54.0,0,54.0,3,1,Private Equity,E-Commerce,Mumbai,0.000750938673341677,0.001737645276581539,0.0004948050760799399,0.0002954922615291378,0.0002954922615291378,1.0,0.0,1.0,1.0,1
2411,12/09/2015,CredR,Used Vehicles Marketplace,,Mumbai,Eight Road Ventures,Private Equity,"1,50,00,000",Series A,2015-09-12,15000000.0,CredR,credr,15000000.0,15000000.0,2,49.0,0,103.0,3,1,Private Equity,E-Commerce,Mumbai,0.0,0.0,0.0,0.0,0.0,1.0,0.0,0.0,1.0,1
280,31/05/2018,Credright,Consumer Internet,Lending Platform For SMEs,Hyderabad,"Accion Venture Lab, YourNest Venture Capital And Other Angel Investors",Seed/ Angel Funding,"13,000,00",,2018-05-31,1300000.0,Credright,credright,0.0,0.0,0,-1.0,1,0.0,1,0,Seed/Angel,Consumer Internet & Media,Hyderabad,0.00025031289111389235,0.0,2.2213171803151287e-05,0.00015045598431541468,0.00015045598431541468,2.0,0.0,1.0,1.0,1
390,28/02/2018,Credy,IT,SaaS,Bengaluru,"Y Combinator, Khosla Ventures, Vy Capital and others",Seed / Angel Funding,"14,00,000",,2018-02-28,1400000.0,Credy,credy,0.0,0.0,0,-1.0,1,0.0,1,0,Seed/Angel,Other,Bengaluru,0.00425531914893617,0.03704616522382135,0.1137077548087308,0.0015893753600148012,0.0007427173756946725,3.0,0.0,1.0,1.0,0
2077,21/01/2016,CREO,Technology,Smartphone OS Developer,Bangalore,"Sequoia Capital, Beenext Ventures, India Quotient, Anand Chandrasekaran",Private Equity,"30,00,000",,2016-01-21,3000000.0,CREO,creo,0.0,0.0,0,-1.0,1,0.0,1,0,Private Equity,Technology & SaaS,Bengaluru,0.004005006257822278,0.059859204892582674,0.09566198113272546,0.001413958516141685,0.0009355041528734774,4.0,1.0,1.0,1.0,0
1440,12/08/2016,Crofarm,Technology,Agri-Tech supply chain Solution provider,Gurgaon,"Mukul Singhal, Rohit Jain, Himanshu Aggrawal, Sunil Goyal Ashish Gupta,",Private Equity,"15,00,000",,2016-08-12,1500000.0,Crofarm,crofarm,0.0,0.0,0,-1.0,1,0.0,2,1,Private Equity,Technology & SaaS,Delhi-NCR,0.0,0.0,0.0,0.0,0.0,4.0,0.0,0.0,1.0,0
649,09/08/2017,CroFarm,Technology,Agriculture Supply Chain solutions,Gurgaon,Factor[e] Ventures,Seed Funding,"7,83,000",,2017-08-09,783000.0,CroFarm,crofarm,1500000.0,1500000.0,1,362.0,0,362.0,2,1,Seed/Angel,Technology & SaaS,Delhi-NCR,0.0,0.0,0.0,0.0,0.0,1.0,0.0,0.0,1.0,0
1092,23/01/2017,CRON Systems,Technology,Border Intrusion Alert Solutions,New Delhi,YourNest Fund II,Seed Funding,,,2017-01-23,,CRON Systems,cron systems,0.0,0.0,0,-1.0,1,0.0,1,0,Seed/Angel,Technology & SaaS,Delhi-NCR,0.00025031289111389235,0.0,5.436574580572323e-09,0.00019298932774467834,0.00019298932774467834,1.0,0.0,1.0,1.0,0
1495,30/08/2016,CropIn,Technology,Agriculture Technology Solutions,Bangalore,Sophia Investment ApS,Private Equity,"20,00,000",,2016-08-30,2000000.0,CropIn,cropin,0.0,0.0,0,-1.0,1,0.0,2,1,Private Equity,Technology & SaaS,Bengaluru,0.0,0.0,0.0,0.0,0.0,1.0,0.0,0.0,1.0,1
621,25/09/2017,Cropin,Technology,Crop Technology Solutions,Bangalore,Beenext,Private Equity,,,2017-09-25,,Cropin,cropin,2000000.0,2000000.0,1,391.0,0,391.0,2,1,Private Equity,Technology & SaaS,Bengaluru,0.002252816020025031,0.026666534645510814,0.01377356864908714,0.0008378082004402911,0.0008378082004402911,1.0,0.0,1.0,1.0,1
1247,29/11/2016,Crossahead,Consumer Internet,Creative Artists Discovery & Booking platform,Noida,Mohit Sharma,Seed Funding,,,2016-11-29,,Crossahead,crossahead,0.0,0.0,0,-1.0,1,0.0,1,0,Seed/Angel,Consumer Internet & Media,Delhi-NCR,0.0,0.0,0.0,0.0,0.0,1.0,0.0,0.0,1.0,0
229,05/06/2018,Crowdera,Finance,Online Crowdfunding Platform,Nagpur,"Anil Advani, Pramod Jain, Amrendra Reddy and Manish Satnaliwala.",Seed/ Angel Funding,,,2018-06-05,,Crowdera,crowdera,0.0,0.0,0,-1.0,1,0.0,1,0,Seed/Angel,FinTech,Tier-2/Other,0.0,0.0,0.0,0.0,0.0,3.0,0.0,0.0,1.0,0
2881,09/03/2015,Crowdfire (formerly Justunfollow),,,,Kalaari Capital,Private Equity,"25,00,000",,2015-03-09,2500000.0,Crowdfire (formerly Justunfollow),crowdfire (formerly justunfollow),0.0,0.0,0,-1.0,1,0.0,1,0,Private Equity,Other,Tier-2/Other,0.0025031289111389233,0.013397154605961893,0.0017630362707794693,0.0010197165577911919,0.0010197165577911919,1.0,1.0,1.0,1.0,0
2791,19/05/2015,Crown-it,Hyperlocal Mobile Marketplace,,Gurgaon,"Accel Partners, Helion Venture Partners",Private Equity,"55,00,000",Series A,2015-05-19,5500000.0,Crown-it,crown-it,0.0,0.0,0,-1.0,1,0.0,1,0,Private Equity,E-Commerce,Delhi-NCR,0.0025031289111389233,0.03180691231866443,0.01397423501569189,0.0009597977221441899,0.0009597977221441899,2.0,1.0,1.0,1.0,0
1709,17/05/2016,Crownit,Consumer Internet,Mobile customer rewards management platform,Gurgaon,"Undisclosed investors, Accel Partners, Helion Venture Partners",Private Equity,,,2016-05-17,,Crownit,crownit,0.0,0.0,0,-1.0,1,0.0,2,1,Private Equity,Consumer Internet & Media,Delhi-NCR,0.0025031289111389233,0.03180691231866443,0.01397423501569189,0.0009597977221441899,0.0009597977221441899,3.0,1.0,1.0,1.0,0
1486,26/08/2016,CrownIt,Consumer Internet,Cashback Mobile app,Gurgaon,"Kunal Shah & Sandeep Tandon, Girish Mathrubootham, Anand Chandrasekaran",Seed Funding,,,2016-08-26,,CrownIt,crownit,0.0,0.0,1,101.0,0,101.0,2,1,Seed/Angel,Consumer Internet & Media,Delhi-NCR,0.0,0.0,0.0,0.0,0.0,3.0,0.0,0.0,1.0,0
844,29/05/2017,Cube Consumer Services,Consumer Internet,Finance management Mobile app,Mumbai,,Seed Funding,,,2017-05-29,,Cube Consumer Services,cube consumer services,0.0,0.0,0,-1.0,1,0.0,1,0,Seed/Angel,Consumer Internet & Media,Mumbai,0.0,0.0,0.0,0.0,0.0,0.0,0.0,0.0,1.0,0
2314,08/10/2015,Cube26,Gesture based Mobile Development,,New Delhi,"Tiger Global Management, Flipkart",Private Equity,"77,00,000",Series A,2015-10-08,7700000.0,Cube26,cube26,0.0,0.0,0,-1.0,1,0.0,1,0,Private Equity,Other,Delhi-NCR,0.005006257822277847,0.07287536754319783,0.18527724887454788,0.0017164247516392465,0.0009248616062810817,2.0,1.0,1.0,1.0,0
1443,12/08/2016,Cuberoot,Technology,Data Analytics & Audience Management Platform,Gurgaon,Undisclosed Investors,Seed Funding,"5,00,000",,2016-08-12,500000.0,Cuberoot,cuberoot,0.0,0.0,0,-1.0,1,0.0,1,0,Seed/Angel,Technology & SaaS,Delhi-NCR,0.0,0.0,0.0,0.0,0.0,1.0,0.0,0.0,1.0,0
2915,24/03/2015,Cubito,,,,Sol Primero,Seed Funding,"1,60,000",,2015-03-24,160000.0,Cubito,cubito,0.0,0.0,0,-1.0,1,0.0,1,0,Seed/Angel,Other,Tier-2/Other,0.0,0.0,0.0,0.0,0.0,1.0,0.0,0.0,1.0,0
2473,03/08/2015,Cuelearn,Tech-enabled learning,,New Delhi,Alok Mittal,Seed Funding,,,2015-08-03,,Cuelearn,cuelearn,0.0,0.0,0,-1.0,1,0.0,1,0,Seed/Angel,Other,Delhi-NCR,0.0,0.0,0.0,0.0,0.0,1.0,0.0,0.0,1.0,0
1575,07/06/2016,CueMath,Education,K-12 Maths Learning Courses,Bangalore,"Sequoia Capital, Unitus Seed Fund",Private Equity,"40,00,000",,2016-06-07,4000000.0,CueMath,cuemath,0.0,0.0,0,-1.0,1,0.0,2,1,Private Equity,EdTech,Bengaluru,0.004005006257822278,0.059859204892582674,0.09566198113272546,0.001413958516141685,0.001413958516141685,2.0,1.0,1.0,1.0,0
1093,23/01/2017,CueMath,Technology,Maths Learning program,New Delhi,"CapitalG, Sequoia India",Private Equity,"1,50,00,000",,2017-01-23,15000000.0,CueMath,cuemath,4000000.0,4000000.0,1,230.0,0,230.0,2,1,Private Equity,Technology & SaaS,Delhi-NCR,0.000750938673341677,0.0036940218595162967,0.007362732465128354,0.00033164209477533563,0.00033164209477533563,2.0,1.0,1.0,1.0,0
1479,25/08/2016,Cult,Healthcare,Health and Fitness Centres,Bangalore,CureFit,Private Equity,"30,00,000",,2016-08-25,3000000.0,Cult,cult,0.0,0.0,0,-1.0,1,0.0,1,0,Private Equity,Healthcare,Bengaluru,0.0,0.0,0.0,0.0,0.0,1.0,0.0,0.0,1.0,0
1748,05/04/2016,Cult Fitness,Healthcare,Healthcare training programs,Bangalore,Mukesh Bansal,Seed Funding,,,2016-04-05,,Cult Fitness,cult fitness,0.0,0.0,0,-1.0,1,0.0,1,0,Seed/Angel,Healthcare,Bengaluru,0.0,0.0,0.0,0.0,0.0,1.0,0.0,0.0,1.0,0
2948,05/02/2015,Culture Machine,,,,"Tiger Global, Times Internet, Zodius Capital",Private Equity,"1,80,00,000",Series B,2015-02-05,18000000.0,Culture Machine,culture machine,0.0,0.0,0,-1.0,1,0.0,1,0,Private Equity,Other,Tier-2/Other,0.005006257822277847,0.07287536754319783,0.18527724887454788,0.0017164247516392465,0.0017164247516392465,3.0,1.0,1.0,1.0,0
2579,03/07/2015,CultureAlley,Language Learning App,,Jaipur,Tiger Global,Private Equity,"65,00,000",Series A,2015-07-03,6500000.0,CultureAlley,culturealley,0.0,0.0,0,-1.0,1,0.0,1,0,Private Equity,Other,Jaipur,0.005006257822277847,0.07287536754319783,0.18527724887454788,0.0017164247516392465,0.0017164247516392465,1.0,1.0,1.0,1.0,0
2722,20/06/2015,Cupick,Social Network for Artists,,Bangalore,Group of Angel Investors from US/India,Seed Funding,"1,20,000",,2015-06-20,120000.0,Cupick,cupick,0.0,0.0,0,-1.0,1,0.0,1,0,Seed/Angel,Other,Bengaluru,0.000750938673341677,2.0055113960051465e-06,5.212874231067168e-07,0.00039636782498119144,0.00039636782498119144,1.0,0.0,1.0,1.0,0
1988,23/02/2016,CupoNation,Consumer Internet,Deals and Discount platform,Gurgaon,"Rocket Internet AG, Holtzbrink Ventures, New Enterprise Associates (NEA), e.ventures, ru-Net, Deutsche Telekom Strategic Investments (DTSI), Silicon Valley Bank",Private Equity,"1,10,00,000",,2016-02-23,11000000.0,CupoNation,cuponation,0.0,0.0,0,-1.0,1,0.0,1,0,Private Equity,Consumer Internet & Media,Delhi-NCR,0.000750938673341677,0.005316817904266545,0.0035094163416045663,0.0003029236949897748,0.0003029236949897748,7.0,0.0,1.0,1.0,0
645,05/08/2017,Curatio,Healthcare,Skincare Speciality services,Chennai,Anicut Capital,Private Equity,,,2017-08-05,,Curatio,curatio,0.0,0.0,0,-1.0,1,0.0,1,0,Private Equity,Healthcare,Chennai,0.0,0.0,0.0,0.0,0.0,1.0,0.0,0.0,1.0,0
223,30/07/2018,Cure Fit,Consumer Internet,Health and fitness Platform,Bengaluru,"IDG Ventures, Accel Partners, Kalaari Capital and Others",Private Equity,"12,00,00,000",,2018-07-30,120000000.0,Cure Fit,cure fit,0.0,0.0,0,-1.0,1,0.0,1,0,Private Equity,Consumer Internet & Media,Bengaluru,0.0025031289111389233,0.03180691231866443,0.01397423501569189,0.0009597977221441899,0.0005551268532298023,3.0,1.0,1.0,1.0,0
1506,04/07/2016,Curefit,Consumer Internet,Online Preventive Healthcare Platform,Bangalore,"Accel Partners, IDG Ventures, Kalaari Capital",Private Equity,"1,50,00,000",,2016-07-04,15000000.0,Curefit,curefit,0.0,0.0,0,-1.0,1,0.0,4,1,Private Equity,Consumer Internet & Media,Bengaluru,0.0025031289111389233,0.03180691231866443,0.01397423501569189,0.0010197165577911919,0.0009897571399676908,3.0,1.0,1.0,2.0,1
805,08/05/2017,CureFit,Technology,Health-Tech Platform,Bangalore,"Trifecta Capital Advisors LLP, Prathithi Investment Trust, RNT Capital, Gokul Rajaram, Aditya Agarwal, Ruchi Sanghvi & others",Private Equity,"32,00,000",,2017-05-08,3200000.0,CureFit,curefit,15000000.0,15000000.0,1,308.0,0,308.0,4,1,Private Equity,Technology & SaaS,Bengaluru,0.0012515644555694616,0.004315899566114388,0.01602511466398836,0.0005081592147271165,0.00027241599109462214,6.0,0.0,1.0,2.0,1
673,29/08/2017,CureFit,Consumer Internet,End to End health and wellness platform.,Bangalore,"Accel Partners, IDG Ventures, Kalaari Capital,\\xc2\\xa0 UC-RNT fund",Private Equity,"2,50,00,000",,2017-08-29,25000000.0,CureFit,curefit,18200000.0,3200000.0,2,113.0,0,421.0,4,1,Private Equity,Consumer Internet & Media,Bengaluru,0.0025031289111389233,0.03180691231866443,0.01397423501569189,0.0010197165577911919,0.0009897571399676908,4.0,1.0,1.0,2.0,1
427,30/01/2018,CureFit,Healthcare,Fitness,Bengaluru,"HDFC Bank, Axis Bank",Debt Funding,"1,00,00,000",,2018-01-30,10000000.0,CureFit,curefit,43200000.0,25000000.0,3,154.0,0,575.0,4,1,Debt,Healthcare,Bengaluru,0.0,0.0,0.0,0.0,0.0,2.0,0.0,0.0,2.0,1
1360,10/09/2016,CureInstant,Consumer Internet,Social Health Networking Platform,New Delhi,Dr. Rameshwar Kumar,Seed Funding,"1,50,000",,2016-09-10,150000.0,CureInstant,cureinstant,0.0,0.0,0,-1.0,1,0.0,1,0,Seed/Angel,Consumer Internet & Media,Delhi-NCR,0.0,0.0,0.0,0.0,0.0,1.0,0.0,0.0,1.0,0
2431,18/09/2015,CureJoy,Online Health & Wellness platform,,Bangalore,"Accel Partners, Subrata Mitra, Larry Braitman, Venk Krishna",Private Equity,"11,50,000",Pre-Series A,2015-09-18,1150000.0,CureJoy,curejoy,0.0,0.0,0,-1.0,1,0.0,2,1,Private Equity,Healthcare,Bengaluru,0.0025031289111389233,0.03180691231866443,0.01397423501569189,0.0009597977221441899,0.0009597977221441899,4.0,1.0,1.0,1.0,0
1607,14/06/2016,CureJoy,Consumer Internet,Online Alternative health community platform,Bangalore,Accel Partners India,Private Equity,"44,00,000",,2016-06-14,4400000.0,CureJoy,curejoy,1150000.0,1150000.0,1,270.0,0,270.0,2,1,Private Equity,Consumer Internet & Media,Bengaluru,0.0025031289111389233,0.03180691231866443,0.01397423501569189,0.0009597977221441899,0.0009597977221441899,1.0,1.0,1.0,1.0,0
806,09/05/2017,Curie Labs,Technology,Energy Analytics startup,New Delhi,Satoshi Studios,Seed Funding,"50,000",,2017-05-09,50000.0,Curie Labs,curie labs,0.0,0.0,0,-1.0,1,0.0,1,0,Seed/Angel,Technology & SaaS,Delhi-NCR,0.0,0.0,0.0,0.0,0.0,1.0,0.0,0.0,1.0,0
1072,17/01/2017,Curiositi,Consumer Internet,Online Learning Platform,Bangalore,"Menterra Social Impact Fund, Unitus Seed Fund",Private Equity,"8,00,000",,2017-01-17,800000.0,Curiositi,curiositi,0.0,0.0,0,-1.0,1,0.0,1,0,Private Equity,Consumer Internet & Media,Bengaluru,0.0,0.0,0.0,0.0,0.0,2.0,0.0,0.0,1.0,0
2319,09/10/2015,Curofy,Doctors Network Mobile App,,New Delhi,RoundGlass Partners,Private Equity,,Pre-Series A,2015-10-09,,Curofy,curofy,0.0,0.0,0,-1.0,1,0.0,2,1,Private Equity,Other,Delhi-NCR,0.0,0.0,0.0,0.0,0.0,1.0,0.0,0.0,1.0,0
455,14/12/2017,Curofy,Technology,Mobile App for Network of Doctors,Gurgaon,RoundGlass Partners LLC,Seed/Angel Funding,"2,50,000",,2017-12-14,250000.0,Curofy,curofy,0.0,0.0,1,797.0,0,797.0,2,1,Seed/Angel,Technology & SaaS,Delhi-NCR,0.0,0.0,0.0,0.0,0.0,1.0,0.0,0.0,1.0,0
2762,05/05/2015,Customer360,Customer Engagement Platform,,Mumbai,Vishwas Patel,Seed Funding,,,2015-05-05,,Customer360,customer360,0.0,0.0,0,-1.0,1,0.0,1,0,Seed/Angel,Other,Mumbai,0.0,0.0,0.0,0.0,0.0,1.0,0.0,0.0,1.0,0
338,19/03/2018,CustomerSucessBox,Technology,Customer Success Software for B2B SaaS,Gurugram,"Pi Ventures, Axilor Ventures",Seed / Angel Funding,"10,00,000",,2018-03-19,1000000.0,CustomerSucessBox,customersucessbox,0.0,0.0,0,-1.0,1,0.0,1,0,Seed/Angel,Technology & SaaS,Delhi-NCR,0.0010012515644555694,0.0028383000031962837,0.0014169998952540074,0.0004588750969253953,0.00031161698170864387,2.0,0.0,1.0,1.0,0
2879,05/03/2015,CustomFurnish.com,,,,"Madhukar Gangadi, Satish Reddy, Srini Raju, Srini Koppolu & SIDBI",Private Equity,"25,00,000",,2015-03-05,2500000.0,CustomFurnish.com,customfurnish,0.0,0.0,0,-1.0,1,0.0,2,1,Private Equity,Other,Tier-2/Other,0.0,0.0,0.0,0.0,0.0,4.0,0.0,0.0,1.0,0
2128,07/12/2015,Customfurnish,Custom Made furniture e-tailer,,Hyderabad,Agnus Capital,Private Equity,"45,00,000",Series A,2015-12-07,4500000.0,Customfurnish,customfurnish,2500000.0,2500000.0,1,277.0,0,277.0,2,1,Private Equity,Technology & SaaS,Hyderabad,0.00025031289111389235,0.0,1.353352185599358e-06,0.00015481537940763035,0.00015481537940763035,1.0,0.0,1.0,1.0,0
1337,29/10/2016,Cyclops,Technology,Clinical and Wearable Diagnostic Product creator,Bangalore,Kalaari Capital,Seed Funding,"1,00,000",,2016-10-29,100000.0,Cyclops,cyclops,0.0,0.0,0,-1.0,1,0.0,1,0,Seed/Angel,Technology & SaaS,Bengaluru,0.0025031289111389233,0.013397154605961893,0.0017630362707794693,0.0010197165577911919,0.0010197165577911919,1.0,1.0,1.0,1.0,0
1630,21/06/2016,CyclopsMedtech,Technology,Medical Technology Provider,Bangalore,CP Bothra,Seed Funding,,,2016-06-21,,CyclopsMedtech,cyclopsmedtech,0.0,0.0,0,-1.0,1,0.0,1,0,Seed/Angel,Technology & SaaS,Bengaluru,0.0,0.0,0.0,0.0,0.0,1.0,0.0,0.0,1.0,0
438,07/12/2017,Cygnus Hospitals,Healthcare,Super speciality Hospitals,Gurgaon,Somerset Indus Capital Ventures,Seed/Angel Funding,"7,50,000",,2017-12-07,750000.0,Cygnus Hospitals,cygnus hospitals,0.0,0.0,0,-1.0,1,0.0,1,0,Seed/Angel,Healthcare,Delhi-NCR,0.0,0.0,0.0,0.0,0.0,1.0,0.0,0.0,1.0,0
395,08/01/2018,DAAKI,E-commerce,Sports Nutrition Supplement etailer,Bengaluru,Rohan Agila,Angel / Seed Funding,,,2018-01-08,,DAAKI,daaki,0.0,0.0,0,-1.0,1,0.0,1,0,Seed/Angel,E-Commerce,Bengaluru,0.0,0.0,0.0,0.0,0.0,1.0,0.0,0.0,1.0,0
67,04/07/2019,Daalchini Technologies,Food and Beverage,Digital Vending Machine,New Delhi,Artha Venture,Seed Round,"5,00,000",,2019-07-04,500000.0,Daalchini Technologies,daalchini,0.0,0.0,0,-1.0,1,0.0,1,0,Seed/Angel,Food & Beverage,Delhi-NCR,0.0005006257822277847,1.2534446225032166e-06,9.2926202408571e-07,0.00027575320630760197,0.00027575320630760197,1.0,0.0,1.0,1.0,0
154,03/09/2018,Daily hunt,Consumer Internet,News and ebooks Mobile App\\xc2\\xa0,Bengaluru,Falcon Edge,Private Equity,"63,90,000",,2018-09-03,6390000.0,Daily hunt,daily hunt,0.0,0.0,0,-1.0,1,0.0,1,0,Private Equity,Consumer Internet & Media,Bengaluru,0.001501877346683354,0.006139893935334044,0.03494093435976817,0.0005554571776907639,0.0005554571776907639,1.0,0.0,1.0,1.0,0
1419,02/08/2016,Daily Ninja,Consumer Internet,Hyperlocal daily needs Products delivery platform,Bangalore,"Venk Krishnan, Aprameya Radhakrishna, Anupam Mittal, Kunal Shah, Tracxn Labs, Subramanya SV, Ravi Garkipati",Seed Funding,,,2016-08-02,,Daily Ninja,daily ninja,0.0,0.0,0,-1.0,1,0.0,2,1,Seed/Angel,Consumer Internet & Media,Bengaluru,0.0,0.0,0.0,0.0,0.0,7.0,0.0,0.0,1.0,0
237,12/06/2018,Daily Ninja,Consumer Internet,Hyperlocal Delivery Platform,Bengaluru,Saama Capital and Sequoia Capital,Seed/ Angel Funding,"30,00,000",,2018-06-12,3000000.0,Daily Ninja,daily ninja,0.0,0.0,1,679.0,0,679.0,2,1,Seed/Angel,Consumer Internet & Media,Bengaluru,0.00025031289111389235,0.0,2.2213171803151287e-05,0.00015045598431541468,0.00015045598431541468,1.0,1.0,1.0,1.0,0
2894,14/03/2015,Daily Rounds,,,,"Kae Capital, GSF, Teruhide Sato",Seed Funding,"5,00,000",,2015-03-14,500000.0,Daily Rounds,daily rounds,0.0,0.0,0,-1.0,1,0.0,1,0,Seed/Angel,Other,Tier-2/Other,0.0005006257822277847,0.0022066892579169126,0.00030628027223875305,0.00022405951589119736,0.00019898093473367585,3.0,0.0,1.0,1.0,0
1301,15/10/2016,DailyHunt,Consumer Internet,Vernacular content mobile app,Bangalore,"ByteDance, Arun Sarin, Matrix Partners, Sequoia Capital India, Omidyar Network,\\xc2\\xa0 Falcon Edge",Private Equity,"2,50,00,000",,2016-10-15,25000000.0,DailyHunt,dailyhunt,0.0,0.0,0,-1.0,1,0.0,1,0,Private Equity,Consumer Internet & Media,Bengaluru,0.004005006257822278,0.059859204892582674,0.09566198113272546,0.001413958516141685,0.0006244009381633613,6.0,1.0,1.0,1.0,0
2434,19/09/2015,DailyNinja,Hyperlocal Delivery Platform,,Bangalore,"Aprameya Radhakrishna, Naman Sarawagi, Afsal Salu,",Seed Funding,,,2015-09-19,,DailyNinja,dailyninja,0.0,0.0,0,-1.0,1,0.0,1,0,Seed/Angel,Logistics & Mobility,Bengaluru,0.0,0.0,0.0,0.0,0.0,3.0,0.0,0.0,1.0,0
2063,19/01/2016,DailyObjects,ECommerce,Mobile Accessories etailer,New Delhi,"Unilazer Fund,\\xc2\\xa0 Phanindra Sama, Peyush Bansal",Private Equity,"14,00,000",,2016-01-19,1400000.0,DailyObjects,dailyobjects,0.0,0.0,0,-1.0,1,0.0,1,0,Private Equity,E-Commerce,Delhi-NCR,0.0,0.0,0.0,0.0,0.0,3.0,0.0,0.0,1.0,0
1391,22/09/2016,DailyRounds,Consumer Internet,Mobile App for Doctors,Bangalore,"Accel Partners, Beenext, Powerhouse Ventures, Akusa Holdings",Private Equity,,,2016-09-22,,DailyRounds,dailyrounds,0.0,0.0,0,-1.0,1,0.0,1,0,Private Equity,Consumer Internet & Media,Bengaluru,0.0025031289111389233,0.03180691231866443,0.01397423501569189,0.0009597977221441899,0.0008988029612922404,4.0,1.0,1.0,1.0,0
1501,01/07/2016,DarwinBox,Technology,HR Software Services Startup,Hyderabad,"3one4 Capital, Tracxn Labs, Aaruha Technology Fund, Endiya Partners",Seed Funding,,,2016-07-01,,DarwinBox,darwinbox,0.0,0.0,0,-1.0,1,0.0,2,1,Seed/Angel,Technology & SaaS,Hyderabad,0.001501877346683354,0.023785097432873104,0.008421220328907532,0.0006322168844852831,0.000590305858817201,4.0,0.0,1.0,3.0,1
760,19/06/2017,DarwinBox,Technology,Enterprise human resources management platform,Hyderabad,"Lightspeed India Partners, Endiya Partners, 3one4 Capital Advisors LLP, Startupxseed Ventures LLP",Private Equity,"40,00,000",,2017-06-19,4000000.0,DarwinBox,darwinbox,0.0,0.0,1,353.0,0,353.0,2,1,Private Equity,Technology & SaaS,Hyderabad,0.001501877346683354,0.006678119493602958,0.0010745970944144054,0.0006322168844852831,0.00032335067595837334,4.0,1.0,1.0,3.0,1
946,07/03/2017,Data Resolve,Technology,Cyber Security Solutions,Noida,IDFC Parampara Early Stage Opportunities Fund,Private Equity,"10,00,000",,2017-03-07,1000000.0,Data Resolve,data resolve,0.0,0.0,0,-1.0,1,0.0,1,0,Private Equity,Technology & SaaS,Delhi-NCR,0.00025031289111389235,0.0,0.006749369399702827,0.00013107607070514182,0.00013107607070514182,1.0,0.0,1.0,1.0,0
868,05/04/2017,DataWeave,Technology,Business Intelligence Solutions,Bangalore,"FreakOut Group, Blume Ventures, Herb Madan, WaterBridge Ventures",Private Equity,,,2017-04-05,,DataWeave,dataweave,0.0,0.0,0,-1.0,1,0.0,1,0,Private Equity,Technology & SaaS,Bengaluru,0.000750938673341677,0.0038751109825472126,0.0016567159888903201,0.0003034714183840077,0.00022439514420960786,4.0,1.0,1.0,1.0,0
1924,05/02/2016,DawaiLelo,Consumer Internet,Healthcare Services & Online Pharmacy Mobile App,Varanasi,Undisclosed investors,Seed Funding,"52,000",,2016-02-05,52000.0,DawaiLelo,dawailelo,0.0,0.0,0,-1.0,1,0.0,1,0,Seed/Angel,Consumer Internet & Media,Tier-2/Other,0.0,0.0,0.0,0.0,0.0,1.0,0.0,0.0,1.0,0
1493,30/08/2016,DayBox,Consumer Internet,Fruit & Vegetable Delivery platform,New Delhi,"Ashutosh Lawania, Rajul Jain, Badal Malick, Rishi Gupta & Others",Seed Funding,"1,04,000",,2016-08-30,104000.0,DayBox,daybox,0.0,0.0,0,-1.0,1,0.0,1,0,Seed/Angel,Consumer Internet & Media,Delhi-NCR,0.0,0.0,0.0,0.0,0.0,4.0,0.0,0.0,1.0,0
2870,29/04/2015,Dazo,Mobile Food Ordering app,,Bangalore,"Sumit Jain, Aprameya Radhakrishna, Alok Goel, Rajan Anandan, Amit Agrawal, Vinay Goel, Gaurav Munjal, Ashish Dev Kapur",Seed Funding,,,2015-04-29,,Dazo,dazo,0.0,0.0,0,-1.0,1,0.0,1,0,Seed/Angel,Food & Beverage,Bengaluru,0.0,0.0,0.0,0.0,0.0,8.0,0.0,0.0,1.0,0
1773,15/04/2016,Deal 4Loans,Consumer Internet,Loan Comparison Portal,Noida,"Ram Shriram, Neeraj Arora, Puru Vashishtha",Seed Funding,,,2016-04-15,,Deal 4Loans,deal 4loans,0.0,0.0,0,-1.0,1,0.0,1,0,Seed/Angel,Consumer Internet & Media,Delhi-NCR,0.00025031289111389235,0.0,3.63414446275521e-08,0.00017390235357615433,0.00017390235357615433,3.0,0.0,1.0,1.0,0
2162,15/12/2015,Deal Street Asia,Digital Media Platform,,Singapore,"Vijay Shekhar Sharma, Singapore Angels Network",Seed Funding,,,2015-12-15,,Deal Street Asia,deal street asia,0.0,0.0,0,-1.0,1,0.0,1,0,Seed/Angel,Consumer Internet & Media,Tier-2/Other,0.000750938673341677,0.00471909365926236,0.0014597492225774918,0.0003333108063015668,0.0002488348363967296,2.0,0.0,1.0,1.0,0
1554,19/07/2016,Deal4Loans / Wishfin,Consumer Internet,\\nLoans Comparison platform\\n\\n\\n\\n     (adsbygoogle = window.adsbygoogle || []).push({});\\n\\n,Noida,Franklin Templeton International Services Pvt. Ltd,Private Equity,"1,50,00,000",,2016-07-19,15000000.0,Deal4Loans / Wishfin,deal4loans / wishfin,0.0,0.0,0,-1.0,1,0.0,1,0,Private Equity,Consumer Internet & Media,Delhi-NCR,0.00025031289111389235,0.0,0.002253627186395401,0.0001310338692853393,0.0001310338692853393,1.0,0.0,1.0,1.0,0
2937,02/02/2015,Dealwithus,,,,Group of Angel Investors,Seed\\nFunding,"16,600",At the 10 minute million event,2015-02-02,16600.0,Dealwithus,dealwithus,0.0,0.0,0,-1.0,1,0.0,1,0,Seed/Angel,Other,Tier-2/Other,0.000750938673341677,2.0055113960051465e-06,5.212874231067168e-07,0.00039636782498119144,0.00039636782498119144,1.0,0.0,1.0,1.0,0
2631,22/07/2015,deGustibus,Fine Dining Restaurant Chain,,Mumbai,India Value Fund Advisors,Private Equity,"3,00,00,000",Late Stage,2015-07-22,30000000.0,deGustibus,degustibus,0.0,0.0,0,-1.0,1,0.0,1,0,Private Equity,Food & Beverage,Mumbai,0.0,0.0,0.0,0.0,0.0,1.0,0.0,0.0,1.0,0
1180,26/12/2016,Dekkho,Consumer Internet,Video Streaming platform,Mumbai,undisclosed investors,Seed Funding,"12,00,000",,2016-12-26,1200000.0,Dekkho,dekkho,0.0,0.0,0,-1.0,1,0.0,1,0,Seed/Angel,Consumer Internet & Media,Mumbai,0.0,0.0,0.0,0.0,0.0,1.0,0.0,0.0,1.0,0
2763,06/05/2015,Delhivery,Ecommerce Logistics,,Gurgaon,"Tiger Global Management, Multiples Alternate Asset Management, Nexus Venture Partners, Times Internet",Private Equity,"8,50,00,000",Series D,2015-05-06,85000000.0,Delhivery,delhivery,0.0,0.0,0,-1.0,1,0.0,3,1,Private Equity,E-Commerce,Delhi-NCR,0.005006257822277847,0.07287536754319783,0.18527724887454788,0.0017164247516392465,0.0006558043446181974,4.0,1.0,1.0,5.0,1
976,24/03/2017,Delhivery,Technology,Tech enabled Fulfilment & Logistics Solutions,New Delhi,"Carlyle Group, Tiger Global",Private Equity,"10,00,00,000",,2017-03-24,100000000.0,Delhivery,delhivery,85000000.0,85000000.0,1,688.0,0,688.0,3,1,Private Equity,Technology & SaaS,Delhi-NCR,0.005006257822277847,0.07287536754319783,0.18527724887454788,0.0017164247516392465,0.0017164247516392465,2.0,1.0,1.0,5.0,1
835,22/05/2017,Delhivery,Logistics,ECommerce Logistics provider,New Delhi,Fosun International,Private Equity,"3,00,00,000",,2017-05-22,30000000.0,Delhivery,delhivery,185000000.0,100000000.0,2,59.0,0,747.0,3,1,Private Equity,Logistics & Mobility,Delhi-NCR,0.0,0.0,0.0,0.0,0.0,1.0,0.0,0.0,5.0,1
2229,11/11/2015,Delight Foods,Branded Food products online sales,,Bangalore,"Lensbridge Capital, Mape Advisory Group, Fireside Ventures",Private Equity,"6,00,000",Series A,2015-11-11,600000.0,Delight Foods,delight foods,0.0,0.0,0,-1.0,1,0.0,1,0,Private Equity,Food & Beverage,Bengaluru,0.0005006257822277847,3.7603338675096497e-07,9.534617301620764e-08,0.0003074012149302045,0.0003074012149302045,3.0,0.0,1.0,1.0,0
1410,30/09/2016,Demyto,Consumer Internet,Vehicle maintenance Services platform,Pune,Deepak Nathani,Seed Funding,,,2016-09-30,,Demyto,demyto,0.0,0.0,0,-1.0,1,0.0,1,0,Seed/Angel,Consumer Internet & Media,Pune,0.0,0.0,0.0,0.0,0.0,1.0,0.0,0.0,1.0,0
1703,12/05/2016,Derbii,Logistics,Carpooling Services,Gurgaon,Anurag Chauhan,Seed Funding,,,2016-05-12,,Derbii,derbii,0.0,0.0,0,-1.0,1,0.0,1,0,Seed/Angel,Logistics & Mobility,Delhi-NCR,0.0,0.0,0.0,0.0,0.0,1.0,0.0,0.0,1.0,0
691,11/07/2017,Design Cafe,Consumer Internet,Online Interior Design platform,Bangalore,"Fireside Ventures, Apurva Salarpuria, Sidharth Pansari, Sprout Capital",Seed Funding,,,2017-07-11,,Design Cafe,design cafe,0.0,0.0,0,-1.0,1,0.0,1,0,Seed/Angel,Consumer Internet & Media,Bengaluru,0.0005006257822277847,3.7603338675096497e-07,9.534617301620764e-08,0.0003074012149302045,0.0003074012149302045,4.0,0.0,1.0,2.0,1
2108,30/01/2016,DesignBids,Consumer Internet,Interior Design Marketplace,New Delhi,Indian Angel Network,Seed Funding,,,2016-01-30,,DesignBids,designbids,0.0,0.0,0,-1.0,1,0.0,1,0,Seed/Angel,Consumer Internet & Media,Delhi-NCR,0.002002503128911139,0.01032696862918804,0.03555811791464255,0.0008020854002554353,0.0008020854002554353,1.0,0.0,1.0,1.0,0
802,08/05/2017,Devourin,Technology,Restaurant Automation Solution,Pune,Deepak Nathani,Seed Funding,,,2017-05-08,,Devourin,devourin,0.0,0.0,0,-1.0,1,0.0,1,0,Seed/Angel,Technology & SaaS,Pune,0.0,0.0,0.0,0.0,0.0,1.0,0.0,0.0,1.0,0
1289,11/10/2016,Deyor Camps,Consumer Internet,Branded Camping location Aggregator,Gurgaon,"Nitin Passi, Manickam Mahalingam, Udaan Angels, Rajesh Arora, Arkas Industries",Seed Funding,"5,00,000",,2016-10-11,500000.0,Deyor Camps,deyor camps,0.0,0.0,0,-1.0,1,0.0,1,0,Seed/Angel,Consumer Internet & Media,Delhi-NCR,0.00025031289111389235,0.0,4.7107026817177316e-07,0.00016435886649189237,0.00015546198952059393,5.0,0.0,1.0,1.0,0
2206,03/11/2015,Deyor Rooms,Budget Hotels Aggregator,,New Delhi,Dheeraj Jain & Others,Seed Funding,"5,00,000",,2015-11-03,500000.0,Deyor Rooms,deyor rooms,0.0,0.0,0,-1.0,1,0.0,1,0,Seed/Angel,Other,Delhi-NCR,0.0,0.0,0.0,0.0,0.0,1.0,0.0,0.0,1.0,0
665,23/08/2017,Dhruva,Technology,Cloud data protection and management solutions,Pune,"Riverwood Capital, Sequoia Capital India, Nexus Venture Partners, Tenaya Capital",Private Equity,"8,00,00,000",,2017-08-23,80000000.0,Dhruva,dhruva,0.0,0.0,0,-1.0,1,0.0,1,0,Private Equity,Technology & SaaS,Pune,0.004005006257822278,0.059859204892582674,0.09566198113272546,0.001413958516141685,0.0007670452021962589,4.0,1.0,1.0,1.0,0
10,03/12/2019,Dhruva Space,Aerospace,Satellite Communication,Bengaluru,"Mumbai Angels, Ravikanth Reddy",Seed,"5,00,00,000",,2019-12-03,50000000.0,Dhruva Space,dhruva space,0.0,0.0,0,-1.0,1,0.0,1,0,Seed/Angel,Other,Bengaluru,0.0017521902377972466,0.010975312042205362,0.00961306277325317,0.0007274642447918312,0.0007274642447918312,2.0,0.0,1.0,1.0,0
2892,13/03/2015,DiabetOmics,,,,"VentureEast,\\xc2\\xa0 Varaprasad Reddy",Private Equity,"50,00,000",Series C,2015-03-13,5000000.0,DiabetOmics,diabetomics,0.0,0.0,0,-1.0,1,0.0,1,0,Private Equity,Other,Tier-2/Other,0.0,0.0,0.0,0.0,0.0,2.0,0.0,0.0,1.0,0
2225,09/11/2015,Didi,On-demand Maids Service Provider,,Mumbai,"Jozef Bardik, Leo Wang Sangeeth Ram",Seed Funding,"1,50,000",,2015-11-09,150000.0,Didi,didi,0.0,0.0,0,-1.0,1,0.0,1,0,Seed/Angel,Technology & SaaS,Mumbai,0.0,0.0,0.0,0.0,0.0,2.0,0.0,0.0,1.0,0
227,04/06/2018,Digiconectt,Technology,Sales Analytics and Enablement Platform,Bengaluru,Aspire Logistics LLC,Seed/ Angel Funding,"1,25,000",,2018-06-04,125000.0,Digiconectt,digiconectt,0.0,0.0,0,-1.0,1,0.0,1,0,Seed/Angel,Technology & SaaS,Bengaluru,0.0,0.0,0.0,0.0,0.0,1.0,0.0,0.0,1.0,0
656,14/08/2017,Digilend,Technology,Personal Loans & EMI solutions platform,Mumbai,"InCred Finance, Fullerton India Credit Company Ltd",Seed Funding,"3,12,000",,2017-08-14,312000.0,Digilend,digilend,0.0,0.0,0,-1.0,1,0.0,1,0,Seed/Angel,Technology & SaaS,Mumbai,0.0,0.0,0.0,0.0,0.0,2.0,0.0,0.0,1.0,0
1460,19/08/2016,Digio,Technology,Aadhar based Document Signing platform,Bangalore,Rainmatter,Private Equity,"3,75,000",,2016-08-19,375000.0,Digio,digio,0.0,0.0,0,-1.0,1,0.0,1,0,Private Equity,Technology & SaaS,Bengaluru,0.00025031289111389235,0.0,0.002994561045724411,0.0001361996154533645,0.0001361996154533645,1.0,0.0,1.0,1.0,0
748,13/06/2017,Digit,Technology,Tech driven Insurance platform,Bangalore,Fairfax Holdings,Private Equity,,,2017-06-13,,Digit,digit,0.0,0.0,0,-1.0,1,0.0,2,1,Private Equity,Technology & SaaS,Bengaluru,0.0,0.0,0.0,0.0,0.0,1.0,0.0,0.0,1.0,0
215,24/07/2018,Digit,Consumer Internet,Online Insurance Startup,Pune,Fairfax,Private Equity,"4,50,00,000",,2018-07-24,45000000.0,Digit,digit,0.0,0.0,1,406.0,0,406.0,2,1,Private Equity,Consumer Internet & Media,Pune,0.0,0.0,0.0,0.0,0.0,1.0,0.0,0.0,1.0,0
38,04/09/2019,Digital F5,"Advertising, Marketing",Digital marketing firm,Mumbai,TIW Private Equity,Private Equity Round,"60,00,000",,2019-09-04,6000000.0,Digital F5,digital f5,0.0,0.0,0,-1.0,1,0.0,1,0,Private Equity,Other,Mumbai,0.0,0.0,0.0,0.0,0.0,1.0,0.0,0.0,1.0,0
2897,16/03/2015,Digital Gorkha,,,,Ramesh kavediya,Seed Funding,"1,66,000",,2015-03-16,166000.0,Digital Gorkha,digital gorkha,0.0,0.0,0,-1.0,1,0.0,1,0,Seed/Angel,Other,Tier-2/Other,0.0,0.0,0.0,0.0,0.0,1.0,0.0,0.0,1.0,0
28,19/11/2019,Digital Mall Asia,E-Commerce,Virtual e-commerce platform,Delhi,Amour Infrastructure,Seed Funding,"22,00,00,000",,2019-11-19,220000000.0,Digital Mall Asia,digital mall asia,0.0,0.0,0,-1.0,1,0.0,1,0,Seed/Angel,E-Commerce,Delhi-NCR,0.0,0.0,0.0,0.0,0.0,1.0,0.0,0.0,1.0,0
1741,01/04/2016,Dil Mil,Consumer Internet,Matchmaking Mobile App,SFO / Bangalore,"Nelstone Ventures, Transmedia Capital, Maiden Lane Ventures, CSC Upshot & Angel investors",Private Equity,"27,00,000",,2016-04-01,2700000.0,Dil Mil,dil mil,0.0,0.0,0,-1.0,1,0.0,1,0,Private Equity,Consumer Internet & Media,Bengaluru,0.000750938673341677,2.0055113960051465e-06,5.212874231067168e-07,0.00039636782498119144,0.00039636782498119144,4.0,0.0,1.0,1.0,0
1621,20/06/2016,Dipper,eCommerce,Freight Logistics Marketplace,New Delhi,Undisclosed investor,Seed Funding,,,2016-06-20,,Dipper,dipper,0.0,0.0,0,-1.0,1,0.0,1,0,Seed/Angel,E-Commerce,Delhi-NCR,0.0,0.0,0.0,0.0,0.0,1.0,0.0,0.0,1.0,0
1079,18/01/2017,Direct Create,eCommerce,B2B Marketplace for Handicrafts,Gurgaon,Rajasthan Venture Capital Fund,Seed Funding,,,2017-01-18,,Direct Create,direct create,0.0,0.0,0,-1.0,1,0.0,1,0,Seed/Angel,E-Commerce,Delhi-NCR,0.0005006257822277847,1.0027556980025733e-06,3.733323761650289e-07,0.00028032454545312113,0.00028032454545312113,1.0,0.0,1.0,1.0,0
1610,16/06/2016,Diro Labs,Consumer Internet,Contact Management Mobile App,New Delhi,Info Edge (India) Ltd,Private Equity,"4,50,000",,2016-06-16,450000.0,Diro Labs,diro labs,0.0,0.0,0,-1.0,1,0.0,2,1,Private Equity,Consumer Internet & Media,Delhi-NCR,0.000750938673341677,0.002301083933076535,0.00011362542004131888,0.00033460530249453915,0.00033460530249453915,1.0,0.0,1.0,1.0,0
1125,06/12/2016,Diro Labs,Consumer Internet,Mobile Contacts Management app,New Delhi,Info Edge (India),Seed Funding,"1,47,000",,2016-12-06,147000.0,Diro Labs,diro labs,450000.0,450000.0,1,173.0,0,173.0,2,1,Seed/Angel,Consumer Internet & Media,Delhi-NCR,0.000750938673341677,0.002301083933076535,0.00011362542004131888,0.00033460530249453915,0.00033460530249453915,1.0,0.0,1.0,1.0,0
2437,21/09/2015,DishCo,Food discovery & table booking app,,Mumbai,"Anand Mahindra, Uday Punj, Ashish Hemrajani, Sanjeev Mehra",Seed Funding,,,2015-09-21,,DishCo,dishco,0.0,0.0,0,-1.0,1,0.0,1,0,Seed/Angel,Food & Beverage,Mumbai,0.00025031289111389235,0.0,4.649283043419277e-05,0.0001466783674553556,0.0001466783674553556,4.0,0.0,1.0,1.0,0
165,01/08/2018,dishq,Food-Tech,Personalisation Technology Firm Focusing On The Food And Beverage Industry,Bengaluru,"Farm To Fork, Arts Alliance, The Syndicate Fund, Sven Hensen, Zeroth and Artesian Venture Partners",Seed/ Angel Funding,"4,00,000",,2018-08-01,400000.0,dishq,dishq,0.0,0.0,0,-1.0,1,0.0,1,0,Seed/Angel,Food & Beverage,Bengaluru,0.0012515644555694616,0.004638772999889398,7.508484863299938e-05,0.0005537048140257201,0.0005537048140257201,5.0,0.0,1.0,1.0,0
260,03/05/2018,Disprz,IT,SaaS,Chennai,"IL&FS Private Equity, Kae Capital & Others",Seed / Angel Funding,"25,00,000",,2018-05-03,2500000.0,Disprz,disprz,0.0,0.0,0,-1.0,1,0.0,1,0,Seed/Angel,Other,Chennai,0.0005006257822277847,0.0022066892579169126,0.00030628027223875305,0.00022405951589119736,0.00022405951589119736,2.0,0.0,1.0,2.0,1
2561,27/08/2015,Djubo.com,Cloud Based Hotel Sales Platform,,New Delhi,Ibibo Group,Private Equity,,Strategic Investment,2015-08-27,,Djubo.com,djubo,0.0,0.0,0,-1.0,1,0.0,1,0,Private Equity,Other,Delhi-NCR,0.0,0.0,0.0,0.0,0.0,1.0,0.0,0.0,1.0,0
2302,06/10/2015,DocPlexus,Exclusive Platform for Doctors & Healthcare professionals,,Pune,"Uniqorn ventures, ASP Consulting",Seed Funding,"7,00,000",,2015-10-06,700000.0,DocPlexus,docplexus,0.0,0.0,0,-1.0,1,0.0,1,0,Seed/Angel,Healthcare,Pune,0.0,0.0,0.0,0.0,0.0,2.0,0.0,0.0,1.0,0
1817,28/04/2016,DocsApp,Consumer Internet,Online Doctor Discovery & Chat platform,Bangalore,"Rebright Partners, Anand Rajaraman, Venky Harinarayan",Private Equity,"12,00,000",,2016-04-28,1200000.0,DocsApp,docsapp,0.0,0.0,0,-1.0,1,0.0,2,1,Private Equity,Consumer Internet & Media,Bengaluru,0.000750938673341677,0.003196220928343446,0.004700096284675348,0.00032056487406524517,0.00032056487406524517,3.0,0.0,1.0,1.0,0
451,13/12/2017,DocsApp,Technology,Mobile Application for Doctor Consultation,Bengaluru,Bessemer Venture Partners,Private Equity,"72,00,000",,2017-12-13,7200000.0,DocsApp,docsapp,1200000.0,1200000.0,1,594.0,0,594.0,2,1,Private Equity,Technology & SaaS,Bengaluru,0.0012515644555694616,0.004593992124282985,0.002924969761969057,0.0005026251490342794,0.0005026251490342794,1.0,0.0,1.0,1.0,0
482,07/11/2017,DocTalk,Technology,Doctor Patient Communication platform,Mumbai,"Matrix Partners India, Khosla Ventures",Private Equity,"50,00,000",,2017-11-07,5000000.0,DocTalk,doctalk,0.0,0.0,0,-1.0,1,0.0,1,0,Private Equity,Technology & SaaS,Mumbai,0.0010012515644555694,6.517912037016726e-06,0.0011995984420673335,0.0004883207827538014,0.00030909368921638023,2.0,1.0,1.0,1.0,0
2184,22/12/2015,Doctor Insta,Medical Consultation & Doctor appointment booking platform,,Gurgaon,"Rishi Parti, BrahmaX Ventures",Private Equity,"5,00,000",pre-Series A,2015-12-22,500000.0,Doctor Insta,doctor insta,0.0,0.0,0,-1.0,1,0.0,2,1,Private Equity,Healthcare,Delhi-NCR,0.0,0.0,0.0,0.0,0.0,2.0,0.0,0.0,1.0,0
1142,12/12/2016,Doctor Insta,Consumer Internet,Online Doctor Consulting platform,Gurgaon,RoundGlass Partners,Private Equity,"20,00,000",,2016-12-12,2000000.0,Doctor Insta,doctor insta,500000.0,500000.0,1,356.0,0,356.0,2,1,Private Equity,Consumer Internet & Media,Delhi-NCR,0.0,0.0,0.0,0.0,0.0,1.0,0.0,0.0,1.0,0
1378,16/09/2016,DoctorInsta,Consumer Internet,Online Doctor Consultations,Gurgaon,RoundGlass Partners,Private Equity,"10,00,000",,2016-09-16,1000000.0,DoctorInsta,doctorinsta,0.0,0.0,0,-1.0,1,0.0,1,0,Private Equity,Consumer Internet & Media,Delhi-NCR,0.0,0.0,0.0,0.0,0.0,1.0,0.0,0.0,1.0,0
2007,04/01/2016,DogSpot,ECommerce,Online Pet Store,Gurgaon,Ratan Tata,Seed Funding,,,2016-01-04,,DogSpot,dogspot,0.0,0.0,0,-1.0,1,0.0,1,0,Seed/Angel,E-Commerce,Delhi-NCR,0.0,0.0,0.0,0.0,0.0,1.0,0.0,0.0,1.0,0
1515,06/07/2016,Don\\xe2\\x80\\x99t Scratch Your Head,Technology,Full Stack Offline & Online ERP Solution,Ahmedabad,"Gaurav Singhvi, Zaffiro Ventures",Seed Funding,"2,50,000",,2016-07-06,250000.0,Don\\xe2\\x80\\x99t Scratch Your Head,don\\xe2\\x80\\x99t scratch your head,0.0,0.0,0,-1.0,1,0.0,1,0,Seed/Angel,Technology & SaaS,Ahmedabad,0.0,0.0,0.0,0.0,0.0,2.0,0.0,0.0,1.0,0
980,28/03/2017,DoneThing,Consumer Internet,On-demand Personal Assistant service,Gurgaon,Brand Capital,Private Equity,"3,00,000",,2017-03-28,300000.0,DoneThing,donething,0.0,0.0,0,-1.0,1,0.0,1,0,Private Equity,Consumer Internet & Media,Delhi-NCR,0.0,0.0,0.0,0.0,0.0,1.0,0.0,0.0,1.0,0
650,09/08/2017,DoodhWala,Consumer Internet,Online milk delivery,Bangalore,Tom Varkey,Seed Funding,,,2017-08-09,,DoodhWala,doodhwala,0.0,0.0,0,-1.0,1,0.0,1,0,Seed/Angel,Consumer Internet & Media,Bengaluru,0.0,0.0,0.0,0.0,0.0,1.0,0.0,0.0,1.0,0
2842,18/04/2015,Doormint,On-Demand Handyman Services,,Mumbai,Powai Lake Ventures,Seed Funding,,,2015-04-18,,Doormint,doormint,0.0,0.0,0,-1.0,1,0.0,2,1,Seed/Angel,Other,Mumbai,0.0,0.0,0.0,0.0,0.0,1.0,0.0,0.0,1.0,0
2484,05/08/2015,Doormint,Hyperlocal Handyman services,,Mumbai,"Helion Venture Partners, Kalaari Capital",Private Equity,"30,00,000",Series A,2015-08-05,3000000.0,Doormint,doormint,0.0,0.0,1,109.0,0,109.0,2,1,Private Equity,Other,Mumbai,0.0025031289111389233,0.013397154605961893,0.0017630362707794693,0.0010197165577911919,0.0010197165577911919,2.0,1.0,1.0,1.0,0
1194,03/11/2016,DoSelect,Consumer Internet,Skill Showcasing platform,Bangalore,"3one4 Capital, Mumbai Angels, Aarin Capital",Seed Funding,,,2016-11-03,,DoSelect,doselect,0.0,0.0,0,-1.0,1,0.0,1,0,Seed/Angel,Consumer Internet & Media,Bengaluru,0.0017521902377972466,0.023785097432873104,0.00961306277325317,0.0007274642447918312,0.0004896161352285428,3.0,0.0,1.0,1.0,0
674,29/08/2017,Doxper,Technology,Healthtech IoT platform,Mumbai,"idal Health, growx ventures, Capier Investments, Globevestor & others",Seed Funding,"7,50,000",,2017-08-29,750000.0,Doxper,doxper,0.0,0.0,0,-1.0,1,0.0,2,1,Seed/Angel,Technology & SaaS,Mumbai,0.00025031289111389235,0.0,9.55861469935405e-07,0.00014934135773833068,0.00014934135773833068,4.0,0.0,1.0,1.0,0
305,22/04/2018,Doxper,Healthcare,Digitized Health-Tech Solutions For Practitioners,Mumbai,Vidal Healthcare,Seed / Angel Funding,"19,00,000",,2018-04-22,1900000.0,Doxper,doxper,750000.0,750000.0,1,236.0,0,236.0,2,1,Seed/Angel,Healthcare,Mumbai,0.0,0.0,0.0,0.0,0.0,1.0,0.0,0.0,1.0,0
1700,12/05/2016,Dream Wallets,Consumer Internet,Online Crowdfunding platform,Jaipur,"Rakesh Gupta, Aditya Aggarwal, Siddharth Banerjee, Vikas Ranjan, Anshul Jindal, Sunil Koul, and Sanjeev Agrawal",Seed Funding,,,2016-05-12,,Dream Wallets,dream wallets,0.0,0.0,0,-1.0,1,0.0,1,0,Seed/Angel,Consumer Internet & Media,Jaipur,0.00025031289111389235,0.0,5.005742896119195e-07,0.00015863277424133518,0.00015863277424133518,7.0,0.0,1.0,1.0,0
159,06/09/2018,Dream11,Consumer Internet,Online Gaming Platform,Mumbai,"Tencent, Kalaari Capital and Private equity firm Multiples Alternate Asset Management",Private Equity,"10,00,00,000",,2018-09-06,100000000.0,Dream11,dream11,0.0,0.0,0,-1.0,1,0.0,1,0,Private Equity,Consumer Internet & Media,Mumbai,0.00025031289111389235,0.0,0.0005406707197536018,0.00015045598431541468,0.00014459565881984283,2.0,1.0,1.0,1.0,0
247,20/06/2018,Drip capital,Finance,Trade Finance Firm,Mumbai,"Accel Partners, Sequoia India, Y Combinator and others.",Private Equity,"1,50,00,000",,2018-06-20,15000000.0,Drip capital,drip capital,0.0,0.0,0,-1.0,1,0.0,1,0,Private Equity,FinTech,Mumbai,0.00425531914893617,0.03704616522382135,0.1137077548087308,0.0015893753600148012,0.0009602717256447756,3.0,1.0,1.0,1.0,0
1788,19/04/2016,DriversCart,Consumer Internet,on-demand chauffeur provider,Chennai,ah! Ventures,Seed Funding,"4,50,000",,2016-04-19,450000.0,DriversCart,driverscart,0.0,0.0,0,-1.0,1,0.0,1,0,Seed/Angel,Consumer Internet & Media,Chennai,0.0012515644555694616,0.0034676545481551486,0.00024930596051947864,0.0005595823330734198,0.0005595823330734198,1.0,0.0,1.0,1.0,0
1057,10/01/2017,DriveSkool,Consumer Internet,online marketplace for driving schools,Bangalore,Aavya Ventures,Seed Funding,,,2017-01-10,,DriveSkool,driveskool,0.0,0.0,0,-1.0,1,0.0,1,0,Seed/Angel,Consumer Internet & Media,Bengaluru,0.0,0.0,0.0,0.0,0.0,1.0,0.0,0.0,1.0,0
2902,18/03/2015,Drivestream,,,,Wipro,Private Equity,"50,00,000",,2015-03-18,5000000.0,Drivestream,drivestream,0.0,0.0,0,-1.0,1,0.0,1,0,Private Equity,Other,Tier-2/Other,0.00025031289111389235,0.0,3.2179003189730006e-05,0.00014853622000283762,0.00014853622000283762,1.0,0.0,1.0,1.0,0
1820,01/03/2016,DriveU,Consumer Internet,Chauffeurs Discovery for private car owners,Bangalore,Unitus Seed Fund,Seed Funding,,,2016-03-01,,DriveU,driveu,0.0,0.0,0,-1.0,1,0.0,3,1,Seed/Angel,Consumer Internet & Media,Bengaluru,0.0,0.0,0.0,0.0,0.0,1.0,0.0,0.0,1.0,0
349,27/03/2018,DriveU,Technology,Professional Car Drivers Hiring App,Bengaluru,Amit Singhal and Unitus Seed Fund,Private Equity,"30,00,000",,2018-03-27,3000000.0,DriveU,driveu,0.0,0.0,1,756.0,0,756.0,3,1,Private Equity,Technology & SaaS,Bengaluru,0.0005006257822277847,0.001577460057420298,0.00017312623893460676,0.00023471987501689622,0.00023471987501689622,1.0,0.0,1.0,1.0,0
134,13/11/2018,DriveU,Transport,On-Demand Drivers,Bengaluru,Stevens Creek Ventures,Mezzanine,"10,00,000",,2018-11-13,1000000.0,DriveU,driveu,3000000.0,3000000.0,2,231.0,0,987.0,3,1,Other/Undisclosed,Logistics & Mobility,Bengaluru,0.0,0.0,0.0,0.0,0.0,1.0,0.0,0.0,1.0,0
533,06/10/2017,Drivezy,Consumer Internet,Self Drive car and bike rental platform,Bangalore,"Das Capital, Axan Partners, Das Capital and IT Farm",Private Equity,"1,00,00,000",,2017-10-06,10000000.0,Drivezy,drivezy,0.0,0.0,0,-1.0,1,0.0,1,0,Private Equity,Consumer Internet & Media,Bengaluru,0.00025031289111389235,0.0,2.2213171803151287e-05,0.00015045598431541468,0.00015045598431541468,3.0,0.0,1.0,1.0,0
1638,24/06/2016,Drivify,Consumer Internet,Professional Driver discovery & Booking Mobile app,Mumbai,"Jitendra Gupta, Pankaj Tripathi",Seed Funding,"50,000",,2016-06-24,50000.0,Drivify,drivify,0.0,0.0,0,-1.0,1,0.0,1,0,Seed/Angel,Consumer Internet & Media,Mumbai,0.001501877346683354,0.007752428297823025,0.03332533885000977,0.0005184611877695184,0.0005184611877695184,2.0,0.0,1.0,1.0,0
1883,22/03/2016,DrivoJoy,Consumer Internet,On-demand 2-wheeler Servicing platform,Bangalore,"Indian Angel Network, Tracxn Labs & Others",Seed Funding,"6,00,000",,2016-03-22,600000.0,DrivoJoy,drivojoy,0.0,0.0,0,-1.0,1,0.0,1,0,Seed/Angel,Consumer Internet & Media,Bengaluru,0.002002503128911139,0.01032696862918804,0.03555811791464255,0.0008020854002554353,0.0008020854002554353,2.0,0.0,1.0,1.0,0
2658,30/07/2015,Droom.in,Used Vehicle Marketplace,,New Delhi,"Lightbox Ventures, Beenos",Private Equity,"1,60,00,000",Series A,2015-07-30,16000000.0,Droom.in,droom,0.0,0.0,0,-1.0,1,0.0,4,1,Private Equity,E-Commerce,Delhi-NCR,0.0005006257822277847,3.384300480758685e-06,3.1608915707521845e-06,0.00025844990621239083,0.00025844990621239083,2.0,0.0,1.0,1.0,1
1566,02/06/2016,Droom,eCommerce,Online marketplace for used automobiles,New Delhi,"Beenext, Digital Garage, Lightbox, Beenos",Private Equity,,,2016-06-02,,Droom,droom,16000000.0,16000000.0,1,308.0,0,308.0,4,1,Private Equity,E-Commerce,Delhi-NCR,0.002252816020025031,0.026666534645510814,0.01377356864908714,0.0008378082004402911,0.000548129053326341,4.0,0.0,1.0,1.0,1
680,04/07/2017,Droom,eCommerce,Online marketplace for automobiles,Gurgaon,"Asset Management (Asia) Ltd, Digital Garage Inc",Private Equity,"2,00,00,000",,2017-07-04,20000000.0,Droom,droom,16000000.0,16000000.0,2,397.0,0,705.0,4,1,Private Equity,E-Commerce,Delhi-NCR,0.00025031289111389235,0.0,0.013632807247657515,0.00011485635004150704,0.00011485635004150704,2.0,0.0,1.0,1.0,1
148,05/10/2018,Droom,Automobile,New and Used Cars Platform,Gurgaon,ZigExN,Series E,"30,00,000",,2018-10-05,3000000.0,Droom,droom,36000000.0,20000000.0,3,458.0,0,1163.0,4,1,Late Stage (C+),Other,Delhi-NCR,0.0,0.0,0.0,0.0,0.0,1.0,0.0,0.0,1.0,1
2566,31/08/2015,DropKaffe,Online Coffee Delivery platform,,Bangalore,"Manish Singhal, P39 Capital & Others",Seed Funding,"3,00,000",,2015-08-31,300000.0,DropKaffe,dropkaffe,0.0,0.0,0,-1.0,1,0.0,2,1,Seed/Angel,Logistics & Mobility,Bengaluru,0.0,0.0,0.0,0.0,0.0,2.0,0.0,0.0,1.0,0
1807,25/04/2016,Dropkaffe,Food & Beverage,Ready-to-Drink Beverage Producer,Bangalore,"GrowthStory, Apurva Salapuria, Hitesh Oberoi, Sidharth Pansari, Nirupa Shankar",Seed Funding,"5,50,000",,2016-04-25,550000.0,Dropkaffe,dropkaffe,300000.0,300000.0,1,238.0,0,238.0,2,1,Seed/Angel,Food & Beverage,Bengaluru,0.00025031289111389235,0.0,6.993575536538068e-07,0.00015312342893457012,0.00015312342893457012,5.0,0.0,1.0,1.0,0
1563,21/07/2016,Drums Food,Food & Beverage,Yogurt and Ice Cream maker,Mumbai,"Verlinvest, DSG Consumer Partners",,,,2016-07-21,,Drums Food,drums food,0.0,0.0,0,-1.0,1,0.0,1,0,Other/Undisclosed,Food & Beverage,Mumbai,0.001501877346683354,0.005746251505479102,0.030855919122090774,0.0005464575058024244,0.00038717987214505445,2.0,0.0,1.0,1.0,0
1803,22/04/2016,Druva,Technology,Converged Backup & Data Protection Solutions for Enterprises,Pune,"NTT Finance, Telephone Corporation",Private Equity,,,2016-04-22,,Druva,druva,0.0,0.0,0,-1.0,1,0.0,2,1,Private Equity,Technology & SaaS,Pune,0.0,0.0,0.0,0.0,0.0,2.0,0.0,0.0,1.0,0
1406,28/09/2016,Druva,Technology,Cloud Based Data Protection Solution,Pune,"Sequoia India, EDBI, Blue Cloud Ventures, Hercules Capital",Private Equity,"5,10,00,000",,2016-09-28,51000000.0,Druva,druva,0.0,0.0,1,159.0,0,159.0,2,1,Private Equity,Technology & SaaS,Pune,0.000750938673341677,0.0036940218595162967,0.012146851261412578,0.00033164209477533563,0.00022537485623879704,4.0,1.0,1.0,1.0,0
1619,17/06/2016,Duffl,eCommerce,Fashion Rental Marketplace,Bangalore,BetOnIndia Technology Pvt Ltd,Seed Funding,,,2016-06-17,,Duffl,duffl,0.0,0.0,0,-1.0,1,0.0,1,0,Seed/Angel,E-Commerce,Bengaluru,0.0,0.0,0.0,0.0,0.0,1.0,0.0,0.0,1.0,0
1849,08/03/2016,dunzo,Consumer Internet,Daily Task Management App,Bangalore,"Aspada Investment Advisors, Blume Ventures.",Seed Funding,"6,50,000",,2016-03-08,650000.0,dunzo,dunzo,0.0,0.0,0,-1.0,1,0.0,3,1,Seed/Angel,Consumer Internet & Media,Bengaluru,0.00025031289111389235,0.0,2.4573577241560827e-06,0.00014531887003520802,0.00014531887003520802,2.0,1.0,1.0,4.0,1
430,05/12/2017,Dunzo,Technology,Daily Task Management Mobile App,Bangalore,Google,Private Equity,"1,23,00,000",,2017-12-05,12300000.0,Dunzo,dunzo,650000.0,650000.0,1,637.0,0,637.0,3,1,Private Equity,Technology & SaaS,Bengaluru,0.0005006257822277847,0.001649196233190398,0.0002357910263278024,0.00022901162210896294,0.00022901162210896294,1.0,0.0,1.0,4.0,1
33,04/10/2019,Dunzo,Customer Service,Delivery Service,Bengaluru,Lightbox,Series D,"4,50,00,000",,2019-10-04,45000000.0,Dunzo,dunzo,12950000.0,12300000.0,2,668.0,0,1305.0,3,1,Late Stage (C+),Other,Bengaluru,0.0005006257822277847,3.384300480758685e-06,3.1608915707521845e-06,0.00025844990621239083,0.00025844990621239083,1.0,0.0,1.0,4.0,1
815,11/05/2017,Early Salary,Consumer Internet,Online lending platform,Pune,"DG Ventures India, Dewan Housing Finance Corp",Private Equity,"40,00,000",,2017-05-11,4000000.0,Early Salary,early salary,0.0,0.0,0,-1.0,1,0.0,2,1,Private Equity,Consumer Internet & Media,Pune,0.0,0.0,0.0,0.0,0.0,2.0,0.0,0.0,1.0,0
588,07/09/2017,Early Salary,Consumer Internet,Online Unsecured Lending platform,Pune,IFMR Capital,Debt Funding,"7,80,000",,2017-09-07,780000.0,Early Salary,early salary,4000000.0,4000000.0,1,119.0,0,119.0,2,1,Debt,Consumer Internet & Media,Pune,0.0,0.0,0.0,0.0,0.0,1.0,0.0,0.0,1.0,0
2270,25/11/2015,EarlySalary.com,Mobile App based Loan disbursement platform,,Mumbai,Ashok Agarwal,Seed Funding,"15,00,000",,2015-11-25,1500000.0,EarlySalary.com,earlysalary,0.0,0.0,0,-1.0,1,0.0,2,1,Seed/Angel,Other,Mumbai,0.0,0.0,0.0,0.0,0.0,1.0,0.0,0.0,1.0,0
393,04/01/2018,EarlySalary,Finance,Online Lending,Pune,Eight Roads Ventures India,Private,"1,57,00,000",,2018-01-04,15700000.0,EarlySalary,earlysalary,1500000.0,1500000.0,1,771.0,0,771.0,2,1,Other/Undisclosed,FinTech,Pune,0.0012515644555694616,0.006316536841184845,0.004537866606428548,0.0004983133807781689,0.0004983133807781689,1.0,0.0,1.0,1.0,0
263,11/05/2018,Earth Food,Consumer Internet,Agri-tech,Pune,Rairah Corporation,Seed / Angel Funding,"9,49,000",,2018-05-11,949000.0,Earth Food,earth food,0.0,0.0,0,-1.0,1,0.0,1,0,Seed/Angel,Consumer Internet & Media,Pune,0.0,0.0,0.0,0.0,0.0,1.0,0.0,0.0,1.0,0
542,10/10/2017,Easy Diner,Consumer Internet,online restaurant reservation platform,Gurgaon,Saama Capital and DSG Consumer Partners,Private Equity,"45,00,000",,2017-10-10,4500000.0,Easy Diner,easy diner,0.0,0.0,0,-1.0,1,0.0,1,0,Private Equity,Consumer Internet & Media,Delhi-NCR,0.00025031289111389235,0.0,2.2213171803151287e-05,0.00015045598431541468,0.00015045598431541468,1.0,0.0,1.0,1.0,0
467,21/12/2017,EasyEcom,E-Commerce,Ecommerce enabler platform,Bengaluru,"Ambarish Gupta, Aneesh Reddy, Bold Ventures, Vona Investments",Seed/Angel Funding,"1,50,000",,2017-12-21,150000.0,EasyEcom,easyecom,0.0,0.0,0,-1.0,1,0.0,1,0,Seed/Angel,E-Commerce,Bengaluru,0.0,0.0,0.0,0.0,0.0,4.0,0.0,0.0,1.0,0
2292,01/10/2015,EasyFix,Professional Services Marketplace,,Gurgaon,Axilor Ventures,Seed Funding,,,2015-10-01,,EasyFix,easyfix,0.0,0.0,0,-1.0,1,0.0,1,0,Seed/Angel,E-Commerce,Delhi-NCR,0.0010012515644555694,0.0028383000031962837,0.0014169998952540074,0.0004588750969253953,0.0004588750969253953,1.0,0.0,1.0,1.0,0
663,22/08/2017,EasyGov,Consumer Internet,Govt service application portal,Noida,"Social Alpha, Rajan Anandan, Rajeev Ahuja, Kshitij Arora",Seed Funding,,,2017-08-22,,EasyGov,easygov,0.0,0.0,0,-1.0,1,0.0,1,0,Seed/Angel,Consumer Internet & Media,Delhi-NCR,0.000750938673341677,0.011751210726884771,0.00010608120407765597,0.00031889076925649786,0.00031889076925649786,4.0,0.0,1.0,1.0,0
2119,03/12/2015,EasyKhaana,Online Food ordering & Delivery platform,,New Delhi,Undisclosed investors,Seed Funding,"1,00,000",,2015-12-03,100000.0,EasyKhaana,easykhaana,0.0,0.0,0,-1.0,1,0.0,1,0,Seed/Angel,Logistics & Mobility,Delhi-NCR,0.0,0.0,0.0,0.0,0.0,1.0,0.0,0.0,1.0,0
2075,21/01/2016,Easypolicy,Consumer Internet,Online insurance policy aggregator,Noida,Unilazer Ventures,Private Equity,"22,00,000",,2016-01-21,2200000.0,Easypolicy,easypolicy,0.0,0.0,0,-1.0,1,0.0,2,1,Private Equity,Consumer Internet & Media,Delhi-NCR,0.0005006257822277847,0.0006317360897416212,0.00014200954400772872,0.00025171097761001013,0.00025171097761001013,1.0,0.0,1.0,1.0,0
1195,03/11/2016,EasyPolicy,Consumer Internet,Online insurance Portal,Noida,"Unilazer Ventures,",Private Equity,"1,00,00,000",,2016-11-03,10000000.0,EasyPolicy,easypolicy,2200000.0,2200000.0,1,287.0,0,287.0,2,1,Private Equity,Consumer Internet & Media,Delhi-NCR,0.0005006257822277847,0.0006317360897416212,0.00014200954400772872,0.00025171097761001013,0.00025171097761001013,1.0,0.0,1.0,1.0,0
2497,07/08/2015,EasyRewardz,Loyalty Programs & Reward Points,,Mumbai,"Wealth First, Ashneer Grover, Atul Phadnis",Private Equity,"5,00,000",Pre-Series A,2015-08-07,500000.0,EasyRewardz,easyrewardz,0.0,0.0,0,-1.0,1,0.0,1,0,Private Equity,Other,Mumbai,0.0,0.0,0.0,0.0,0.0,3.0,0.0,0.0,1.0,0
1672,04/05/2016,EasyRoads,Consumer Internet,Road Trip planning Mobile app,Mumbai,"Rohan Angrish, Hrishi Oberoi, Rahul Mehta, Kapil Hetamsaria, Pranav Dedhia",Seed Funding,"2,00,000",,2016-05-04,200000.0,EasyRoads,easyroads,0.0,0.0,0,-1.0,1,0.0,1,0,Seed/Angel,Consumer Internet & Media,Mumbai,0.0,0.0,0.0,0.0,0.0,5.0,0.0,0.0,1.0,0
2849,22/04/2015,Eat.Shop.Love,Fashion ECommerce,,Bangalore,Undisclosed Investor,Private Equity,"35,00,000",Series A,2015-04-22,3500000.0,Eat.Shop.Love,eat.shop.love,0.0,0.0,0,-1.0,1,0.0,1,0,Private Equity,E-Commerce,Bengaluru,0.0,0.0,0.0,0.0,0.0,1.0,0.0,0.0,1.0,0
2170,17/12/2015,Eatfresh,Online marketplace for Chef Meals,,Bangalore,Kalaari Capital,Private Equity,,,2015-12-17,,Eatfresh,eatfresh,0.0,0.0,0,-1.0,1,0.0,1,0,Private Equity,E-Commerce,Bengaluru,0.0025031289111389233,0.013397154605961893,0.0017630362707794693,0.0010197165577911919,0.0010197165577911919,1.0,1.0,1.0,1.0,0
2590,07/07/2015,Eatlo,Food Delivery platform,,Bangalore,"Powai Lake Ventures, Globeinvestor, Abhishekh Goyal",Seed Funding,,,2015-07-07,,Eatlo,eatlo,0.0,0.0,0,-1.0,1,0.0,1,0,Seed/Angel,Logistics & Mobility,Bengaluru,0.0,0.0,0.0,0.0,0.0,3.0,0.0,0.0,1.0,0
1724,24/05/2016,Eatonomist,Consumer Internet,Food Delivery Platform,Gurgaon,MCube Capital Advisors Pvt Ltd,Seed Funding,,,2016-05-24,,Eatonomist,eatonomist,0.0,0.0,0,-1.0,1,0.0,1,0,Seed/Angel,Consumer Internet & Media,Delhi-NCR,0.00025031289111389235,0.0,2.2213171803151287e-05,0.00015045598431541468,0.00015045598431541468,1.0,0.0,1.0,1.0,0
2671,01/06/2015,Eattreatonline,Healthy Food Online Community,,New Delhi,Group of 15 Angel Investors,Seed Funding,"3,50,000",,2015-06-01,350000.0,Eattreatonline,eattreatonline,0.0,0.0,0,-1.0,1,0.0,1,0,Seed/Angel,Healthcare,Delhi-NCR,0.000750938673341677,2.0055113960051465e-06,5.212874231067168e-07,0.00039636782498119144,0.00039636782498119144,1.0,0.0,1.0,1.0,0
2560,27/08/2015,Eazy Coach,Education Marketplace,,Kolkata,Ravi Agarwal,Seed Funding,,,2015-08-27,,Eazy Coach,eazy coach,0.0,0.0,0,-1.0,1,0.0,1,0,Seed/Angel,E-Commerce,Tier-2/Other,0.0,0.0,0.0,0.0,0.0,1.0,0.0,0.0,1.0,0
2856,23/04/2015,EazyDiner,Restaurant reservation app,,New Delhi,"Deepak Shahdadpuri, Gulpreet Kohli",Seed Funding,,,2015-04-23,,EazyDiner,eazydiner,0.0,0.0,0,-1.0,1,0.0,4,1,Seed/Angel,Food & Beverage,Delhi-NCR,0.0,0.0,0.0,0.0,0.0,2.0,0.0,0.0,1.0,0
2552,25/08/2015,EazyDiner,Restaurant Reservation Platform,,Gurgaon,"DSG Consumer Partners, Saama Capital",Private Equity,"30,00,000",Series A,2015-08-25,3000000.0,EazyDiner,eazydiner,0.0,0.0,1,124.0,0,124.0,4,1,Private Equity,Food & Beverage,Delhi-NCR,0.001501877346683354,0.005746251505479102,0.030855919122090774,0.0005464575058024244,0.0005024775974750543,2.0,0.0,1.0,1.0,0
757,16/06/2017,EazyDiner,Consumer Internet,Online Restaurant Reservation Platform,Gurgaon,YouWeCan Ventures,Seed Funding,,,2017-06-16,,EazyDiner,eazydiner,3000000.0,3000000.0,2,661.0,0,785.0,4,1,Seed/Angel,Consumer Internet & Media,Delhi-NCR,0.0,0.0,0.0,0.0,0.0,1.0,0.0,0.0,1.0,0
180,17/08/2018,EazyDiner,Consumer Internet,Online Restaurant Table Reservation Platform,Gurugram,Denlow Investment Trust and Beenext,Private Equity,"58,50,000",,2018-08-17,5850000.0,EazyDiner,eazydiner,3000000.0,3000000.0,3,427.0,0,1212.0,4,1,Private Equity,Consumer Internet & Media,Delhi-NCR,0.002252816020025031,0.026666534645510814,0.01377356864908714,0.0008378082004402911,0.0008378082004402911,1.0,0.0,1.0,1.0,0
27,11/11/2019,eBikeGo,Last Mile Transportation,Electric bike rental,Amritsar,Startup Buddy,Seed,"3,00,000",,2019-11-11,300000.0,eBikeGo,ebikego,0.0,0.0,0,-1.0,1,0.0,1,0,Seed/Angel,Logistics & Mobility,Tier-2/Other,0.0,0.0,0.0,0.0,0.0,1.0,0.0,0.0,1.0,0
2121,03/12/2015,Eckovation,Social Learning Platform,,New Delhi,Chandigarh Angel Network (CAN),Seed Funding,,,2015-12-03,,Eckovation,eckovation,0.0,0.0,0,-1.0,1,0.0,1,0,Seed/Angel,Other,Delhi-NCR,0.0,0.0,0.0,0.0,0.0,1.0,0.0,0.0,1.0,0
679,03/07/2017,Ecolibriumenergy,Technology,Energy management solutions provider,Ahmedabad,"Infuse Ventures, JLL",Private Equity,"26,00,000",,2017-07-03,2600000.0,Ecolibriumenergy,ecolibriumenergy,0.0,0.0,0,-1.0,1,0.0,1,0,Private Equity,Technology & SaaS,Ahmedabad,0.0,0.0,0.0,0.0,0.0,2.0,0.0,0.0,1.0,0
2687,04/06/2015,Ecom Express,Logistics Solution Provider,,New Delhi,Warburg Pincus,Private Equity,"13,70,00,000",Series C,2015-06-04,137000000.0,Ecom Express,ecom express,0.0,0.0,0,-1.0,1,0.0,2,1,Private Equity,Logistics & Mobility,Delhi-NCR,0.0005006257822277847,0.0039722126054587215,0.0027018288942185537,0.00019595513752895062,0.00019595513752895062,1.0,0.0,1.0,4.0,1
593,11/09/2017,Ecom Express,Logistics,Logistics Solutions provider,New Delhi,Warburg Pincus,Private Equity,"3,00,00,000",,2017-09-11,30000000.0,Ecom Express,ecom express,137000000.0,137000000.0,1,830.0,0,830.0,2,1,Private Equity,Logistics & Mobility,Delhi-NCR,0.0005006257822277847,0.0039722126054587215,0.0027018288942185537,0.00019595513752895062,0.00019595513752895062,1.0,0.0,1.0,4.0,1
8,12/12/2019,Ecozen,Technology,Agritech,Pune,Sathguru Catalyzer Advisors,Series A,"60,00,000",,2019-12-12,6000000.0,Ecozen,ecozen,0.0,0.0,0,-1.0,1,0.0,1,0,Series A,Technology & SaaS,Pune,0.0,0.0,0.0,0.0,0.0,1.0,0.0,0.0,1.0,0
515,27/11/2017,Edelweiss,Finance,Diversified Financial,Mumbai,Undisclosed investors,Private Equity,"27,00,00,000",,2017-11-27,270000000.0,Edelweiss,edelweiss,0.0,0.0,0,-1.0,1,0.0,1,0,Private Equity,FinTech,Mumbai,0.0,0.0,0.0,0.0,0.0,1.0,0.0,0.0,1.0,0
756,16/06/2017,EdgeFx,eCommerce,DIY project Kits seller,Hyderabad,"Cross Border Angels & Experts, Rajasthan Angel Innovators Network, The Chennai Angels",Seed Funding,,,2017-06-16,,EdgeFx,edgefx,0.0,0.0,0,-1.0,1,0.0,1,0,Seed/Angel,E-Commerce,Hyderabad,0.000750938673341677,0.002207942702539416,0.0012113159830875644,0.0003491956708925769,0.0002567772686922346,3.0,0.0,1.0,1.0,0
1602,14/06/2016,EdTechReview,Consumer Internet,Education based online portal,New Delhi,EVC Ventures,Seed Funding,,,2016-06-14,,EdTechReview,edtechreview,0.0,0.0,0,-1.0,1,0.0,1,0,Seed/Angel,Consumer Internet & Media,Delhi-NCR,0.0,0.0,0.0,0.0,0.0,1.0,0.0,0.0,1.0,0
2525,17/08/2015,Edu4Share,Exam Preparation Platform,,New Delhi,Nalin Jain & other angel investors,Seed Funding,"2,20,000",,2015-08-17,220000.0,Edu4Share,edu4share,0.0,0.0,0,-1.0,1,0.0,1,0,Seed/Angel,Other,Delhi-NCR,0.000750938673341677,2.0055113960051465e-06,5.212874231067168e-07,0.00039636782498119144,0.00039636782498119144,1.0,0.0,1.0,1.0,0
1683,06/05/2016,EduAce Services,Education,Education Workshops & mentoring programs,Lucknow,MoMagic Technologies,Private Equity,"10,00,000",,2016-05-06,1000000.0,EduAce Services,eduace services,0.0,0.0,0,-1.0,1,0.0,1,0,Private Equity,EdTech,Tier-2/Other,0.000750938673341677,0.005316817904266545,0.0035094163416045663,0.0003029236949897748,0.0003029236949897748,1.0,0.0,1.0,1.0,0
2001,26/02/2016,EduBridge,Consumer Internet,Skill development and vocational training platform,Mumbai,"Insitor Impact Asia Fund, Acumen Fund",Private Equity,"25,00,000",,2016-02-26,2500000.0,EduBridge,edubridge,0.0,0.0,0,-1.0,1,0.0,1,0,Private Equity,Consumer Internet & Media,Mumbai,0.0,0.0,0.0,0.0,0.0,2.0,0.0,0.0,1.0,0
2732,23/06/2015,EduKart,Online education marketplace,,New Delhi,"Holostik Group, YouWeCan Ventures, 500 Startups, Vijay Shekhar Sharma, Manish Kheterpal, Amit Patni",Private Equity,"10,00,000",Series A,2015-06-23,1000000.0,EduKart,edukart,0.0,0.0,0,-1.0,1,0.0,1,0,Private Equity,E-Commerce,Delhi-NCR,0.000750938673341677,0.00471909365926236,0.0014597492225774918,0.0003333108063015668,0.0003333108063015668,6.0,0.0,1.0,1.0,0
1714,18/05/2016,EduPristine,Education,Online Certification Courses,Mumbai,"Kaizen Management Advisors, DeVry Inc",Private Equity,"1,00,00,000",,2016-05-18,10000000.0,EduPristine,edupristine,0.0,0.0,0,-1.0,1,0.0,1,0,Private Equity,EdTech,Mumbai,0.0,0.0,0.0,0.0,0.0,2.0,0.0,0.0,1.0,0
256,28/06/2018,Edureka,Ed-Tech,Online Education Platform,Bengaluru,Leo Capital,Seed/ Angel Funding,"20,00,000",,2018-06-28,2000000.0,Edureka,edureka,0.0,0.0,0,-1.0,1,0.0,1,0,Seed/Angel,Other,Bengaluru,0.00025031289111389235,0.0,3.63414446275521e-08,0.00017390235357615433,0.00017390235357615433,1.0,0.0,1.0,1.0,0
1722,23/05/2016,EduRev,Consumer Internet,Online Learning Platform,Gurgaon,Pradeep Reddy Kamasan,Seed Funding,,,2016-05-23,,EduRev,edurev,0.0,0.0,0,-1.0,1,0.0,2,1,Seed/Angel,Consumer Internet & Media,Delhi-NCR,0.0,0.0,0.0,0.0,0.0,1.0,0.0,0.0,1.0,0
1006,08/02/2017,Edurev,Consumer Internet,Online Education Portal,Gurgaon,Facebook FB Start programme,Seed Funding,"40,000",,2017-02-08,40000.0,Edurev,edurev,0.0,0.0,1,261.0,0,261.0,2,1,Seed/Angel,Consumer Internet & Media,Delhi-NCR,0.0,0.0,0.0,0.0,0.0,1.0,0.0,0.0,1.0,0
270,23/05/2018,Edyoo,E-Commerce,Products For Shoolgoing Children,Bengaluru,RS Shanbag,Seed/ Angel Funding,"7,35,000",,2018-05-23,735000.0,Edyoo,edyoo,0.0,0.0,0,-1.0,1,0.0,1,0,Seed/Angel,E-Commerce,Bengaluru,0.0,0.0,0.0,0.0,0.0,1.0,0.0,0.0,1.0,0
3013,16/01/2015,eKincare,,,,Adroitent Pvt. Ltd.,Seed Funding,"1,61,000",,2015-01-16,161000.0,eKincare,ekincare,0.0,0.0,0,-1.0,1,0.0,3,1,Seed/Angel,Other,Tier-2/Other,0.0,0.0,0.0,0.0,0.0,1.0,0.0,0.0,1.0,0
1891,23/03/2016,eKincare,Consumer Internet,Healthcare related solutions,Hyderabad,"BitChemy Ventures, Maheshwari Investments Pvt Ltd, Anshoo Gaur, Rama Krishna Reddy, Sandeep Seerapu",Private Equity,"3,30,000",,2016-03-23,330000.0,eKincare,ekincare,161000.0,161000.0,1,432.0,0,432.0,3,1,Private Equity,Consumer Internet & Media,Hyderabad,0.0,0.0,0.0,0.0,0.0,5.0,0.0,0.0,1.0,0
421,29/01/2018,eKincare,Healthcare,Technology,Hyderabad,"Ventureast, Endiya Partners, Eight Roads Ventures, Touchstone Equities, BVR Mohan Reddy",Private Equity,"15,00,000",,2018-01-29,1500000.0,eKincare,ekincare,491000.0,330000.0,2,677.0,0,1109.0,3,1,Private Equity,Healthcare,Hyderabad,0.001501877346683354,0.006678119493602958,0.004537866606428548,0.0006322168844852831,0.000565265132631726,5.0,0.0,1.0,1.0,0
2582,04/07/2015,Elanic,P2P Pre-owned goods marketplace,,Bangalore,"Rebright Partners, Tracxn Labs, Aneesh Reddy",Seed Funding,,,2015-07-04,,Elanic,elanic,0.0,0.0,0,-1.0,1,0.0,2,1,Seed/Angel,E-Commerce,Bengaluru,0.000750938673341677,0.003196220928343446,0.004700096284675348,0.00032056487406524517,0.00032056487406524517,3.0,0.0,1.0,1.0,0
525,04/10/2017,Elanic,Consumer Internet,P2P platform for Fashion sales,Bangalore,Digital Garage,Seed Funding,,,2017-10-04,,Elanic,elanic,0.0,0.0,1,823.0,0,823.0,2,1,Seed/Angel,Consumer Internet & Media,Bengaluru,0.0,0.0,0.0,0.0,0.0,1.0,0.0,0.0,1.0,0
1212,14/11/2016,ElasticRun,Technology,Tech driven Logistic & distribution platform,Pune,"Kalaari Capital, Norwest Venture Partners",Private Equity,"20,00,000",,2016-11-14,2000000.0,ElasticRun,elasticrun,0.0,0.0,0,-1.0,1,0.0,1,0,Private Equity,Technology & SaaS,Pune,0.0025031289111389233,0.013397154605961893,0.004810399254406555,0.0010197165577911919,0.0007056784581481978,2.0,1.0,1.0,3.0,1
863,04/04/2017,ElastiRun,Technology,App based Logistics & Distribution platform,Pune,"Kalaari Capital, Norwest Venture Partners",Private Equity,"70,00,000",,2017-04-04,7000000.0,ElastiRun,elastirun,0.0,0.0,0,-1.0,1,0.0,1,0,Private Equity,Technology & SaaS,Pune,0.0025031289111389233,0.013397154605961893,0.004810399254406555,0.0010197165577911919,0.0007056784581481978,2.0,1.0,1.0,1.0,0
497,15/11/2017,ElderAid Wellness,Health Care,Social Healthcare Enterprise,Bangalore,Rugmini Menon,Angel Funding,,,2017-11-15,,ElderAid Wellness,elderaid wellness,0.0,0.0,0,-1.0,1,0.0,1,0,Seed/Angel,Healthcare,Bengaluru,0.0,0.0,0.0,0.0,0.0,1.0,0.0,0.0,1.0,0
290,09/04/2018,Elemential,Technology,Blockchain Platform,Mumbai,"Matrix Partner, Amrish Rau, Investopad, Digital Currency Group, Hinduja Group, Lightspeed India, Eight Innovate, Amit Ranjan, Prashant Malik and others",Seed / Angel Funding,,,2018-04-09,,Elemential,elemential,0.0,0.0,0,-1.0,1,0.0,1,0,Seed/Angel,Technology & SaaS,Mumbai,0.000750938673341677,0.002140516295368845,0.0013602862189624487,0.0003368274814566413,0.00020406376217525473,9.0,1.0,1.0,1.0,0
2725,22/06/2015,elong,Data Driven recruitment recommendation,,Bangalore,"Kunal Bahl, Rohit Bansal, Blume Ventures, Phanindra Sama, Raju Reddy",Private Equity,"50,00,000",Series A,2015-06-22,5000000.0,elong,elong,0.0,0.0,0,-1.0,1,0.0,1,0,Private Equity,Other,Bengaluru,0.00025031289111389235,0.0,0.00017941689575689057,0.00014531887003520802,0.0001377587235233686,5.0,1.0,1.0,1.0,0
244,18/06/2018,Elucidata,IT,Data Analytics (SaaS),Delhi & Cambridge,Hyperplane Venture Capital and several angel investors,Seed/ Angel Funding,"17,00,000",,2018-06-18,1700000.0,Elucidata,elucidata,0.0,0.0,0,-1.0,1,0.0,1,0,Seed/Angel,Other,Delhi-NCR,0.00025031289111389235,0.0,2.2213171803151287e-05,0.00015045598431541468,0.00015045598431541468,1.0,0.0,1.0,3.0,1
988,30/03/2017,Emflux Motors,Technology,Electric Motorcycle manufacturer,Bangalore,"Meher Roy, Nikhil Arora, Meet Kanodia, Krit Sankalp, Nitish Singh, Risabh Gupta",Seed Funding,,,2017-03-30,,Emflux Motors,emflux motors,0.0,0.0,0,-1.0,1,0.0,1,0,Seed/Angel,Technology & SaaS,Bengaluru,0.0,0.0,0.0,0.0,0.0,6.0,0.0,0.0,1.0,0
883,12/04/2017,Emiza,Logistics,Third Party Logistics provider,Mumbai,"Mayfield, Nishant Rao, Dileep Nath",Private Equity,"45,00,000",,2017-04-12,4500000.0,Emiza,emiza,0.0,0.0,0,-1.0,1,0.0,1,0,Private Equity,Logistics & Mobility,Mumbai,0.00025031289111389235,0.0,3.63414446275521e-08,0.00017390235357615433,0.00017390235357615433,3.0,0.0,1.0,1.0,0
938,03/03/2017,Emojifi,Consumer Internet,Mobile App for live emoji,Hyderabad,Undisclosed angel investors,Seed Funding,,,2017-03-03,,Emojifi,emojifi,0.0,0.0,0,-1.0,1,0.0,1,0,Seed/Angel,Consumer Internet & Media,Hyderabad,0.000750938673341677,2.0055113960051465e-06,5.212874231067168e-07,0.00039636782498119144,0.00039636782498119144,1.0,0.0,1.0,1.0,0
3021,19/01/2015,Enabli,,,,Hyderabad Angels (at Startup Heroes event),Seed Funding,"16,000",,2015-01-19,16000.0,Enabli,enabli,0.0,0.0,0,-1.0,1,0.0,1,0,Seed/Angel,Other,Tier-2/Other,0.00025031289111389235,0.0,1.54413417595609e-07,0.00016435886649189237,0.00016435886649189237,1.0,0.0,1.0,1.0,0
179,16/08/2018,Enakshi,Consumer Internet,AI Based Solutions Platform,Ahemadabad,,Seed/ Angel Funding,"1,14,811",,2018-08-16,114811.0,Enakshi,enakshi,0.0,0.0,0,-1.0,1,0.0,1,0,Seed/Angel,Consumer Internet & Media,Tier-2/Other,0.0,0.0,0.0,0.0,0.0,0.0,0.0,0.0,1.0,0
1477,24/08/2016,enCashea,Consumer Internet,Scrap Collection and Recycling platform,Bangalore,"Kunal Shah, Sandeep Tandon, Tracxn Labs",Seed Funding,,,2016-08-24,,enCashea,encashea,0.0,0.0,0,-1.0,1,0.0,1,0,Seed/Angel,Consumer Internet & Media,Bengaluru,0.0,0.0,0.0,0.0,0.0,3.0,0.0,0.0,1.0,0
1888,23/03/2016,Endless Robotics,Technology,Interior Painting Automation,Hyderabad,"Devidas Desai, Vipul Gautam, Singapore Angel Network",Seed Funding,"1,00,000",,2016-03-23,100000.0,Endless Robotics,endless robotics,0.0,0.0,0,-1.0,1,0.0,1,0,Seed/Angel,Technology & SaaS,Hyderabad,0.00025031289111389235,0.0,2.1987016027543615e-06,0.00014618287768732643,0.00014618287768732643,3.0,0.0,1.0,1.0,0
142,24/11/2018,Engineer.ai,Software,AI Platform,India/US,"Lakestar and Jungle Ventures, Softbank\\xe2\\x80\\x99s DeepCore.",Series A,"2,95,00,000",,2018-11-24,29500000.0,Engineer.ai,engineer.ai,0.0,0.0,0,-1.0,1,0.0,1,0,Series A,Technology & SaaS,Tier-2/Other,0.001501877346683354,0.013589173215773223,0.010289474729885855,0.0005614148492715481,0.00034711886694492144,2.0,1.0,1.0,1.0,0
1478,25/08/2016,EngineerBabu,Technology,Mobile App & Web Development company,Indore,Scale Ventures,Seed Funding,,,2016-08-25,,EngineerBabu,engineerbabu,0.0,0.0,0,-1.0,1,0.0,1,0,Seed/Angel,Technology & SaaS,Tier-2/Other,0.0,0.0,0.0,0.0,0.0,1.0,0.0,0.0,1.0,0
3032,22/01/2015,Englishleap.com,,,,ANALEC,Private Equity,,Majority Stake,2015-01-22,,Englishleap.com,englishleap,0.0,0.0,0,-1.0,1,0.0,1,0,Private Equity,Other,Tier-2/Other,0.0,0.0,0.0,0.0,0.0,1.0,0.0,0.0,1.0,0
1173,23/12/2016,enKast,Technology,Cloud based CRM for Agencies,Bangalore,Ivy League Alumni Angel Network,Private Equity,"20,00,000",,2016-12-23,2000000.0,enKast,enkast,0.0,0.0,0,-1.0,1,0.0,1,0,Private Equity,Technology & SaaS,Bengaluru,0.0,0.0,0.0,0.0,0.0,1.0,0.0,0.0,1.0,0
219,26/07/2018,Entropik,IT,Software-As-A-Service Platform,Bengaluru,"Bharat Innovation, IDFC-Parampara Capital, Arthavida Ventures, Jitendra Gupta & Others",Seed/ Angel Funding,"11,00,000",,2018-07-26,1100000.0,Entropik,entropik,0.0,0.0,0,-1.0,1,0.0,1,0,Seed/Angel,Other,Bengaluru,0.001501877346683354,0.007752428297823025,0.03332533885000977,0.0005184611877695184,0.00026208770246031495,4.0,0.0,1.0,1.0,0
1252,30/11/2016,Entropika,Technology,"AI, Machine learning Solutions",Bangalore,"Dileep Bhatt, Milind Chaudhary",Seed Funding,"2,00,000",,2016-11-30,200000.0,Entropika,entropika,0.0,0.0,0,-1.0,1,0.0,1,0,Seed/Angel,Technology & SaaS,Bengaluru,0.0,0.0,0.0,0.0,0.0,2.0,0.0,0.0,1.0,0
2679,03/06/2015,Entropy Innovations,Engineering Innovations,,Mumbai,Mark Mobius & 9 Other Angel investors,Seed Funding,,,2015-06-03,,Entropy Innovations,entropy innovations,0.0,0.0,0,-1.0,1,0.0,1,0,Seed/Angel,Other,Mumbai,0.000750938673341677,2.0055113960051465e-06,5.212874231067168e-07,0.00039636782498119144,0.00039636782498119144,1.0,0.0,1.0,1.0,0
2541,19/08/2015,Envoged,pre-owned Luxury online apparel seller,,Mumbai,"Manish Dhingra, Ankush Nijhawa, Gaurav Bhatnagar",Seed Funding,,,2015-08-19,,Envoged,envoged,0.0,0.0,0,-1.0,1,0.0,2,1,Seed/Angel,Other,Mumbai,0.0,0.0,0.0,0.0,0.0,3.0,0.0,0.0,1.0,0
2408,11/09/2015,Envoged,pre-used luxury item Marketplace,,Mumbai,"Ankush Nijhawan, Manish Dhingra, Gaurav Bhatnagar",Seed Funding,,,2015-09-11,,Envoged,envoged,0.0,0.0,1,23.0,0,23.0,2,1,Seed/Angel,E-Commerce,Mumbai,0.0,0.0,0.0,0.0,0.0,3.0,0.0,0.0,1.0,0
1312,18/10/2016,ePathsala,Technology,Cloud based ERP for Accreditation & ICT,Bangalore,"Hyderabad Angels, TLabs",Seed Funding,,,2016-10-18,,ePathsala,epathsala,0.0,0.0,0,-1.0,1,0.0,1,0,Seed/Angel,Technology & SaaS,Bengaluru,0.00025031289111389235,0.0,1.54413417595609e-07,0.00016435886649189237,0.00016435886649189237,2.0,0.0,1.0,1.0,0
1590,09/06/2016,EPayLater,Technology,Fin-Tech Platform,Mumbai,3 undisclosed HNIs,Seed Funding,"20,00,000",,2016-06-09,2000000.0,EPayLater,epaylater,0.0,0.0,0,-1.0,1,0.0,1,0,Seed/Angel,Technology & SaaS,Mumbai,0.00025031289111389235,0.0,1.54413417595609e-07,0.00016435886649189237,0.00016435886649189237,1.0,0.0,1.0,2.0,1
510,21/11/2017,Epiq Capital,Finance,Tech based investor firm,Mumbai,Global Institutional Investors,Private Equity,"20,00,00,000",,2017-11-21,200000000.0,Epiq Capital,epiq capital,0.0,0.0,0,-1.0,1,0.0,1,0,Private Equity,FinTech,Mumbai,0.0,0.0,0.0,0.0,0.0,1.0,0.0,0.0,1.0,0
2923,26/03/2015,ePoise,,,,Undisclosed,Seed Funding,,,2015-03-26,,ePoise,epoise,0.0,0.0,0,-1.0,1,0.0,2,1,Seed/Angel,Other,Tier-2/Other,0.00025031289111389235,0.0,1.54413417595609e-07,0.00016435886649189237,0.00016435886649189237,1.0,0.0,1.0,1.0,0
2546,21/08/2015,ePoise,Job Search Platform,,Bangalore,"Orios Venture Partners, Amit Ranjan & others",Seed Funding,"5,00,000",,2015-08-21,500000.0,ePoise,epoise,0.0,0.0,1,148.0,0,148.0,2,1,Seed/Angel,Other,Bengaluru,0.0005006257822277847,0.001577460057420298,0.0006611364960252393,0.00023911949570192242,0.00023911949570192242,2.0,0.0,1.0,1.0,0
2084,22/01/2016,EPS,Technology,Electronic Payments Solution Company,Mumbai,APIS Partners,Private Equity,"3,50,00,000",,2016-01-22,35000000.0,EPS,eps,0.0,0.0,0,-1.0,1,0.0,1,0,Private Equity,Technology & SaaS,Mumbai,0.0,0.0,0.0,0.0,0.0,1.0,0.0,0.0,1.0,0
1388,21/09/2016,eQuickies,eCommerce,Online Book etailer,Ahmedabad,Lothal Angel Ventures,Seed Funding,"2,98,000",,2016-09-21,298000.0,eQuickies,equickies,0.0,0.0,0,-1.0,1,0.0,1,0,Seed/Angel,E-Commerce,Ahmedabad,0.0,0.0,0.0,0.0,0.0,1.0,0.0,0.0,1.0,0
516,27/11/2017,ERA,Technology,Identity management platform,Mumbai,Amit Patni,Seed/Angel Funding,"39,000",,2017-11-27,39000.0,ERA,era,0.0,0.0,0,-1.0,1,0.0,1,0,Seed/Angel,Technology & SaaS,Mumbai,0.0,0.0,0.0,0.0,0.0,1.0,0.0,0.0,1.0,0
855,03/04/2017,Eruditus,Education,Executive Education Provider,Mumbai,Bertelsmann India,Private Equity,"82,00,000",,2017-04-03,8200000.0,Eruditus,eruditus,0.0,0.0,0,-1.0,1,0.0,1,0,Private Equity,EdTech,Mumbai,0.00025031289111389235,0.0,3.63414446275521e-08,0.00017390235357615433,0.00017390235357615433,1.0,0.0,1.0,1.0,0
2502,10/08/2015,eSadar,ecommerce,,New Delhi,"Neha Vats, Gaurav Vats",Seed Funding,"80,000",,2015-08-10,80000.0,eSadar,esadar,0.0,0.0,0,-1.0,1,0.0,1,0,Seed/Angel,E-Commerce,Delhi-NCR,0.0,0.0,0.0,0.0,0.0,2.0,0.0,0.0,1.0,0
739,09/06/2017,eSahai.in,Consumer Internet,ambulance aggregator and medical taxi provider,Hyderabad,"Dr Ramesh Ayyala, Satya Muthyala",Seed Funding,"2,50,000",,2017-06-09,250000.0,eSahai.in,esahai,0.0,0.0,0,-1.0,1,0.0,1,0,Seed/Angel,Consumer Internet & Media,Hyderabad,0.0,0.0,0.0,0.0,0.0,2.0,0.0,0.0,1.0,0
1347,06/09/2016,eShakti,eCommerce,Women\xe2\x80\x99s Fashion Apparel eTailer,Chennai,"Infina Finance Pvt. Ltd, Uday Kotak",Private Equity,"13,50,000",,2016-09-06,1350000.0,eShakti,eshakti,0.0,0.0,0,-1.0,1,0.0,3,1,Private Equity,E-Commerce,Chennai,0.0,0.0,0.0,0.0,0.0,2.0,0.0,0.0,1.0,0
439,07/12/2017,eShakti,Ecommerce,"""Women\\'s Fashion Clothing Online Platform""",Chennai,IDG Ventures,Debt Funding,"23,00,000",,2017-12-07,2300000.0,eShakti,eshakti,1350000.0,1350000.0,1,457.0,0,457.0,3,1,Debt,E-Commerce,Chennai,0.0,0.0,0.0,0.0,0.0,1.0,0.0,0.0,1.0,0
236,12/06/2018,eshakti,E-Commerce,Fashion e-tailer,Chennai,Paragon Partners,Private Equity,"1,01,00,000",,2018-06-12,10100000.0,eshakti,eshakti,3650000.0,2300000.0,2,187.0,0,644.0,3,1,Private Equity,E-Commerce,Chennai,0.0005006257822277847,0.00030984568616387664,2.6814550273192492e-05,0.00023417097241184055,0.00023417097241184055,1.0,0.0,1.0,1.0,0
920,27/04/2017,eShiksha,Technology,Education Institution Management Solutions,Jaipur,Cross Border Angels & Experts,Seed Funding,,,2017-04-27,,eShiksha,eshiksha,0.0,0.0,0,-1.0,1,0.0,1,0,Seed/Angel,Technology & SaaS,Jaipur,0.00025031289111389235,0.0,1.54413417595609e-07,0.00016435886649189237,0.00016435886649189237,1.0,0.0,1.0,1.0,0
1864,14/03/2016,eSwasthya,Consumer Internet,Online Medicine Delivery Aggregator,Ahmedabad,Hemang Sahani,Seed Funding,,,2016-03-14,,eSwasthya,eswasthya,0.0,0.0,0,-1.0,1,0.0,1,0,Seed/Angel,Consumer Internet & Media,Ahmedabad,0.0,0.0,0.0,0.0,0.0,1.0,0.0,0.0,1.0,0
2518,13/08/2015,etaout,Ecommerce Marketing Software Platform,,Noida,"Amit Ranjan, Vijay Shekhar Sharma, Kunal Bahl, Girish Mathrubootham &\\xc2\\xa0 Group of other Angel investors",Seed Funding,"5,00,000",,2015-08-13,500000.0,etaout,etaout,0.0,0.0,0,-1.0,1,0.0,1,0,Seed/Angel,E-Commerce,Delhi-NCR,0.000750938673341677,0.00471909365926236,0.0014597492225774918,0.00039636782498119144,0.00036483931564137913,4.0,0.0,1.0,1.0,0
634,02/08/2017,Ethinos,Technology,Digital Marketing Agency,Mumbai,Triton Investment Advisors,Private Equity,,,2017-08-02,,Ethinos,ethinos,0.0,0.0,0,-1.0,1,0.0,1,0,Private Equity,Technology & SaaS,Mumbai,0.0,0.0,0.0,0.0,0.0,1.0,0.0,0.0,1.0,0
1086,20/01/2017,Ethosh,Technology,Visual and Interactive communications Solutions,Pune,Deepak Nathani,Seed Funding,,,2017-01-20,,Ethosh,ethosh,0.0,0.0,0,-1.0,1,0.0,1,0,Seed/Angel,Technology & SaaS,Pune,0.0,0.0,0.0,0.0,0.0,1.0,0.0,0.0,1.0,0
2149,11/12/2015,EureQa,Test Automation SAAS platform,,Hyderabad/USA,"Sashi Reddi, Gabriel Investments",Seed Funding,"6,00,000",,2015-12-11,600000.0,EureQa,eureqa,0.0,0.0,0,-1.0,1,0.0,1,0,Seed/Angel,Technology & SaaS,Hyderabad,0.0,0.0,0.0,0.0,0.0,2.0,0.0,0.0,1.0,0
1400,26/09/2016,EvenGini,Consumer Internet,Event Registration and Ticketing platform,Chennai,Procam International Pvt. Ltd,Private Equity,,,2016-09-26,,EvenGini,evengini,0.0,0.0,0,-1.0,1,0.0,1,0,Private Equity,Consumer Internet & Media,Chennai,0.0,0.0,0.0,0.0,0.0,1.0,0.0,0.0,1.0,0
2797,22/05/2015,EveningFlavors,Online Table Reservation,,Bangalore,Sandiep Shrivatsava,Seed Funding,"5,00,000",,2015-05-22,500000.0,EveningFlavors,eveningflavors,0.0,0.0,0,-1.0,1,0.0,1,0,Seed/Angel,Other,Bengaluru,0.0,0.0,0.0,0.0,0.0,1.0,0.0,0.0,1.0,0
1160,19/12/2016,Events High,Consumer Internet,Events & Activities Marketplace,Bangalore,Axilor Ventures,Private Equity,,,2016-12-19,,Events High,events high,0.0,0.0,0,-1.0,1,0.0,2,1,Private Equity,Consumer Internet & Media,Bengaluru,0.0010012515644555694,0.0028383000031962837,0.0014169998952540074,0.0004588750969253953,0.0004588750969253953,1.0,0.0,1.0,1.0,0
278,30/05/2018,Events High,Consumer Internet,Events and Activities Discovery Platform,Bengaluru,Treebo,Private Equity,,,2018-05-30,,Events High,events high,0.0,0.0,1,527.0,0,527.0,2,1,Private Equity,Consumer Internet & Media,Bengaluru,0.0,0.0,0.0,0.0,0.0,1.0,0.0,0.0,1.0,0
2053,15/01/2016,evibe.in,Consumer Internet,Party Hall Booking platform,Bangalore,"Hyderabad Angels, Lalit Mangal,\\xc2\\xa0 Vikas Malpani, Gaurav Bhalotia, LV Prasad",Seed Funding,,,2016-01-15,,evibe.in,evibe,0.0,0.0,0,-1.0,1,0.0,1,0,Seed/Angel,Consumer Internet & Media,Bengaluru,0.00025031289111389235,0.0,1.54413417595609e-07,0.00016435886649189237,0.00016435886649189237,5.0,0.0,1.0,1.0,0
2218,06/11/2015,Explara,Event Ticketing platform,,Pune,"Hyderabad Angels, Singapore Angel Network, Ness Wadia",Private Equity,"4,90,000",Pre-Series A,2015-11-06,490000.0,Explara,explara,0.0,0.0,0,-1.0,1,0.0,1,0,Private Equity,Other,Pune,0.00025031289111389235,0.0,2.1987016027543615e-06,0.00016435886649189237,0.0001552708720896094,3.0,0.0,1.0,1.0,0
770,22/06/2017,Explore Life traveling,Consumer Internet,Local homes booking platform,Bangalore,"Mekin Maheshwari, Bharat Vijay, Krish Seshadri, Amar Arsikere",Seed Funding,"5,00,000",,2017-06-22,500000.0,Explore Life traveling,explore life traveling,0.0,0.0,0,-1.0,1,0.0,1,0,Seed/Angel,Consumer Internet & Media,Bengaluru,0.0,0.0,0.0,0.0,0.0,4.0,0.0,0.0,1.0,0
1589,09/06/2016,ExtraaEdge,Consumer Internet,Student Acquisition Platform,Pune,"Ritesh Dwivedy, Priti Padhy",Seed Funding,,,2016-06-09,,ExtraaEdge,extraaedge,0.0,0.0,0,-1.0,1,0.0,1,0,Seed/Angel,Consumer Internet & Media,Pune,0.0,0.0,0.0,0.0,0.0,2.0,0.0,0.0,2.0,1
1422,03/08/2016,ExtraCarbon,Consumer Internet,Waste Recycle Management platform,Gurgaon,Brand Capital,Seed Funding,"2,25,000",,2016-08-03,225000.0,ExtraCarbon,extracarbon,0.0,0.0,0,-1.0,1,0.0,1,0,Seed/Angel,Consumer Internet & Media,Delhi-NCR,0.0,0.0,0.0,0.0,0.0,1.0,0.0,0.0,1.0,0
2470,30/09/2015,Eywa Media,Digital Signal processing platform,,Bangalore,"ah! Ventures, Viktor Koenig PE Fund, Mantra Ventures",Seed Funding,"10,00,000",,2015-09-30,1000000.0,Eywa Media,eywa media,0.0,0.0,0,-1.0,1,0.0,1,0,Seed/Angel,Other,Bengaluru,0.0012515644555694616,0.0034676545481551486,0.00024930596051947864,0.0005595823330734198,0.0005595823330734198,3.0,0.0,1.0,1.0,0
832,19/05/2017,EzCred,Consumer Internet,Consumer Lending Platform,Bangalore,"Dheeraj Pandey, Rajesh Yohannan, Akash Garg",Seed Funding,"10,00,000",,2017-05-19,1000000.0,EzCred,ezcred,0.0,0.0,0,-1.0,1,0.0,1,0,Seed/Angel,Consumer Internet & Media,Bengaluru,0.0,0.0,0.0,0.0,0.0,3.0,0.0,0.0,1.0,0
2494,06/08/2015,Ezetap,Mobile based PoS solution,,Bangalore,"Horizons Ventures, Capricorn Investment Group, Social+Capital, Helion Advisors, Berggruen Holdings",Private Equity,"2,50,00,000",Series C,2015-08-06,25000000.0,Ezetap,ezetap,0.0,0.0,0,-1.0,1,0.0,2,1,Private Equity,Other,Bengaluru,0.0,0.0,0.0,0.0,0.0,5.0,0.0,0.0,1.0,0
669,24/08/2017,Ezetap,Technology,mPOS solutions provider,Bangalore,"JS Capital Management, Social Capital, Horizons Ventures,",Private Equity,"1,60,00,000",,2017-08-24,16000000.0,Ezetap,ezetap,25000000.0,25000000.0,1,749.0,0,749.0,2,1,Private Equity,Technology & SaaS,Bengaluru,0.0,0.0,0.0,0.0,0.0,3.0,0.0,0.0,1.0,0
70,10/07/2019,Ezyhaul,Tech,Logistics,Singapore,Undisclosed,Series B,"1,60,00,000",,2019-07-10,16000000.0,Ezyhaul,ezyhaul,0.0,0.0,0,-1.0,1,0.0,1,0,Series B,Other,Tier-2/Other,0.00025031289111389235,0.0,1.54413417595609e-07,0.00016435886649189237,0.00016435886649189237,1.0,0.0,1.0,1.0,0
2557,26/08/2015,EzySolare,solar products and services marketplace,,Ahmedabad,Infuse Ventures,Seed Funding,,,2015-08-26,,EzySolare,ezysolare,0.0,0.0,0,-1.0,1,0.0,1,0,Seed/Angel,E-Commerce,Ahmedabad,0.0,0.0,0.0,0.0,0.0,1.0,0.0,0.0,1.0,0
1077,17/01/2017,Ezytruk,Consumer Internet,Logistics and truck aggregator platform,Bangalore,"Ajith Nair, Anish K",Seed Funding,"1,47,000",,2017-01-17,147000.0,Ezytruk,ezytruk,0.0,0.0,0,-1.0,1,0.0,1,0,Seed/Angel,Consumer Internet & Media,Bengaluru,0.0,0.0,0.0,0.0,0.0,2.0,0.0,0.0,1.0,0
2955,09/02/2015,Faaso\\xe2\\x80\\x99s,,,,Lightbox Ventures,Private Equity,"2,00,00,000",Series B,2015-02-09,20000000.0,Faaso\\xe2\\x80\\x99s,faaso\\xe2\\x80\\x99s,0.0,0.0,0,-1.0,1,0.0,1,0,Private Equity,Other,Tier-2/Other,0.0005006257822277847,3.384300480758685e-06,3.1608915707521845e-06,0.00025844990621239083,0.00025844990621239083,1.0,0.0,1.0,1.0,0
2129,07/12/2015,Faasos,QSR Chain,,Pune,"ru-Net, Sequoia Capital,\\xc2\\xa0 Lightbox Ventures",Private Equity,"3,00,00,000",Series C,2015-12-07,30000000.0,Faasos,faasos,0.0,0.0,0,-1.0,1,0.0,2,1,Private Equity,Technology & SaaS,Pune,0.004005006257822278,0.059859204892582674,0.09566198113272546,0.001413958516141685,0.000836204211177038,3.0,1.0,1.0,1.0,0
906,24/04/2017,Faasos,Food & Beverage,QSR chain and online food delivery,Pune,"Ligthbox Ventures II, Lightbox Expansion Fund, Sequoia Capital India, RuNet South Asia, RB Investments",Private Equity,"63,00,000",,2017-04-24,6300000.0,Faasos,faasos,30000000.0,30000000.0,1,504.0,0,504.0,2,1,Private Equity,Food & Beverage,Pune,0.004005006257822278,0.059859204892582674,0.09566198113272546,0.001413958516141685,0.000836204211177038,5.0,1.0,1.0,1.0,0
2934,02/02/2015,Faaya,,,,Group of Angel Investors,Seed\\nFunding,"16,600",At the 10 minute million event,2015-02-02,16600.0,Faaya,faaya,0.0,0.0,0,-1.0,1,0.0,1,0,Seed/Angel,Other,Tier-2/Other,0.000750938673341677,2.0055113960051465e-06,5.212874231067168e-07,0.00039636782498119144,0.00039636782498119144,1.0,0.0,1.0,1.0,0
715,26/07/2017,Fab Hotels,Consumer Internet,Budget hotels brand & Aggregator Platform,New Delhi,Goldman Sachs,Private Equity,"2,50,00,000",,2017-07-26,25000000.0,Fab Hotels,fab hotels,0.0,0.0,0,-1.0,1,0.0,1,0,Private Equity,Consumer Internet & Media,Delhi-NCR,0.00025031289111389235,0.0,3.63414446275521e-08,0.00017390235357615433,0.00017390235357615433,1.0,0.0,1.0,1.0,0
1291,13/10/2016,FabAlley,ecommerce,online fashion brand store,Noida,"India Quotient, FAO Ventures, Indian Angel Network, Tushar Singh, Ranjan Sharma",Private Equity,"20,00,000",,2016-10-13,2000000.0,FabAlley,faballey,0.0,0.0,0,-1.0,1,0.0,1,0,Private Equity,E-Commerce,Delhi-NCR,0.002002503128911139,0.01032696862918804,0.03555811791464255,0.0008020854002554353,0.0006784155711469456,5.0,0.0,1.0,1.0,0
1648,28/06/2016,FabHotels,Consumer Internet,Online Hotel aggregator & Booking platform,Gurgaon,"Accel Partners, RB Investments",Private Equity,"80,00,000",,2016-06-28,8000000.0,FabHotels,fabhotels,0.0,0.0,0,-1.0,1,0.0,2,1,Private Equity,Consumer Internet & Media,Delhi-NCR,0.0025031289111389233,0.03180691231866443,0.01397423501569189,0.0009597977221441899,0.0009597977221441899,2.0,1.0,1.0,1.0,0
77,03/06/2019,FabHotels,E-Commerce,Hospitality,Gurgaon,"Goldman Sachs, Accel Partners and Qualcomm",,"48,89,975.54",,2019-06-03,4889975.54,FabHotels,fabhotels,8000000.0,8000000.0,1,1070.0,0,1070.0,2,1,Other/Undisclosed,E-Commerce,Delhi-NCR,0.0025031289111389233,0.03180691231866443,0.01397423501569189,0.0009597977221441899,0.0005668500378601721,2.0,1.0,1.0,1.0,0
709,21/07/2017,FableStreet,eCommerce,Women Work wear etailer,New Delhi,"Harmeet Bajaj, Pameela P, Fusiontech Ventures & Others",Seed Funding,,,2017-07-21,,FableStreet,fablestreet,0.0,0.0,0,-1.0,1,0.0,1,0,Seed/Angel,E-Commerce,Delhi-NCR,0.0,0.0,0.0,0.0,0.0,3.0,0.0,0.0,1.0,0
689,11/07/2017,Fabogo,Consumer Internet,Salon & Spa Aggregation & Discovery platform,Pune,Dunamis Ventures Pte Ltd,Private Equity,"22,50,000",,2017-07-11,2250000.0,Fabogo,fabogo,0.0,0.0,0,-1.0,1,0.0,1,0,Private Equity,Consumer Internet & Media,Pune,0.0,0.0,0.0,0.0,0.0,1.0,0.0,0.0,1.0,0
765,21/06/2017,Fabulyst,Technology,Artificial Intelligence based platform,Hyderabad,iBhubs,Seed Funding,"2,15,000",,2017-06-21,215000.0,Fabulyst,fabulyst,0.0,0.0,0,-1.0,1,0.0,1,0,Seed/Angel,Technology & SaaS,Hyderabad,0.0,0.0,0.0,0.0,0.0,1.0,0.0,0.0,1.0,0
1111,30/01/2017,FabX,eCommerce,Used Furniture Marketplace,Mumbai,The Ten Minute Million,Seed Funding,"68,000",,2017-01-30,68000.0,FabX,fabx,0.0,0.0,0,-1.0,1,0.0,1,0,Seed/Angel,E-Commerce,Mumbai,0.0,0.0,0.0,0.0,0.0,1.0,0.0,0.0,1.0,0
3000,07/01/2015,Faircent,,,,"Devesh Sachdev, Ashish Tiwari",Seed Funding,,Valuation at $4M,2015-01-07,,Faircent,faircent,0.0,0.0,0,-1.0,1,0.0,5,1,Seed/Angel,Other,Tier-2/Other,0.00025031289111389235,0.0,1.5935929082450675e-05,0.00014517572664528153,0.00014517572664528153,2.0,0.0,1.0,1.0,0
2704,11/06/2015,Faircent.com,Peer to Peer Lending platform,,Gurgaon,M&S Partners Pte. Ltd,Seed Funding,"2,50,000",Pre-Series A,2015-06-11,250000.0,Faircent.com,faircent,0.0,0.0,1,155.0,0,155.0,5,1,Seed/Angel,Other,Delhi-NCR,0.0,0.0,0.0,0.0,0.0,1.0,0.0,0.0,1.0,0
2326,12/10/2015,Faircent,Online P2P lending marketplace,,Gurgaon,Aarin Capital Partners,Private Equity,,Series A,2015-10-12,,Faircent,faircent,250000.0,250000.0,2,123.0,0,278.0,5,1,Private Equity,E-Commerce,Delhi-NCR,0.00025031289111389235,0.0,5.436574580572323e-09,0.00019298932774467834,0.00019298932774467834,1.0,0.0,1.0,1.0,0
1695,11/05/2016,Faircent,Consumer Internet,Online Peer to Peer Lending platform,Gurgaon,"JM Financial Products Ltd, Arun Tadanki, Doreswamy Nandkishore, Kshitij Jain",Private Equity,,,2016-05-11,,Faircent,faircent,250000.0,250000.0,3,212.0,0,490.0,5,1,Private Equity,Consumer Internet & Media,Delhi-NCR,0.0,0.0,0.0,0.0,0.0,4.0,0.0,0.0,1.0,0
1441,12/08/2016,Faircent.com,Consumer Internet,peer-to-peer lending platform,Gurgaon,Brand Capital,Private Equity,"15,00,000",,2016-08-12,1500000.0,Faircent.com,faircent,250000.0,250000.0,4,93.0,0,583.0,5,1,Private Equity,Consumer Internet & Media,Delhi-NCR,0.0,0.0,0.0,0.0,0.0,1.0,0.0,0.0,1.0,0
994,31/03/2017,FalconBrick,Technology,Real-Estate Workflow mobile app,Bangalore,"Satveer Thakral, LetsVenture, Mumbai Angels",Seed Funding,,,2017-03-31,,FalconBrick,falconbrick,0.0,0.0,0,-1.0,1,0.0,1,0,Seed/Angel,Technology & SaaS,Bengaluru,0.0017521902377972466,0.010975312042205362,0.00961306277325317,0.0007274642447918312,0.0004320561860390382,3.0,0.0,1.0,1.0,0
1634,23/06/2016,FarEye,Technology,Logistics Management Software,New Delhi,Saif Partners,Private Equity,"35,00,000",,2016-06-23,3500000.0,FarEye,fareye,0.0,0.0,0,-1.0,1,0.0,1,0,Private Equity,Technology & SaaS,Delhi-NCR,0.000750938673341677,0.0042731615220654,0.0014112094183159625,0.00029227224578136433,0.00029227224578136433,1.0,1.0,1.0,1.0,0
532,06/10/2017,Farm Taaza,Technology,Fresh Produce SCM company,Bangalore,"Epsilon Venture Partners, Tara India Fund IV and others",Private Equity,"80,00,000",,2017-10-06,8000000.0,Farm Taaza,farm taaza,0.0,0.0,0,-1.0,1,0.0,1,0,Private Equity,Technology & SaaS,Bengaluru,0.0,0.0,0.0,0.0,0.0,2.0,0.0,0.0,1.0,0
966,17/03/2017,FarMart,Technology,Farming rental equipment provider,Gurgaon,Indian Angel Network,Seed Funding,,,2017-03-17,,FarMart,farmart,0.0,0.0,0,-1.0,1,0.0,1,0,Seed/Angel,Technology & SaaS,Delhi-NCR,0.002002503128911139,0.01032696862918804,0.03555811791464255,0.0008020854002554353,0.0008020854002554353,1.0,0.0,1.0,2.0,1
592,08/09/2017,Farmizen,Technology,Agre-Tech Mobile app,Bangalore,"Venture Highway, Alok Mittal, Mohit Agarwal, Anuj Gupta,",Seed Funding,,,2017-09-08,,Farmizen,farmizen,0.0,0.0,0,-1.0,1,0.0,1,0,Seed/Angel,Technology & SaaS,Bengaluru,0.001501877346683354,0.009489956416459439,0.0010773928670292736,0.0005817174715755811,0.0005817174715755811,4.0,0.0,1.0,1.0,0
486,08/11/2017,FarmLink,eCommerce,Online platform for Agricultural products,Mumbai,"Pioneering Ventures, Syngenta AG",Private Equity,"30,00,000",,2017-11-08,3000000.0,FarmLink,farmlink,0.0,0.0,0,-1.0,1,0.0,1,0,Private Equity,E-Commerce,Mumbai,0.0,0.0,0.0,0.0,0.0,2.0,0.0,0.0,1.0,0
1795,20/04/2016,Fashalot,Consumer Internet,Fashion and Store discovery mobile app,New Delhi,"YourNest Angel Fund, Rajul Garg",Seed Funding,,,2016-04-20,,Fashalot,fashalot,0.0,0.0,0,-1.0,1,0.0,2,1,Seed/Angel,Consumer Internet & Media,Delhi-NCR,0.00025031289111389235,0.0,5.436574580572323e-09,0.00019298932774467834,0.00019298932774467834,2.0,0.0,1.0,1.0,0
628,27/09/2017,Fashalot,Consumer Internet,O2O fashion discovery platform,Gurgaon,"Capillary Technologies, Whiteboard Capital, YourNest Angel Fund, Rajul Garg",Private Equity,,,2017-09-27,,Fashalot,fashalot,0.0,0.0,1,525.0,0,525.0,2,1,Private Equity,Consumer Internet & Media,Delhi-NCR,0.0010012515644555694,0.003823689363167662,0.004876466166008099,0.0004078831220185517,0.000300436224881615,4.0,0.0,1.0,1.0,0
2036,11/01/2016,Fashionablyin,Consumer Internet,Mobile based Geo-target Fashion Marketplace,Mumbai,Ranjan Mahtani,Seed Funding,,,2016-01-11,,Fashionablyin,fashionablyin,0.0,0.0,0,-1.0,1,0.0,1,0,Seed/Angel,Consumer Internet & Media,Mumbai,0.0,0.0,0.0,0.0,0.0,1.0,0.0,0.0,1.0,0
2539,19/08/2015,Fashionove,Fashion Search & Review Platform,,Kolkata,Umesh Yadav,Seed Funding,,,2015-08-19,,Fashionove,fashionove,0.0,0.0,0,-1.0,1,0.0,1,0,Seed/Angel,Other,Tier-2/Other,0.0,0.0,0.0,0.0,0.0,1.0,0.0,0.0,1.0,0
5,02/01/2020,Fashor,Fashion and Apparel,Embroiled Clothes For Women,Mumbai,Sprout Venture Partners,Seed Round,"18,00,000",,2020-01-02,1800000.0,Fashor,fashor,0.0,0.0,0,-1.0,1,0.0,1,0,Seed/Angel,Other,Mumbai,0.0,0.0,0.0,0.0,0.0,1.0,0.0,0.0,1.0,0
876,08/04/2017,FastFox,Consumer Internet,Online rental discovery platform,Gurgaon,"Lightspeed India Partners, Blume Ventures, CyberAgent Ventures, GrowX Ventures, IMJ Investment Partners",Private Equity,"46,00,000",,2017-04-08,4600000.0,FastFox,fastfox,0.0,0.0,0,-1.0,1,0.0,1,0,Private Equity,Consumer Internet & Media,Delhi-NCR,0.000750938673341677,0.002140516295368845,0.0010745970944144054,0.0003368274814566413,0.00021049590307672668,5.0,1.0,1.0,1.0,0
2280,27/11/2015,Fastudent,Education Content etailer,,Noida,Ashish Gupta,Seed Funding,,,2015-11-27,,Fastudent,fastudent,0.0,0.0,0,-1.0,1,0.0,2,1,Seed/Angel,EdTech,Delhi-NCR,0.00025031289111389235,0.0,0.0010952179751230122,0.00012749926006189275,0.00012749926006189275,1.0,0.0,1.0,1.0,0
1408,29/09/2016,Fastudent,eCommerce,Education eCommerce platform,Noida,"Kanwaljit Singh, Ajay Lakhotia, Pavan Ongole, Ashish Gupta",Seed Funding,,,2016-09-29,,Fastudent,fastudent,0.0,0.0,1,307.0,0,307.0,2,1,Seed/Angel,E-Commerce,Delhi-NCR,0.00025031289111389235,0.0,0.0010952179751230122,0.00012749926006189275,0.00012749926006189275,4.0,0.0,1.0,1.0,0
1995,24/02/2016,FeetApart,Consumer Internet,Employee engagements & Rewards platform,Bangalore,Vishal Bali & Others,Seed Funding,,,2016-02-24,,FeetApart,feetapart,0.0,0.0,0,-1.0,1,0.0,1,0,Seed/Angel,Consumer Internet & Media,Bengaluru,0.0,0.0,0.0,0.0,0.0,1.0,0.0,0.0,1.0,0
675,29/08/2017,Fieldassist,Technology,SAAS based sales force automation services,Gurgaon,Small Industries Development Bank of India (SIDBI),Debt Funding,,,2017-08-29,,Fieldassist,fieldassist,0.0,0.0,0,-1.0,1,0.0,1,0,Debt,Technology & SaaS,Delhi-NCR,0.0,0.0,0.0,0.0,0.0,1.0,0.0,0.0,1.0,0
1977,19/02/2016,Finance Buddha,Consumer Internet,Online Loan Comparison & Discovery platform,Bangalore,Chennai Angels,Seed Funding,,,2016-02-19,,Finance Buddha,finance buddha,0.0,0.0,0,-1.0,1,0.0,1,0,Seed/Angel,Consumer Internet & Media,Bengaluru,0.000750938673341677,0.002207942702539416,0.0012113159830875644,0.0003491956708925769,0.0003491956708925769,1.0,0.0,1.0,1.0,0
754,16/06/2017,Fincash,Consumer Internet,Personal Finance platform,Mumbai,"Mohammed Khan, Sameer Narayan & Others",Seed Funding,"1,00,000",,2017-06-16,100000.0,Fincash,fincash,0.0,0.0,0,-1.0,1,0.0,2,1,Seed/Angel,Consumer Internet & Media,Mumbai,0.0,0.0,0.0,0.0,0.0,2.0,0.0,0.0,1.0,0
378,16/02/2018,Fincash,Finance,Fin-Tech,Mumbai,"Mohammed Khan, Sameer Narayan & Others",Seed / Angel Funding,"1,50,000",,2018-02-16,150000.0,Fincash,fincash,100000.0,100000.0,1,245.0,0,245.0,2,1,Seed/Angel,FinTech,Mumbai,0.0,0.0,0.0,0.0,0.0,2.0,0.0,0.0,1.0,0
1530,12/07/2016,Find My Stay,Consumer Internet,Online Budget Hotel Aggregator & Booking Platform,New Delhi,"Rishi Parti, Yogesh Bansal",Seed Funding,,,2016-07-12,,Find My Stay,find my stay,0.0,0.0,0,-1.0,1,0.0,1,0,Seed/Angel,Consumer Internet & Media,Delhi-NCR,0.0,0.0,0.0,0.0,0.0,2.0,0.0,0.0,1.0,0
1279,06/10/2016,FindmeaShoe,Consumer Internet,Footwear Recommendation App,Bangalore,Ventureast Fund Advisors,Seed Funding,,,2016-10-06,,FindmeaShoe,findmeashoe,0.0,0.0,0,-1.0,1,0.0,1,0,Seed/Angel,Consumer Internet & Media,Bengaluru,0.0,0.0,0.0,0.0,0.0,1.0,0.0,0.0,1.0,0
1367,13/09/2016,Findow,Consumer Internet,Fashion Discovery Mobile app,Bangalore,Raj Singh Bhandal,Seed Funding,,,2016-09-13,,Findow,findow,0.0,0.0,0,-1.0,1,0.0,1,0,Seed/Angel,Consumer Internet & Media,Bengaluru,0.0,0.0,0.0,0.0,0.0,1.0,0.0,0.0,1.0,0
2107,30/01/2016,FindUrClass,Consumer Internet,Hobby & Activity Class Aggregator,Mumbai,"Amit Patni, Anirudh Damani, Samir Shah",Seed Funding,,,2016-01-30,,FindUrClass,findurclass,0.0,0.0,0,-1.0,1,0.0,1,0,Seed/Angel,Consumer Internet & Media,Mumbai,0.0,0.0,0.0,0.0,0.0,3.0,0.0,0.0,1.0,0
2961,11/02/2015,FindYahan,,,,"Karan Bajwa, Parvesh Bareja , Sunjay Kapur, Amanpreet Bajaj",Seed\\nFunding,,,2015-02-11,,FindYahan,findyahan,0.0,0.0,0,-1.0,1,0.0,3,1,Seed/Angel,Other,Tier-2/Other,0.00025031289111389235,0.0,0.0013162790414074882,0.0001309464257626213,0.0001309464257626213,4.0,0.0,1.0,1.0,0
2848,22/04/2015,FindYahan,Hyperlocal services marketplace,,New Delhi,The Phoenix Fund,Private Equity,,Series A,2015-04-22,,FindYahan,findyahan,0.0,0.0,1,70.0,0,70.0,3,1,Private Equity,E-Commerce,Delhi-NCR,0.0,0.0,0.0,0.0,0.0,1.0,0.0,0.0,1.0,0
2200,03/11/2015,Findyahan,hyperlocal online Services platform,,Noida,Times Group Brand Capital,Private Equity,,Bridge funding,2015-11-03,,Findyahan,findyahan,0.0,0.0,2,195.0,0,265.0,3,1,Private Equity,Other,Delhi-NCR,0.00025031289111389235,0.0,6.502511777487034e-05,0.0001357643242607024,0.0001357643242607024,1.0,0.0,1.0,1.0,0
867,05/04/2017,Fingerlix,Consumer Internet,Food Delivery Platform,Mumbai,Zephyr Peacock India,Private Equity,"30,00,000",,2017-04-05,3000000.0,Fingerlix,fingerlix,0.0,0.0,0,-1.0,1,0.0,3,1,Private Equity,Consumer Internet & Media,Mumbai,0.00025031289111389235,0.0,3.63414446275521e-08,0.00017390235357615433,0.00017390235357615433,1.0,0.0,1.0,1.0,0
551,17/10/2017,Fingerlix,Consumer Internet,Food Ordering Portal,Bangalore,"Accel Partners, Zephyr Peacock",Private Equity,"70,00,000",,2017-10-17,7000000.0,Fingerlix,fingerlix,3000000.0,3000000.0,1,195.0,0,195.0,3,1,Private Equity,Consumer Internet & Media,Bengaluru,0.0025031289111389233,0.03180691231866443,0.01397423501569189,0.0009597977221441899,0.0005668500378601721,2.0,1.0,1.0,1.0,0
335,19/03/2018,Fingerlix,Consumer Internet,Ready To cook Food Solution,Mumbai,Alteria Capital,Debt Funding,"13,10,000",,2018-03-19,1310000.0,Fingerlix,fingerlix,10000000.0,7000000.0,2,153.0,0,348.0,3,1,Debt,Consumer Internet & Media,Mumbai,0.0,0.0,0.0,0.0,0.0,1.0,0.0,0.0,1.0,0
1844,08/03/2016,Finomena,Technology,Credit Worthiness Big Data Analytics,New Delhi,Matrix Partners India,Private Equity,,,2016-03-08,,Finomena,finomena,0.0,0.0,0,-1.0,1,0.0,1,0,Private Equity,Technology & SaaS,Delhi-NCR,0.00025031289111389235,0.0,0.0011995984420673335,0.00012986659567895903,0.00012986659567895903,1.0,1.0,1.0,1.0,0
323,05/03/2018,Finova Capital,Consumer Internet,Online Lending,Jaipur,Sequoia Capital,Private Equity,"60,00,000",,2018-03-05,6000000.0,Finova Capital,finova capital,0.0,0.0,0,-1.0,1,0.0,1,0,Private Equity,Consumer Internet & Media,Jaipur,0.004005006257822278,0.059859204892582674,0.09566198113272546,0.001413958516141685,0.001413958516141685,1.0,1.0,1.0,1.0,0
2761,05/05/2015,Fintellix,Banking Analytics Platform,,Bangalore,"IDG Ventures, Sequoia Capital",Private Equity,"1,50,00,000",Series C,2015-05-05,15000000.0,Fintellix,fintellix,0.0,0.0,0,-1.0,1,0.0,1,0,Private Equity,FinTech,Bengaluru,0.004005006257822278,0.059859204892582674,0.09566198113272546,0.001413958516141685,0.001413958516141685,2.0,1.0,1.0,1.0,0
435,06/12/2017,Fintobox,Technology,Child Learning & Development Platform,Chennai,Lightbox,Private Equity,"70,00,000",,2017-12-06,7000000.0,Fintobox,fintobox,0.0,0.0,0,-1.0,1,0.0,1,0,Private Equity,Technology & SaaS,Chennai,0.0005006257822277847,3.384300480758685e-06,3.1608915707521845e-06,0.00025844990621239083,0.00025844990621239083,1.0,0.0,1.0,1.0,0
284,02/04/2018,Finzy,Consumer Internet,Online Loan Matchmaking Platform,Bengaluru,,Seed / Angel Funding,"13,00,000",,2018-04-02,1300000.0,Finzy,finzy,0.0,0.0,0,-1.0,1,0.0,2,1,Seed/Angel,Consumer Internet & Media,Bengaluru,0.0,0.0,0.0,0.0,0.0,0.0,0.0,0.0,1.0,0
181,20/08/2018,Finzy,Finance,Online Loan Matchmaking Platform,Bengaluru,,Seed / Angel Funding,"10,00,000",,2018-08-20,1000000.0,Finzy,finzy,1300000.0,1300000.0,1,140.0,0,140.0,2,1,Seed/Angel,FinTech,Bengaluru,0.0,0.0,0.0,0.0,0.0,0.0,0.0,0.0,1.0,0
1983,22/02/2016,First Eat,Consumer Internet,Healthy Food Delivery platform,New Delhi,Undisclosed investor,Seed Funding,"1,00,000",,2016-02-22,100000.0,First Eat,first eat,0.0,0.0,0,-1.0,1,0.0,1,0,Seed/Angel,Consumer Internet & Media,Delhi-NCR,0.0,0.0,0.0,0.0,0.0,1.0,0.0,0.0,1.0,0
1397,23/09/2016,First Moms Club,Consumer Internet,Social Network for Mothers,Mumbai,Idea Wave Labs,Seed Funding,,,2016-09-23,,First Moms Club,first moms club,0.0,0.0,0,-1.0,1,0.0,1,0,Seed/Angel,Consumer Internet & Media,Mumbai,0.0,0.0,0.0,0.0,0.0,1.0,0.0,0.0,1.0,0
2943,02/02/2015,FirstCry,,,,Valiant Capital Partners,Private Equity,"2,60,00,000",Series D,2015-02-02,26000000.0,FirstCry,firstcry,0.0,0.0,0,-1.0,1,0.0,3,1,Private Equity,Other,Tier-2/Other,0.0012515644555694616,0.004638772999889398,7.508484863299938e-05,0.0005537048140257201,0.0005537048140257201,1.0,0.0,1.0,1.0,0
2819,08/04/2015,FirstCry.com,eCommerce,,Pune,"Silicon Valley Ventures, NEA Ventures, Valiant Capital, IDG Ventures India,\\xc2\\xa0 SAIF Partners, Vertex Ventures",Private Equity,"1,00,00,000","Series D ( In Feb it was announced they raised 26M, but it is 36M, so added here)",2015-04-08,10000000.0,FirstCry.com,firstcry,26000000.0,26000000.0,1,65.0,0,65.0,3,1,Private Equity,E-Commerce,Pune,0.0012515644555694616,0.004638772999889398,0.0014112094183159625,0.0005537048140257201,0.00035708781831551156,6.0,1.0,1.0,1.0,0
2073,21/01/2016,FirstCry,ECommerce,Kids Focused eTailer,Pune,Ratan Tata,Private Equity,,,2016-01-21,,FirstCry,firstcry,36000000.0,10000000.0,2,288.0,0,353.0,3,1,Private Equity,E-Commerce,Pune,0.0,0.0,0.0,0.0,0.0,1.0,0.0,0.0,1.0,0
2469,30/09/2015,FirstTouch,Local Mobile OS,,Gurgaon,"Kunal Bahl, Rohit Bansal, Pranay Chulet, Naveen Tiwari, Amit Gupta, Mayank Singhal",Seed Funding,,Super angel round,2015-09-30,,FirstTouch,firsttouch,0.0,0.0,0,-1.0,1,0.0,1,0,Seed/Angel,Other,Delhi-NCR,0.00025031289111389235,0.0,0.00017941689575689057,0.0001301985770115292,0.0001301985770115292,6.0,0.0,1.0,1.0,0
2074,21/01/2016,Fisdom,Consumer Internet,Personal Finance Mobile App,Bangalore,Rob Chandra,Seed Funding,"5,00,000",,2016-01-21,500000.0,Fisdom,fisdom,0.0,0.0,0,-1.0,1,0.0,3,1,Seed/Angel,Consumer Internet & Media,Bengaluru,0.0,0.0,0.0,0.0,0.0,1.0,0.0,0.0,1.0,0
1314,19/10/2016,Fisdom,Consumer Internet,Personal Wealth Management Platform & App,Bangalore,"Saama Capital, Raghunandan G, Aprameya Radhakrishna",Private Equity,"11,00,000",,2016-10-19,1100000.0,Fisdom,fisdom,500000.0,500000.0,1,272.0,0,272.0,3,1,Private Equity,Consumer Internet & Media,Bengaluru,0.0012515644555694616,0.002722547121846088,0.018116329309672413,0.0004584976891476841,0.0004584976891476841,3.0,0.0,1.0,1.0,0
485,08/11/2017,Fisdom,Finance,Mutual Fund Investment App,Bangalore,Quona Capital Management,Private Equity,"30,00,000",,2017-11-08,3000000.0,Fisdom,fisdom,1600000.0,1100000.0,2,385.0,0,657.0,3,1,Private Equity,FinTech,Bengaluru,0.00025031289111389235,0.0,0.0003744393720063739,0.00013754383759990627,0.00013754383759990627,1.0,0.0,1.0,1.0,0
2122,03/12/2015,Fitcircle,Social Fitness platform,,Mumbai,Beerud Sheth and Ravi Mantha,Seed Funding,,Pre-Series A,2015-12-03,,Fitcircle,fitcircle,0.0,0.0,0,-1.0,1,0.0,1,0,Seed/Angel,Other,Mumbai,0.0,0.0,0.0,0.0,0.0,1.0,0.0,0.0,1.0,0
2407,11/09/2015,FitMeIn,Gym & Fitness Studios Subscription platform,,New Delhi,Green House Ventures,Seed Funding,"1,00,000",,2015-09-11,100000.0,FitMeIn,fitmein,0.0,0.0,0,-1.0,1,0.0,2,1,Seed/Angel,Other,Delhi-NCR,0.0,0.0,0.0,0.0,0.0,1.0,0.0,0.0,1.0,0
1148,14/12/2016,Fitmein,Consumer Internet,Fitness Discovery & Booking platform,New Delhi,"FiNC, GHV",Seed Funding,,,2016-12-14,,Fitmein,fitmein,100000.0,100000.0,1,460.0,0,460.0,2,1,Seed/Angel,Consumer Internet & Media,Delhi-NCR,0.0005006257822277847,0.0012624694237852398,0.0017500028466532786,0.00024389408284457647,0.00024389408284457647,2.0,0.0,1.0,1.0,0
1085,19/01/2017,Fitnapp,Consumer Internet,Fitness Mobile App,Noida,SD Group,Private Equity,,,2017-01-19,,Fitnapp,fitnapp,0.0,0.0,0,-1.0,1,0.0,1,0,Private Equity,Consumer Internet & Media,Delhi-NCR,0.0,0.0,0.0,0.0,0.0,1.0,0.0,0.0,1.0,0
1150,14/12/2016,Fitpass,Consumer Internet,Fitness center aggregator & Booking mobile app,New Delhi,Mumbai Angels,Seed Funding,"10,00,000",,2016-12-14,1000000.0,Fitpass,fitpass,0.0,0.0,0,-1.0,1,0.0,2,1,Seed/Angel,Consumer Internet & Media,Delhi-NCR,0.0017521902377972466,0.010975312042205362,0.00961306277325317,0.0007274642447918312,0.0007274642447918312,1.0,0.0,1.0,1.0,0
782,29/06/2017,Fitpass,Consumer Internet,Online Fitness Marketplace,New Delhi,"Abhinav Bindra, Gaurav Marya",Private Equity,"10,00,000",,2017-06-29,1000000.0,Fitpass,fitpass,1000000.0,1000000.0,1,197.0,0,197.0,2,1,Private Equity,Consumer Internet & Media,Delhi-NCR,0.0,0.0,0.0,0.0,0.0,2.0,0.0,0.0,1.0,0
2885,11/03/2015,Fitraq.com,,,,Tarun Arora,Seed Funding,"1,50,000",,2015-03-11,150000.0,Fitraq.com,fitraq,0.0,0.0,0,-1.0,1,0.0,2,1,Seed/Angel,Other,Tier-2/Other,0.0,0.0,0.0,0.0,0.0,1.0,0.0,0.0,1.0,0
779,28/06/2017,FiTraQ,Consumer Internet,Fitness Centre Discovery Platform,New Delhi,"Aparup Sengupta, Devendra Reddy,",Seed Funding,,,2017-06-28,,FiTraQ,fitraq,150000.0,150000.0,1,840.0,0,840.0,2,1,Seed/Angel,Consumer Internet & Media,Delhi-NCR,0.0,0.0,0.0,0.0,0.0,2.0,0.0,0.0,1.0,0
2052,15/01/2016,Fitso,Consumer Internet,Fitness related Social Networking App & Forum,Gurgaon,"Varun Khurana, Samar Singla, Vinay Bansal,",Seed Funding,"2,00,000",,2016-01-15,200000.0,Fitso,fitso,0.0,0.0,0,-1.0,1,0.0,2,1,Seed/Angel,Consumer Internet & Media,Delhi-NCR,0.0,0.0,0.0,0.0,0.0,3.0,0.0,0.0,1.0,0
965,16/03/2017,Fitso,Consumer Internet,Fitness Mobile App,Gurgaon,"Sujeet Kumar, Bhupender Singh, Yashish Dhaiya",Seed Funding,"2,00,000",,2017-03-16,200000.0,Fitso,fitso,200000.0,200000.0,1,426.0,0,426.0,2,1,Seed/Angel,Consumer Internet & Media,Delhi-NCR,0.0,0.0,0.0,0.0,0.0,3.0,0.0,0.0,1.0,0
2638,23/07/2015,Fitternity,Fitness Marketplace,,Mumbai,Exfinity Venture Partners,Private Equity,"10,00,000",Series A,2015-07-23,1000000.0,Fitternity,fitternity,0.0,0.0,0,-1.0,1,0.0,3,1,Private Equity,E-Commerce,Mumbai,0.0005006257822277847,5.640500801264474e-07,0.002369353481933205,0.00022106739557454014,0.00022106739557454014,1.0,0.0,1.0,1.0,0
1464,22/08/2016,Fitternity,Consumer Internet,Fitness Gym & Services Discovery platform,Mumbai,"Saha Fund, Exfinity Venture Partners & Others",Private Equity,,,2016-08-22,,Fitternity,fitternity,1000000.0,1000000.0,1,396.0,0,396.0,3,1,Private Equity,Consumer Internet & Media,Mumbai,0.0005006257822277847,5.640500801264474e-07,0.002369353481933205,0.00022106739557454014,0.00022106739557454014,2.0,0.0,1.0,1.0,0
281,02/04/2018,Fitternity,Consumer Internet,Online Fitness Discovey Platform,Mumbai,"Exfinity Venture, Saha fund Partners, Arihant Patni of Patni Family Office, Anjali Bansal, Shardul Amarchand Mangaldas, Satish Khanna and Taparia family office.",Private Equity,"20,00,000",,2018-04-02,2000000.0,Fitternity,fitternity,1000000.0,1000000.0,2,588.0,0,984.0,3,1,Private Equity,Consumer Internet & Media,Mumbai,0.0005006257822277847,5.640500801264474e-07,0.002449661454649823,0.00022106739557454014,0.00016320809921349858,6.0,0.0,1.0,1.0,0
224,31/07/2018,Five Star Group,Fin-Tech,Non-Bank Lending Platform For SME,Chennai,"TPG, Norwest Venture Partners, Sequoia Capital & Matrix Partners",Private Equity,"10,00,00,000",,2018-07-31,100000000.0,Five Star Group,five star group,0.0,0.0,0,-1.0,1,0.0,1,0,Private Equity,Other,Chennai,0.002252816020025031,0.012261105727736856,0.026554020532677212,0.0008858880024062266,0.0005029402590618523,3.0,1.0,1.0,1.0,0
1900,29/03/2016,FixNix,Consumer Internet,GRC SAAS Platform,Chennai,Jay Vijayan,Seed Funding,"5,00,000",,2016-03-29,500000.0,FixNix,fixnix,0.0,0.0,0,-1.0,1,0.0,1,0,Seed/Angel,Consumer Internet & Media,Chennai,0.00025031289111389235,0.0,5.436574580572323e-09,0.00019298932774467834,0.00019298932774467834,1.0,0.0,1.0,1.0,0
2529,17/08/2015,Fixy,On demand cleaning & fixing services,,Mumbai,VentureNursery,Seed Funding,,,2015-08-17,,Fixy,fixy,0.0,0.0,0,-1.0,1,0.0,1,0,Seed/Angel,Other,Mumbai,0.0,0.0,0.0,0.0,0.0,1.0,0.0,0.0,1.0,0
2234,13/11/2015,Flashdoor,On Demand Laundry Service platform,,Bangalore,"Sujeet Kumar, Ankit Nagori, Traxcn Labs",Seed Funding,,,2015-11-13,,Flashdoor,flashdoor,0.0,0.0,0,-1.0,1,0.0,1,0,Seed/Angel,Other,Bengaluru,0.0,0.0,0.0,0.0,0.0,3.0,0.0,0.0,1.0,0
2751,30/06/2015,Flatchat,Flat rental Mobile App,,Bangalore,Commonfloor,Private Equity,"25,00,000",Strategic Funding,2015-06-30,2500000.0,Flatchat,flatchat,0.0,0.0,0,-1.0,1,0.0,1,0,Private Equity,Other,Bengaluru,0.0,0.0,0.0,0.0,0.0,1.0,0.0,0.0,1.0,0
2030,08/01/2016,FlatFurnish,Consumer Internet,Online Furnishing Rental Platform,Gurgaon,Arun Chandra Mohan,Seed Funding,,,2016-01-08,,FlatFurnish,flatfurnish,0.0,0.0,0,-1.0,1,0.0,1,0,Seed/Angel,Consumer Internet & Media,Delhi-NCR,0.0,0.0,0.0,0.0,0.0,1.0,0.0,0.0,1.0,0
2544,20/08/2015,Flatpebble,Online marketplace for Photographers,,Hyderabad,Indian Angel Network,Seed Funding,"6,00,000",,2015-08-20,600000.0,Flatpebble,flatpebble,0.0,0.0,0,-1.0,1,0.0,1,0,Seed/Angel,E-Commerce,Hyderabad,0.002002503128911139,0.01032696862918804,0.03555811791464255,0.0008020854002554353,0.0008020854002554353,1.0,0.0,1.0,1.0,0
2806,27/05/2015,FleetRover,Logistics Intelligence,,Goa,"Tim Chen, Sanjay Venkat",Seed Funding,"1,80,000",,2015-05-27,180000.0,FleetRover,fleetrover,0.0,0.0,0,-1.0,1,0.0,1,0,Seed/Angel,Logistics & Mobility,Tier-2/Other,0.0,0.0,0.0,0.0,0.0,2.0,0.0,0.0,1.0,0
113,01/02/2019,FleetX,AI,Logistics,Gurgaon,India Quotient and LetsVenture\\xe2\\x80\\x99s Angel Fund,Pre Series A,Undisclosed,,2019-02-01,,FleetX,fleetx,0.0,0.0,0,-1.0,1,0.0,1,0,Pre-Series A,Technology & SaaS,Delhi-NCR,0.00025031289111389235,0.0,0.0014541392121809268,0.00013664812728624517,0.00013664812728624517,1.0,0.0,1.0,1.0,0
1285,07/10/2016,Flexiloans,Consumer Internet,Online Funds Raising Platform,Mumbai,"Sanjay Nayar, Vikram Sud, Anil Jaggia, Narayan Seshadri",Private Equity,"1,50,00,000",,2016-10-07,15000000.0,Flexiloans,flexiloans,0.0,0.0,0,-1.0,1,0.0,1,0,Private Equity,Consumer Internet & Media,Mumbai,0.0,0.0,0.0,0.0,0.0,4.0,0.0,0.0,1.0,0
2361,26/10/2015,Flexing It,Professionals & Project Search Marketplace,,New Delhi,undisclosed private investors,Seed Funding,"5,00,000",,2015-10-26,500000.0,Flexing It,flexing it,0.0,0.0,0,-1.0,1,0.0,1,0,Seed/Angel,E-Commerce,Delhi-NCR,0.0,0.0,0.0,0.0,0.0,1.0,0.0,0.0,1.0,0
1423,03/08/2016,FlickBay,Consumer Internet,Mobile Based Bollywood Discovery platform,Mumbai,Paul Roy,Seed Funding,"8,90,000",,2016-08-03,890000.0,FlickBay,flickbay,0.0,0.0,0,-1.0,1,0.0,1,0,Seed/Angel,Consumer Internet & Media,Mumbai,0.0,0.0,0.0,0.0,0.0,1.0,0.0,0.0,1.0,0
690,11/07/2017,Flickstree,Consumer Internet,Video Content Discovery Platform,Mumbai,"Venture Catalysts, Sourav Ganguly, Ankit Aditya, Moksh Sports Ventures",Seed Funding,"4,64,000",,2017-07-11,464000.0,Flickstree,flickstree,0.0,0.0,0,-1.0,1,0.0,1,0,Seed/Angel,Consumer Internet & Media,Mumbai,0.006508135168961201,0.04017278424458088,0.35498683772439593,0.0024836634434645655,0.0013211481088529504,4.0,0.0,1.0,1.0,0
1865,15/03/2016,FlipClass,Consumer Internet,Tutor Search Platform,Bangalore,"S Chand and Co Pvt Ltd, Blume Ventures",Private Equity,"10,00,000",,2016-03-15,1000000.0,FlipClass,flipclass,0.0,0.0,0,-1.0,1,0.0,1,0,Private Equity,Consumer Internet & Media,Bengaluru,0.00025031289111389235,0.0,2.4573577241560827e-06,0.00017390235357615433,0.00015961061180568117,2.0,1.0,1.0,1.0,0
2690,04/06/2015,Flipkart,eCommerce platform,,Bangalore,Morgan Stanley,Private Equity,"5,00,00,000",Late Stage,2015-06-04,50000000.0,Flipkart,flipkart,0.0,0.0,0,-1.0,1,0.0,6,1,Private Equity,E-Commerce,Bengaluru,0.0005006257822277847,1.7548224715045032e-06,3.861719993442213e-07,0.00027083118669728943,0.00027083118669728943,1.0,0.0,1.0,1.0,0
2649,28/07/2015,Flipkart.com,Online Marketplace,,Bangalore,Steadview Capital and existing investors,Private Equity,"70,00,00,000","Late Stage, 10th Round More here",2015-07-28,700000000.0,Flipkart.com,flipkart,50000000.0,50000000.0,1,54.0,0,54.0,6,1,Private Equity,E-Commerce,Bengaluru,0.0010012515644555694,0.005909823855977685,0.026446606072592853,0.0003820294685596755,0.0003820294685596755,1.0,0.0,1.0,1.0,0
1033,20/02/2017,Flipkart,eCommerce,Online Marketplace,Bangalore,"Bennett, Coleman and Co. Ltd (BCCL)",Private Equity,"3,87,00,000",,2017-02-20,38700000.0,Flipkart,flipkart,750000000.0,700000000.0,2,573.0,0,627.0,6,1,Private Equity,E-Commerce,Bengaluru,0.0,0.0,0.0,0.0,0.0,2.0,0.0,0.0,1.0,0
967,21/03/2017,Flipkart,eCommerce,ECommerce Marketplace,Bangalore,"Microsoft, eBay, Tencent Holdings",Private Equity,"1,40,00,00,000",,2017-03-21,1400000000.0,Flipkart,flipkart,788700000.0,38700000.0,3,29.0,0,656.0,6,1,Private Equity,E-Commerce,Bengaluru,0.00025031289111389235,0.0,0.0005406707197536018,0.00013873533332427098,0.00013708305255897407,3.0,0.0,1.0,1.0,0
774,26/06/2017,Flipkart,eCommerce,Online marketplace,Bangalore,Naspers,Private Equity,"7,10,00,000",,2017-06-26,71000000.0,Flipkart,flipkart,2188700000.0,1400000000.0,4,97.0,0,753.0,6,1,Private Equity,E-Commerce,Bengaluru,0.0,0.0,0.0,0.0,0.0,1.0,0.0,0.0,1.0,0
652,11/08/2017,Flipkart,eCommerce,Online Marketplace,Bangalore,Softbank,Private Equity,"2,50,00,00,000",,2017-08-11,2500000000.0,Flipkart,flipkart,2259700000.0,71000000.0,5,46.0,0,799.0,6,1,Private Equity,E-Commerce,Bengaluru,0.000750938673341677,0.0017101211245292814,0.0032531152155108644,0.0003100500256790823,0.0003100500256790823,1.0,1.0,1.0,1.0,0
1392,22/09/2016,Flixy Games,Technology,Mobile Game Publisher for Indian audience,Bangalore,Rebright Partners,Seed Funding,"4,25,000",,2016-09-22,425000.0,Flixy Games,flixy games,0.0,0.0,0,-1.0,1,0.0,1,0,Seed/Angel,Technology & SaaS,Bengaluru,0.000750938673341677,0.003196220928343446,0.004700096284675348,0.00032056487406524517,0.00032056487406524517,1.0,0.0,1.0,1.0,0
1372,14/09/2016,Flocareer,Consumer Internet,Jobs & Skill Validation platform,Bangalore,"Balasubramanian Krishnamurthy, Sidhartha Hazarika & Others",Seed Funding,"1,50,000",,2016-09-14,150000.0,Flocareer,flocareer,0.0,0.0,0,-1.0,1,0.0,1,0,Seed/Angel,Consumer Internet & Media,Bengaluru,0.0012515644555694616,0.004638772999889398,7.508484863299938e-05,0.0005537048140257201,0.0005537048140257201,2.0,0.0,1.0,2.0,1
662,22/08/2017,Flochat,Consumer Internet,instant messaging platform,Mumbai,"iSquare Global,",Seed Funding,,,2017-08-22,,Flochat,flochat,0.0,0.0,0,-1.0,1,0.0,1,0,Seed/Angel,Consumer Internet & Media,Mumbai,0.0,0.0,0.0,0.0,0.0,1.0,0.0,0.0,1.0,0
1013,13/02/2017,Flutura,Technology,Decision Sciences Analytics Solutions,Bangalore,"Vertex Ventures, Lumis Partners",Private Equity,"75,00,000",,2017-02-13,7500000.0,Flutura,flutura,0.0,0.0,0,-1.0,1,0.0,1,0,Private Equity,Technology & SaaS,Bengaluru,0.0005006257822277847,0.0017919265324928945,0.001091590874873286,0.0002252863951394502,0.00018125625018045364,2.0,0.0,1.0,1.0,0
1513,05/07/2016,Flyrobe,eCommerce,Online fashion rental platform,Mumbai,"Sequoia Capital, Rohit Bansal, Kunal Bahl, Sandeep Tandon, Kunal Shah, Zishaan Hayath,\\xc2\\xa0 Abhishek Jain",Seed Funding,"17,00,000",,2016-07-05,1700000.0,Flyrobe,flyrobe,0.0,0.0,0,-1.0,1,0.0,2,1,Seed/Angel,E-Commerce,Mumbai,0.004005006257822278,0.059859204892582674,0.09566198113272546,0.001413958516141685,0.0007720785465766072,7.0,1.0,1.0,1.0,0
1498,31/08/2016,Flyrobe,eCommerce,Online fashion rental platform,Mumbai,"IDG Ventures, Sequoia Capital, GREE Ventures",Private Equity,"53,00,000",,2016-08-31,5300000.0,Flyrobe,flyrobe,1700000.0,1700000.0,1,57.0,0,57.0,2,1,Private Equity,E-Commerce,Mumbai,0.004005006257822278,0.059859204892582674,0.09566198113272546,0.001413958516141685,0.001413958516141685,3.0,1.0,1.0,1.0,0
2594,08/07/2015,Flytxt,Big Data & Analytics platform,,Mumbai / Global,"Sunrise Capital GmBH, Big Data Investments B.V",Private Equity,"1,10,00,000",Series A,2015-07-08,11000000.0,Flytxt,flytxt,0.0,0.0,0,-1.0,1,0.0,2,1,Private Equity,Other,Mumbai,0.0,0.0,0.0,0.0,0.0,2.0,0.0,0.0,1.0,0
914,26/04/2017,Flytxt,Technology,Customer data analytics software,Mumbai,DAH Beteiligungs GmbH,Private Equity,"1,10,00,000",,2017-04-26,11000000.0,Flytxt,flytxt,11000000.0,11000000.0,1,658.0,0,658.0,2,1,Private Equity,Technology & SaaS,Mumbai,0.0,0.0,0.0,0.0,0.0,1.0,0.0,0.0,1.0,0
2172,18/12/2015,Focus Digit,ECommerce platform solutions,,New Delhi,Turning Ideas,Seed Funding,,,2015-12-18,,Focus Digit,focus digit,0.0,0.0,0,-1.0,1,0.0,1,0,Seed/Angel,E-Commerce,Delhi-NCR,0.0,0.0,0.0,0.0,0.0,1.0,0.0,0.0,1.0,0
2709,16/06/2015,FoodAbhi,online tiffin service aggregator,,Mumbai,Group of angel investors,Seed Funding,,,2015-06-16,,FoodAbhi,foodabhi,0.0,0.0,0,-1.0,1,0.0,1,0,Seed/Angel,Other,Mumbai,0.000750938673341677,2.0055113960051465e-06,5.212874231067168e-07,0.00039636782498119144,0.00039636782498119144,1.0,0.0,1.0,1.0,0
356,06/02/2018,Foodmemories,Consumer Internet,Online Food Marketplace,Ahemdabad,"Bhavesh Manglani, Suraj Saharan, Darshan Upadhyay, Sanjay Notani & Others",Seed funding,,,2018-02-06,,Foodmemories,foodmemories,0.0,0.0,0,-1.0,1,0.0,1,0,Seed/Angel,Consumer Internet & Media,Tier-2/Other,0.0005006257822277847,0.0012624694237852398,0.00026250499671654794,0.00023174224416824447,0.00023174224416824447,4.0,0.0,1.0,1.0,0
2890,13/03/2015,Foodpanda,,,,Rocket Internet AG & others,Private Equity,"11,00,00,000",Series C,2015-03-13,110000000.0,Foodpanda,foodpanda,0.0,0.0,0,-1.0,1,0.0,2,1,Private Equity,Other,Tier-2/Other,0.0,0.0,0.0,0.0,0.0,1.0,0.0,0.0,1.0,0
2753,01/05/2015,Foodpanda,Online Food Delivery,,Gurgaon,"Goldman Sachs, Rocket Internet",Private Equity,"10,00,00,000",Series D,2015-05-01,100000000.0,Foodpanda,foodpanda,110000000.0,110000000.0,1,49.0,0,49.0,2,1,Private Equity,Logistics & Mobility,Delhi-NCR,0.00025031289111389235,0.0,3.63414446275521e-08,0.00017390235357615433,0.00017390235357615433,2.0,0.0,1.0,1.0,0
2558,26/08/2015,FoodTalkIndia,Online Food Community Platform,,Gurgaon,Undisclosed Investor,Seed Funding,"5,00,000",,2015-08-26,500000.0,FoodTalkIndia,foodtalkindia,0.0,0.0,0,-1.0,1,0.0,1,0,Seed/Angel,Food & Beverage,Delhi-NCR,0.0,0.0,0.0,0.0,0.0,1.0,0.0,0.0,1.0,0
761,20/06/2017,ForeverShop,Consumer Internet,Mobile based ecommerce platform,Bangalore,91maker.com,Seed Funding,"3,00,000",,2017-06-20,300000.0,ForeverShop,forevershop,0.0,0.0,0,-1.0,1,0.0,1,0,Seed/Angel,Consumer Internet & Media,Bengaluru,0.0,0.0,0.0,0.0,0.0,1.0,0.0,0.0,1.0,0
777,27/06/2017,Formcept,Consumer Internet,Unified Data Analysis platform,Bangalore,Gujarat Venture Finance Ltd,Private Equity,,,2017-06-27,,Formcept,formcept,0.0,0.0,0,-1.0,1,0.0,1,0,Private Equity,Consumer Internet & Media,Bengaluru,0.0,0.0,0.0,0.0,0.0,1.0,0.0,0.0,1.0,0
2255,19/11/2015,Fourseven,Online Jewellery etailer,,New Delhi,Indian Angel Network,Seed Funding,"4,55,000",,2015-11-19,455000.0,Fourseven,fourseven,0.0,0.0,0,-1.0,1,0.0,1,0,Seed/Angel,Technology & SaaS,Delhi-NCR,0.002002503128911139,0.01032696862918804,0.03555811791464255,0.0008020854002554353,0.0008020854002554353,1.0,0.0,1.0,1.0,0
813,10/05/2017,Fourth Ambit,Consumer Internet,Community Building platform,Bangalore,1Crowd,Seed Funding,"6,00,000",,2017-05-10,600000.0,Fourth Ambit,fourth ambit,0.0,0.0,0,-1.0,1,0.0,1,0,Seed/Angel,Consumer Internet & Media,Bengaluru,0.0005006257822277847,0.0009472281012256808,0.0027722702807833925,0.00023462760148550098,0.00023462760148550098,1.0,0.0,1.0,1.0,0
2455,24/09/2015,Fourth Partner Energy,Solar Power Solutions company,,Hyderabad,"Infuse Ventures, The Chennai Angels",Private Equity,"20,00,000",Series A,2015-09-24,2000000.0,Fourth Partner Energy,fourth partner energy,0.0,0.0,0,-1.0,1,0.0,1,0,Private Equity,Other,Hyderabad,0.000750938673341677,0.002207942702539416,0.0012113159830875644,0.0003491956708925769,0.0003491956708925769,2.0,0.0,1.0,1.0,1
471,27/12/2017,Foyr.com,Technology,Realty Tech Startup solving real life Interior Designing problems,Hyderabad,Jones Lang LaSalle,Private Equity,"38,00,000",,2017-12-27,3800000.0,Foyr.com,foyr,0.0,0.0,0,-1.0,1,0.0,1,0,Private Equity,Technology & SaaS,Hyderabad,0.0,0.0,0.0,0.0,0.0,1.0,0.0,0.0,1.0,0
36,05/09/2019,FPL Technologies,FinTech,Financial Services,Pune,"Matrix Partners India, Sequoia India",Maiden Round,"45,00,000",,2019-09-05,4500000.0,FPL Technologies,fpl,0.0,0.0,0,-1.0,1,0.0,1,0,Other/Undisclosed,FinTech,Pune,0.000750938673341677,0.0036940218595162967,0.007362732465128354,0.00033164209477533563,0.00023075434522714733,2.0,1.0,1.0,1.0,0
1332,27/10/2016,FR8,Technology,Truck Fleet Operation platform,Chennai,Omnivore Partners,Private Equity,"9,71,000",,2016-10-27,971000.0,FR8,fr8,0.0,0.0,0,-1.0,1,0.0,2,1,Private Equity,Technology & SaaS,Chennai,0.001501877346683354,0.01232376722051922,0.025036897071613846,0.0005892053483365319,0.0005892053483365319,1.0,0.0,1.0,1.0,0
519,28/11/2017,FR8,Technology,Online Truck aggregator platform,Chennai,IFMR Capital,Debt Funding,"15,00,000",,2017-11-28,1500000.0,FR8,fr8,971000.0,971000.0,1,397.0,0,397.0,2,1,Debt,Technology & SaaS,Chennai,0.0,0.0,0.0,0.0,0.0,1.0,0.0,0.0,1.0,0
2716,18/06/2015,Fracktal Works,3D Printer Manufacturer,,Bangalore,Neoteric Infomatique Limited,Private Equity,"30,00,000",Series A,2015-06-18,3000000.0,Fracktal Works,fracktal works,0.0,0.0,0,-1.0,1,0.0,2,1,Private Equity,Other,Bengaluru,0.0,0.0,0.0,0.0,0.0,1.0,0.0,0.0,1.0,0
446,12/12/2017,Fracktal Works,Technology,Platform based on 3D printing and Digital Manufacturing,Bengaluru,Hyderabad Angels,Seed/Angel Funding,,,2017-12-12,,Fracktal Works,fracktal works,3000000.0,3000000.0,1,908.0,0,908.0,2,1,Seed/Angel,Technology & SaaS,Bengaluru,0.00025031289111389235,0.0,1.54413417595609e-07,0.00016435886649189237,0.00016435886649189237,1.0,0.0,1.0,1.0,0
1696,11/05/2016,Fractal Analytics,Technology,Data Analytics Company,Mumbai,Khazanah Nasional Berhad,Private Equity,"10,00,00,000",,2016-05-11,100000000.0,Fractal Analytics,fractal analytics,0.0,0.0,0,-1.0,1,0.0,1,0,Private Equity,Technology & SaaS,Mumbai,0.0,0.0,0.0,0.0,0.0,1.0,0.0,0.0,1.0,0
2999,06/01/2015,Frankly,,,,Matrix Partners,Seed Funding,"6,00,000",,2015-01-06,600000.0,Frankly,frankly,0.0,0.0,0,-1.0,1,0.0,1,0,Seed/Angel,Other,Tier-2/Other,0.00025031289111389235,0.0,0.0011995984420673335,0.00012986659567895903,0.00012986659567895903,1.0,1.0,1.0,1.0,0
961,15/03/2017,Frapperz,Consumer Internet,On-demand home services provider,Kolkata,Undisclosed Investor,Seed Funding,"1,00,000",,2017-03-15,100000.0,Frapperz,frapperz,0.0,0.0,0,-1.0,1,0.0,1,0,Seed/Angel,Consumer Internet & Media,Tier-2/Other,0.0,0.0,0.0,0.0,0.0,1.0,0.0,0.0,1.0,0
2951,06/02/2015,FreeCharge,,,,"Valiant Capital, Tybourne Capital, Sequoia Capital, RuNet and Sofina",Private Equity,"8,00,00,000",Series C,2015-02-06,80000000.0,FreeCharge,freecharge,0.0,0.0,0,-1.0,1,0.0,2,1,Private Equity,Other,Tier-2/Other,0.004005006257822278,0.059859204892582674,0.09566198113272546,0.001413958516141685,0.0006938115454723587,4.0,1.0,1.0,1.0,0
1052,07/01/2017,FreeCharge,Consumer Internet,Mobile Wallet,Mumbai,Jasper Infotech Pvt Ltd,Private Equity,"5,70,00,000",,2017-01-07,57000000.0,FreeCharge,freecharge,80000000.0,80000000.0,1,701.0,0,701.0,2,1,Private Equity,Consumer Internet & Media,Mumbai,0.0,0.0,0.0,0.0,0.0,1.0,0.0,0.0,1.0,0
2000,26/02/2016,Freedom Smart Labs,Technology,IoT retail solutions,New Delhi,Kapil Goel,Seed Funding,"1,45,000",,2016-02-26,145000.0,Freedom Smart Labs,freedom smart labs,0.0,0.0,0,-1.0,1,0.0,1,0,Seed/Angel,Technology & SaaS,Delhi-NCR,0.0,0.0,0.0,0.0,0.0,1.0,0.0,0.0,1.0,0
1144,12/12/2016,Fresh Food Concepts,Food & Beverage,Cold Press Juice manufacturer & seller,New Delhi,"Siddhartha Gupta, Ashvin Chadha",Seed Funding,"20,00,000",,2016-12-12,2000000.0,Fresh Food Concepts,fresh food concepts,0.0,0.0,0,-1.0,1,0.0,1,0,Seed/Angel,Food & Beverage,Delhi-NCR,0.0,0.0,0.0,0.0,0.0,2.0,0.0,0.0,1.0,0
1359,10/09/2016,Freshboxx,eCommerce,Fruits & vegetable eTailer,Hubli,Ravi Linganuri,Seed Funding,,,2016-09-10,,Freshboxx,freshboxx,0.0,0.0,0,-1.0,1,0.0,2,1,Seed/Angel,E-Commerce,Tier-2/Other,0.0,0.0,0.0,0.0,0.0,1.0,0.0,0.0,1.0,0
474,02/11/2017,FreshBoxx,ECommerce,Online Grocery Store,Bangalore,Jayant Humbarwadi,Seed Funding,,,2017-11-02,,FreshBoxx,freshboxx,0.0,0.0,1,418.0,0,418.0,2,1,Seed/Angel,E-Commerce,Bengaluru,0.0,0.0,0.0,0.0,0.0,1.0,0.0,0.0,1.0,0
2846,20/04/2015,Freshdesk,Online / Mobile Customer Support,,Chennai,"Tiger Global, Google Capital & Accel Partners",Private Equity,"5,00,00,000",Series E,2015-04-20,50000000.0,Freshdesk,freshdesk,0.0,0.0,0,-1.0,1,0.0,2,1,Private Equity,Other,Chennai,0.005006257822277847,0.07287536754319783,0.18527724887454788,0.0017164247516392465,0.0013381112368917182,2.0,1.0,1.0,1.0,0
1189,02/11/2016,FreshDesk,Consumer Internet,SAAS Based HelpDesk Services,Chennai,"Sequoia Capital India, Accel Partners",Private Equity,"5,50,00,000",,2016-11-02,55000000.0,FreshDesk,freshdesk,50000000.0,50000000.0,1,562.0,0,562.0,2,1,Private Equity,Consumer Internet & Media,Chennai,0.004005006257822278,0.059859204892582674,0.09566198113272546,0.001413958516141685,0.0011868781191429374,2.0,1.0,1.0,1.0,0
1594,10/06/2016,Freshee,FMCG,Household packaging & Storage product manufacturer,Mumbai,Edelweiss Private Equity,Private Equity,,,2016-06-10,,Freshee,freshee,0.0,0.0,0,-1.0,1,0.0,1,0,Private Equity,Other,Mumbai,0.00025031289111389235,0.0,0.00011501179015951749,0.00012662338701867522,0.00012662338701867522,1.0,0.0,1.0,1.0,0
2034,11/01/2016,FreshMenu,Consumer Internet,Online / Mobile Food Ordering platform,Bangalore,"Zodius Capital, Lightspeed Venture Partners",Private Equity,"1,65,00,000",,2016-01-11,16500000.0,FreshMenu,freshmenu,0.0,0.0,0,-1.0,1,0.0,2,1,Private Equity,Consumer Internet & Media,Bengaluru,0.000750938673341677,0.002140516295368845,0.0010745970944144054,0.0003368274814566413,0.0003368274814566413,2.0,1.0,1.0,1.0,0
2102,29/01/2016,FreshMenu,Consumer Internet,Fresh Food Delivery platform,Bangalore,"Zodius Technology Fund, Lightspeed Venture Partners",Private Equity,"1,70,00,000",,2016-01-29,17000000.0,FreshMenu,freshmenu,16500000.0,16500000.0,1,18.0,0,18.0,2,1,Private Equity,Consumer Internet & Media,Bengaluru,0.000750938673341677,0.002140516295368845,0.0010745970944144054,0.0003368274814566413,0.0003368274814566413,2.0,1.0,1.0,1.0,0
3031,22/01/2015,Freshmonk,,,,"August Capital Partners, Michael Blakey",Seed Funding,,,2015-01-22,,Freshmonk,freshmonk,0.0,0.0,0,-1.0,1,0.0,1,0,Seed/Angel,Other,Tier-2/Other,0.0,0.0,0.0,0.0,0.0,2.0,0.0,0.0,1.0,0
96,28/05/2019,FreshVnF,Agtech,Fresh Agriculture Produces,Mumbai,Equanimity Ventures,Seed Round,"14,00,00,000",,2019-05-28,140000000.0,FreshVnF,freshvnf,0.0,0.0,0,-1.0,1,0.0,1,0,Seed/Angel,Other,Mumbai,0.0005006257822277847,0.0009472281012256808,0.0072092865804564725,0.00024603230863153676,0.00024603230863153676,1.0,0.0,1.0,1.0,0
18,13/11/2019,Freshworks,Software,Business and customer engagement tools,San Francisco,"Sequoia, CapitalG, Accel",Series H,"15,00,00,000",,2019-11-13,150000000.0,Freshworks,freshworks,0.0,0.0,0,-1.0,1,0.0,1,0,Late Stage (C+),Technology & SaaS,Tier-2/Other,0.004005006257822278,0.059859204892582674,0.09566198113272546,0.001413958516141685,0.0008496862451404805,3.0,1.0,1.0,1.0,0
2986,26/02/2015,FreshWorld,,,,"Kris Gopalakrishnan, Nagaraja Prakasam",Seed\\nFunding,,,2015-02-26,,FreshWorld,freshworld,0.0,0.0,0,-1.0,1,0.0,1,0,Seed/Angel,Other,Tier-2/Other,0.0,0.0,0.0,0.0,0.0,2.0,0.0,0.0,1.0,0
255,28/06/2018,Front Desk AI,Technology,An AI Platform Offering Automated Customer Service Software,Bengaluru,Speciale Invest & Others,Seed/ Angel Funding,"11,00,000",,2018-06-28,1100000.0,Front Desk AI,front desk ai,0.0,0.0,0,-1.0,1,0.0,1,0,Seed/Angel,Technology & SaaS,Bengaluru,0.0012515644555694616,2.3126053285184345e-05,3.591492347534398e-05,0.0005559215076730678,0.0005559215076730678,1.0,0.0,1.0,1.0,0
1236,24/11/2016,FroyoFit,Consumer Internet,Fitness Discovery Platform,Indore,Dr. Pooja Gandhi,Seed Funding,,,2016-11-24,,FroyoFit,froyofit,0.0,0.0,0,-1.0,1,0.0,1,0,Seed/Angel,Consumer Internet & Media,Tier-2/Other,0.0,0.0,0.0,0.0,0.0,1.0,0.0,0.0,1.0,0
2357,23/10/2015,Frsh,Online food ordering & Delivery service,,Gurgaon,"Mumbai Angels, Mayank Bhangdia, Kae Capital",Private Equity,"10,00,000",Bridge Round,2015-10-23,1000000.0,Frsh,frsh,0.0,0.0,0,-1.0,1,0.0,1,0,Private Equity,Logistics & Mobility,Delhi-NCR,0.0017521902377972466,0.010975312042205362,0.00961306277325317,0.0007274642447918312,0.00047576188034151426,3.0,0.0,1.0,1.0,0
2945,03/02/2015,Frsh.co.in,,,,"India Quotient, Kae Capital",Seed\\nFunding,"5,18,000",,2015-02-03,518000.0,Frsh.co.in,frsh.co,0.0,0.0,0,-1.0,1,0.0,1,0,Seed/Angel,Other,Tier-2/Other,0.0012515644555694616,0.0022066892579169126,0.0017614729921763422,0.000554745742038456,0.0003894026289648267,2.0,0.0,1.0,1.0,0
1833,04/03/2016,FTCash,Consumer Internet,Mobile Payments Platform,Kolkata,IvyCap Ventures,Seed Funding,"1,50,000",,2016-03-04,150000.0,FTCash,ftcash,0.0,0.0,0,-1.0,1,0.0,2,1,Seed/Angel,Consumer Internet & Media,Tier-2/Other,0.0010012515644555694,0.0025562052263307694,9.695382383805698e-05,0.00042674507745196256,0.00042674507745196256,1.0,0.0,1.0,1.0,0
727,06/06/2017,Ftcash,Consumer Internet,Mobile Payments platform,Mumbai,"500 Startups, IvyCap Ventures",Private Equity,,,2017-06-06,,Ftcash,ftcash,150000.0,150000.0,1,459.0,0,459.0,2,1,Private Equity,Consumer Internet & Media,Mumbai,0.0010012515644555694,0.0025562052263307694,9.695382383805698e-05,0.00042674507745196256,0.00042674507745196256,2.0,0.0,1.0,1.0,0
1509,04/07/2016,Fulfil.IO,Consumer Internet,Cloud Based ERP Software,US,Rajan Anandan,Seed Funding,,,2016-07-04,,Fulfil.IO,fulfil.io,0.0,0.0,0,-1.0,1,0.0,1,0,Seed/Angel,Consumer Internet & Media,Tier-2/Other,0.0,0.0,0.0,0.0,0.0,1.0,0.0,0.0,1.0,0
1999,25/02/2016,Funcart,eCommerce,Party Supplies Etailer,New Delhi,Undisclosed HNIs,Seed Funding,"70,000",,2016-02-25,70000.0,Funcart,funcart,0.0,0.0,0,-1.0,1,0.0,1,0,Seed/Angel,E-Commerce,Delhi-NCR,0.00025031289111389235,0.0,1.54413417595609e-07,0.00016435886649189237,0.00016435886649189237,1.0,0.0,1.0,1.0,0
1444,12/08/2016,Funcastic,Consumer Internet,B2C vernacular podcast aggregator platform,New Delhi,"HT Media Ltd, North Base Media",Seed Funding,,,2016-08-12,,Funcastic,funcastic,0.0,0.0,0,-1.0,1,0.0,1,0,Seed/Angel,Consumer Internet & Media,Delhi-NCR,0.0,0.0,0.0,0.0,0.0,2.0,0.0,0.0,1.0,0
1713,18/05/2016,Fundamentor,Education,Aptitude Development Program,Pune,Subramanya SV,Seed Funding,,,2016-05-18,,Fundamentor,fundamentor,0.0,0.0,0,-1.0,1,0.0,1,0,Seed/Angel,EdTech,Pune,0.0,0.0,0.0,0.0,0.0,1.0,0.0,0.0,1.0,0
2721,19/06/2015,FundsIndia.com,Financial Services Platform,,Chennai,"Faering Capital, Foundation Capital, Inventus Capital Partners",Private Equity,"1,10,00,000",Series C,2015-06-19,11000000.0,FundsIndia.com,fundsindia,0.0,0.0,0,-1.0,1,0.0,1,0,Private Equity,Other,Chennai,0.0005006257822277847,0.0018922000021308557,0.004169276821430136,0.0002293495466738097,0.0002293495466738097,3.0,0.0,1.0,1.0,0
1242,25/11/2016,FunOnGo,Consumer Internet,Digital Media Content and Distribution platform,Mumbai,Reliance Entertainment,Private Equity,,,2016-11-25,,FunOnGo,funongo,0.0,0.0,0,-1.0,1,0.0,1,0,Private Equity,Consumer Internet & Media,Mumbai,0.0012515644555694616,0.004638772999889398,7.508484863299938e-05,0.0005537048140257201,0.0005537048140257201,1.0,0.0,1.0,1.0,0
2445,22/09/2015,Furdo,Online Interior Designing platform,,Bangalore,Bhavdeep Reddy,Seed Funding,"4,00,000",,2015-09-22,400000.0,Furdo,furdo,0.0,0.0,0,-1.0,1,0.0,1,0,Seed/Angel,Other,Bengaluru,0.0,0.0,0.0,0.0,0.0,1.0,0.0,0.0,1.0,0
2914,24/03/2015,Furlenco,,,,LightBox Ventures,Private Equity,"60,00,000",Series A,2015-03-24,6000000.0,Furlenco,furlenco,0.0,0.0,0,-1.0,1,0.0,4,1,Private Equity,Other,Tier-2/Other,0.0005006257822277847,3.384300480758685e-06,3.1608915707521845e-06,0.00025844990621239083,0.00025844990621239083,1.0,0.0,1.0,1.0,1
1375,15/09/2016,Furlenco,eCommerce,Online furniture rental startup,Bangalore,Lightbox Ventures and others,Private Equity,"50,00,000",,2016-09-15,5000000.0,Furlenco,furlenco,6000000.0,6000000.0,1,541.0,0,541.0,4,1,Private Equity,E-Commerce,Bengaluru,0.0005006257822277847,3.384300480758685e-06,3.1608915707521845e-06,0.00025844990621239083,0.00025844990621239083,1.0,0.0,1.0,1.0,1
1313,19/10/2016,Furlenco,Consumer Internet,Online Furniture Rental platform,Bangalore,"Lightbox Ventures, Axis Capital & Others",Private Equity,"3,00,00,000",,2016-10-19,30000000.0,Furlenco,furlenco,11000000.0,5000000.0,2,34.0,0,575.0,4,1,Private Equity,Consumer Internet & Media,Bengaluru,0.0005006257822277847,3.384300480758685e-06,3.1608915707521845e-06,0.00025844990621239083,0.00025844990621239083,2.0,0.0,1.0,1.0,1
444,11/12/2017,Furlenco,Technology,Furniture Rental Platform,Bengaluru,Aamir Khan,Debt Funding,"12,00,000",,2017-12-11,1200000.0,Furlenco,furlenco,41000000.0,30000000.0,3,418.0,0,993.0,4,1,Debt,Technology & SaaS,Bengaluru,0.0,0.0,0.0,0.0,0.0,1.0,0.0,0.0,1.0,1
31,19/11/2019,Furtados School of Music,Education,Music Education,Tulangan,IAN Fund and DSG Consumer Partners,,"20,00,00,000",,2019-11-19,200000000.0,Furtados School of Music,furtados school of music,0.0,0.0,0,-1.0,1,0.0,1,0,Other/Undisclosed,EdTech,Tier-2/Other,0.001501877346683354,0.005746251505479102,0.030855919122090774,0.0005464575058024244,0.0005464575058024244,1.0,0.0,1.0,1.0,0
2740,25/06/2015,Fusion Microfinance,Micro Finance Platform,,New Delhi,"Development finance institution Belgian Investment Company, Oikocredit",Private Equity,"86,00,000",Series C,2015-06-25,8600000.0,Fusion Microfinance,fusion microfinance,0.0,0.0,0,-1.0,1,0.0,1,0,Private Equity,FinTech,Delhi-NCR,0.0012515644555694616,0.004638772999889398,7.508484863299938e-05,0.0005537048140257201,0.00035289674141892355,2.0,0.0,1.0,1.0,0
2918,25/03/2015,Fxkart.com,,,,"Dr Mushtaq Shah, Dr Faraz Naqvi",Seed Funding,"20,00,000",,2015-03-25,2000000.0,Fxkart.com,fxkart,0.0,0.0,0,-1.0,1,0.0,1,0,Seed/Angel,Other,Tier-2/Other,0.0,0.0,0.0,0.0,0.0,2.0,0.0,0.0,1.0,0
2384,01/09/2015,FXMartIndia,Payment Services platform,,Chandigarh,Flipkart,Private Equity,,Strategic Investment (Majority Stake),2015-09-01,,FXMartIndia,fxmartindia,0.0,0.0,0,-1.0,1,0.0,1,0,Private Equity,FinTech,Tier-2/Other,0.00025031289111389235,0.0,0.007045835078804396,0.0001332984609229168,0.0001332984609229168,1.0,0.0,1.0,1.0,0
1017,13/02/2017,Fyle,Technology,Expense Management Solution,Bangalore,Pravega Ventures,Seed Funding,"4,00,000",,2017-02-13,400000.0,Fyle,fyle,0.0,0.0,0,-1.0,1,0.0,2,1,Seed/Angel,Technology & SaaS,Bengaluru,0.000750938673341677,0.005653536625338508,0.014745586382638468,0.0003192117766350062,0.0003192117766350062,1.0,0.0,1.0,1.0,0
302,19/04/2018,Fyle Technologies,Technology,AI Based Expense Management Platform,Bengaluru,Pravega Ventures and Beenext,Seed / Angel Funding,"11,000,00",,2018-04-19,1100000.0,Fyle Technologies,fyle,400000.0,400000.0,1,430.0,0,430.0,2,1,Seed/Angel,Technology & SaaS,Bengaluru,0.002252816020025031,0.026666534645510814,0.01377356864908714,0.0008378082004402911,0.0008378082004402911,1.0,0.0,1.0,1.0,0
978,28/03/2017,Fynd,ECommerce,Online fashion marketplace,Mumbai,Venture Catalysts,Private Equity,"5,00,000",,2017-03-28,500000.0,Fynd,fynd,0.0,0.0,0,-1.0,1,0.0,4,1,Private Equity,E-Commerce,Mumbai,0.006508135168961201,0.04017278424458088,0.35498683772439593,0.0024836634434645655,0.0024836634434645655,1.0,0.0,1.0,1.0,0
826,16/05/2017,Fynd,eCommerce,Fashion ECommerce Portal,Mumbai,Rocketship,Private Equity,"5,00,000",,2017-05-16,500000.0,Fynd,fynd,500000.0,500000.0,1,49.0,0,49.0,4,1,Private Equity,E-Commerce,Mumbai,0.00025031289111389235,0.0,0.010611456541095916,0.0001158534793275463,0.0001158534793275463,1.0,0.0,1.0,1.0,0
763,21/06/2017,Fynd,eCommerce,Fashion etailer,Mumbai,"IIFL Seed Ventures, Kae Capital, FJ Labs, Singularity Ventures, GrowX, Tracxn Labs, Axis Capital",Private Equity,"24,00,000",,2017-06-21,2400000.0,Fynd,fynd,1000000.0,500000.0,2,36.0,0,85.0,4,1,Private Equity,E-Commerce,Mumbai,0.000750938673341677,0.0063889904690958834,0.000686504670154921,0.00031160091326542486,0.00021234016334671134,7.0,0.0,1.0,1.0,0
350,29/03/2018,Fynd,Consumer Internet,O2O fashion ecommerce platform,Mumbai,"Google, Kae Capital, IIFL, Singularity Ventures, GrowX, Tracxn Labs, Venture Catalyst, Patni family office and Axis Capital.",Seed / Angel Funding,,,2018-03-29,,Fynd,fynd,3400000.0,2400000.0,3,281.0,0,366.0,4,1,Seed/Angel,Consumer Internet & Media,Mumbai,0.006508135168961201,0.04017278424458088,0.35498683772439593,0.0024836634434645655,0.0006881236762003599,8.0,0.0,1.0,1.0,0
2422,15/09/2015,FYNE,Home Fitting & Fixtures Marketplace,,Bangalore,Sandeep Dama & Others,Seed Funding,,Pre-Series A,2015-09-15,,FYNE,fyne,0.0,0.0,0,-1.0,1,0.0,1,0,Seed/Angel,E-Commerce,Bengaluru,0.0,0.0,0.0,0.0,0.0,1.0,0.0,0.0,1.0,0
561,24/10/2017,FYRE,Food & Beverage,Herbal energy shot maker,Mumbai,Venture Catalysts,Seed Funding,"5,00,000",,2017-10-24,500000.0,FYRE,fyre,0.0,0.0,0,-1.0,1,0.0,1,0,Seed/Angel,Food & Beverage,Mumbai,0.006508135168961201,0.04017278424458088,0.35498683772439593,0.0024836634434645655,0.0024836634434645655,1.0,0.0,1.0,1.0,0
2334,14/10/2015,Gaana.com,Music Streaming mobile app,,Mumbai,Micromax Informatics Ltd,Private Equity,,Strategic Funding,2015-10-14,,Gaana.com,gaana,0.0,0.0,0,-1.0,1,0.0,2,1,Private Equity,Other,Mumbai,0.0,0.0,0.0,0.0,0.0,1.0,0.0,0.0,1.0,0
389,28/02/2018,Gaana,Technology,Online Music Streaming,Gurugram,"Tencent Holdings Ltd, Times Internet",Private Equity,"11,50,00,000",,2018-02-28,115000000.0,Gaana,gaana,0.0,0.0,1,868.0,0,868.0,2,1,Private Equity,Technology & SaaS,Delhi-NCR,0.00025031289111389235,0.0,0.0005406707197536018,0.00013873533332427098,0.00013873533332427098,2.0,0.0,1.0,1.0,0
2532,17/08/2015,Gadgets 360,Car & Bike ecommerce platform,,New Delhi,One97 Communications,Private Equity,,Strategic Investment,2015-08-17,,Gadgets 360,gadgets 360,0.0,0.0,0,-1.0,1,0.0,1,0,Private Equity,E-Commerce,Delhi-NCR,0.0,0.0,0.0,0.0,0.0,1.0,0.0,0.0,1.0,0
2822,09/04/2015,Gadgetwood,Device Repair Svcs,,New Delhi,"Ajai Chowdhry, Ashvin Chadha, Yogesh Bansal,\\nNitin Singhal & Others",Seed Funding,"2,00,000",,2015-04-09,200000.0,Gadgetwood,gadgetwood,0.0,0.0,0,-1.0,1,0.0,2,1,Seed/Angel,Technology & SaaS,Delhi-NCR,0.0,0.0,0.0,0.0,0.0,4.0,0.0,0.0,1.0,0
1390,22/09/2016,Gadgetwood,Consumer Internet,On-Demand Gadget repair services platform,New Delhi,Carpediem Capital,Private Equity,"60,00,000",,2016-09-22,6000000.0,Gadgetwood,gadgetwood,200000.0,200000.0,1,532.0,0,532.0,2,1,Private Equity,Consumer Internet & Media,Delhi-NCR,0.0,0.0,0.0,0.0,0.0,1.0,0.0,0.0,1.0,0
2086,22/01/2016,Gajty,Healthcare,Salons & Spa Chain,Gurgaon,Purvi Ventures,Seed Funding,,,2016-01-22,,Gajty,gajty,0.0,0.0,0,-1.0,1,0.0,1,0,Seed/Angel,Healthcare,Delhi-NCR,0.0,0.0,0.0,0.0,0.0,1.0,0.0,0.0,1.0,0
1702,12/05/2016,Galleri5,Consumer Internet,Visual Content Discovery platform,Bangalore,"Phanindra Sama, Raghunandan G,",Seed Funding,,,2016-05-12,,Galleri5,galleri5,0.0,0.0,0,-1.0,1,0.0,1,0,Seed/Angel,Consumer Internet & Media,Bengaluru,0.0,0.0,0.0,0.0,0.0,2.0,0.0,0.0,1.0,0
2062,19/01/2016,Gameezop,Consumer Internet,Casual Gaming platform,New Delhi,Anand Chandrasekaran & Others,Seed Funding,,,2016-01-19,,Gameezop,gameezop,0.0,0.0,0,-1.0,1,0.0,1,0,Seed/Angel,Consumer Internet & Media,Delhi-NCR,0.0,0.0,0.0,0.0,0.0,1.0,0.0,0.0,1.0,0
2442,22/09/2015,GameXS.in,Pre-owned games Marketplace,,New Delhi,Lead Angels,Seed Funding,,,2015-09-22,,GameXS.in,gamexs,0.0,0.0,0,-1.0,1,0.0,1,0,Seed/Angel,E-Commerce,Delhi-NCR,0.0010012515644555694,0.006769913213594535,0.05549185359678784,0.00038032984394980706,0.00038032984394980706,1.0,0.0,1.0,1.0,0
1965,17/02/2016,GameZop,Technology,Mobile Gaming Platform,New Delhi,"KWAN Entertainment & Marketing Solutions, Powerhouse Ventures & Others",Seed Funding,"3,50,000",,2016-02-17,350000.0,GameZop,gamezop,0.0,0.0,0,-1.0,1,0.0,1,0,Seed/Angel,Technology & SaaS,Delhi-NCR,0.0,0.0,0.0,0.0,0.0,2.0,0.0,0.0,1.0,0
613,21/09/2017,Gaming Monk,Consumer Internet,E-sports platform,New Delhi,AdvantEdge,Private Equity,,,2017-09-21,,Gaming Monk,gaming monk,0.0,0.0,0,-1.0,1,0.0,1,0,Private Equity,Consumer Internet & Media,Delhi-NCR,0.0005006257822277847,1.5041335470038599e-06,5.297620712439321e-07,0.0002717531204445557,0.0002717531204445557,1.0,0.0,1.0,1.0,0
1910,02/02/2016,Gamooz,Technology,Augmented Reality Solutions,Gurgaon,Multiple investors through Ten Minute Million competition,Seed Funding,"22,500",,2016-02-02,22500.0,Gamooz,gamooz,0.0,0.0,0,-1.0,1,0.0,1,0,Seed/Angel,Technology & SaaS,Delhi-NCR,0.0,0.0,0.0,0.0,0.0,1.0,0.0,0.0,1.0,0
1868,16/03/2016,Gapoon,Consumer Internet,Hyperlocal Home Maintenance services,Bangalore,"Chandrashekar Tallapragada, Pankaj Kapoor",Seed Funding,"1,80,000",,2016-03-16,180000.0,Gapoon,gapoon,0.0,0.0,0,-1.0,1,0.0,2,1,Seed/Angel,Consumer Internet & Media,Bengaluru,0.0,0.0,0.0,0.0,0.0,2.0,0.0,0.0,1.0,0
547,13/10/2017,Gapoon,Consumer Internet,home maintenance services platform,Bangalore,"Vida Ventures, Snehal Mantri, Anshu Bahadur",Seed Funding,"2,50,000",,2017-10-13,250000.0,Gapoon,gapoon,180000.0,180000.0,1,576.0,0,576.0,2,1,Seed/Angel,Consumer Internet & Media,Bengaluru,0.0,0.0,0.0,0.0,0.0,3.0,0.0,0.0,1.0,0
470,27/12/2017,Garage On Road,E-Commerce,Online vehicle service booking platform,Noida,Gaurav Gupta,Private Equity,,,2017-12-27,,Garage On Road,garage on road,0.0,0.0,0,-1.0,1,0.0,1,0,Private Equity,E-Commerce,Delhi-NCR,0.0005006257822277847,0.0012624694237852398,4.980030884600046e-05,0.0002463891269862537,0.0002463891269862537,1.0,0.0,1.0,1.0,0
1752,06/04/2016,gear6,Consumer Internet,Online bike service and repairs platform,Bangalore,Ninestarter,Seed Funding,"5,00,000",,2016-04-06,500000.0,gear6,gear6,0.0,0.0,0,-1.0,1,0.0,1,0,Seed/Angel,Consumer Internet & Media,Bengaluru,0.0,0.0,0.0,0.0,0.0,1.0,0.0,0.0,1.0,0
1438,11/08/2016,Genextstudents,Consumer Internet,Online Tutoring Service provider,Mumbai,1Crowd (through crowdfunding),Seed Funding,"2,09,000",,2016-08-11,209000.0,Genextstudents,genextstudents,0.0,0.0,0,-1.0,1,0.0,1,0,Seed/Angel,Consumer Internet & Media,Mumbai,0.0005006257822277847,0.0009472281012256808,0.0027722702807833925,0.00023462760148550098,0.00023462760148550098,1.0,0.0,1.0,1.0,0
827,17/05/2017,Genie,Consumer Internet,hyperlocal delivery and logistics mobile app,Chennai,undisclosed investors,Seed Funding,"2,50,000",,2017-05-17,250000.0,Genie,genie,0.0,0.0,0,-1.0,1,0.0,1,0,Seed/Angel,Consumer Internet & Media,Chennai,0.0,0.0,0.0,0.0,0.0,1.0,0.0,0.0,1.0,0
138,21/11/2018,Genius Corner,Education,Personalized Learning,Noida,Individual investors,Seed Funding,"2,78,000",,2018-11-21,278000.0,Genius Corner,genius corner,0.0,0.0,0,-1.0,1,0.0,1,0,Seed/Angel,EdTech,Delhi-NCR,0.0,0.0,0.0,0.0,0.0,1.0,0.0,0.0,1.0,0
841,24/05/2017,GenNext Students,Consumer Internet,Online Tutoring Services,Mumbai,Undisclosed Investors,Seed Funding,"5,80,000",,2017-05-24,580000.0,GenNext Students,gennext students,0.0,0.0,0,-1.0,1,0.0,1,0,Seed/Angel,Consumer Internet & Media,Mumbai,0.0,0.0,0.0,0.0,0.0,1.0,0.0,0.0,1.0,0
1663,01/05/2016,Get My Parking,Technology,Parking Technology Platform,New Delhi,The Chennai Angels,Seed Funding,"3,76,000",,2016-05-01,376000.0,Get My Parking,get my parking,0.0,0.0,0,-1.0,1,0.0,3,1,Seed/Angel,Technology & SaaS,Delhi-NCR,0.000750938673341677,0.002207942702539416,0.0012113159830875644,0.0003491956708925769,0.0003491956708925769,1.0,0.0,1.0,2.0,1
1036,23/02/2017,Get My Parking,Consumer Internet,Smart Parking Platform,New Delhi,"Indian Angel Network (IAN), BEENEXT, The Chennai Angels, Sunil Munjal",Private Equity,"11,00,000",,2017-02-23,1100000.0,Get My Parking,get my parking,376000.0,376000.0,1,298.0,0,298.0,3,1,Private Equity,Consumer Internet & Media,Delhi-NCR,0.002252816020025031,0.026666534645510814,0.03555811791464255,0.0008378082004402911,0.0006630297571961012,4.0,0.0,1.0,2.0,1
598,12/09/2017,Get My Parking,Consumer Internet,Smart Parking Enabler,New Delhi,"IAN Fund, Beenext, Indian Angel Network",Private Equity,"30,00,000",,2017-09-12,3000000.0,Get My Parking,get my parking,1476000.0,1100000.0,2,201.0,0,499.0,3,1,Private Equity,Consumer Internet & Media,Delhi-NCR,0.002252816020025031,0.026666534645510814,0.03555811791464255,0.0008378082004402911,0.0007857338347405093,3.0,0.0,1.0,2.0,1
658,17/08/2017,Get Simpl,Consumer Internet,Payment Solution Mobile app,Mumbai,"Green Visor Capital LP II, IA Venture Strategies Fund II LP, Boillot Family Trust, Russell M Byrne, The Oliver R. Grace, Jr. Millennium Trust, SF Capital Investments LP",Seed Funding,,,2017-08-17,,Get Simpl,get simpl,0.0,0.0,0,-1.0,1,0.0,1,0,Seed/Angel,Consumer Internet & Media,Mumbai,0.0,0.0,0.0,0.0,0.0,7.0,0.0,0.0,1.0,0
2151,11/12/2015,GetFocus,Indoor Navigation & Analytics Solutions,,Mumbai,Undisclosed investors,Seed Funding,,,2015-12-11,,GetFocus,getfocus,0.0,0.0,0,-1.0,1,0.0,1,0,Seed/Angel,Other,Mumbai,0.0,0.0,0.0,0.0,0.0,1.0,0.0,0.0,1.0,0
2743,26/06/2015,GetMyPeon,Hyperlocal Handyman Services,,Mumbai,Undisclosed investors,Seed Funding,"2,50,000",,2015-06-26,250000.0,GetMyPeon,getmypeon,0.0,0.0,0,-1.0,1,0.0,1,0,Seed/Angel,Other,Mumbai,0.0,0.0,0.0,0.0,0.0,1.0,0.0,0.0,1.0,0
2587,06/07/2015,getNow,Hyperlocal Goods marketplace,,Nagpur,Atulya Mittal,Seed Funding,,,2015-07-06,,getNow,getnow,0.0,0.0,0,-1.0,1,0.0,1,0,Seed/Angel,E-Commerce,Tier-2/Other,0.0,0.0,0.0,0.0,0.0,1.0,0.0,0.0,1.0,0
1970,18/02/2016,GetVee,Consumer Internet,Matrimony & Couples only mobile platform,New Delhi,"Lightspeed Venture Partners, K Ganesh",Private Equity,,,2016-02-18,,GetVee,getvee,0.0,0.0,0,-1.0,1,0.0,1,0,Private Equity,Consumer Internet & Media,Delhi-NCR,0.000750938673341677,0.002140516295368845,0.0010745970944144054,0.0003368274814566413,0.0003368274814566413,2.0,1.0,1.0,1.0,0
2862,27/04/2015,GIBBS,Clean Tech,,New Delhi,Infuse Ventures fund,Private Equity,,Series B,2015-04-27,,GIBBS,gibbs,0.0,0.0,0,-1.0,1,0.0,1,0,Private Equity,Other,Delhi-NCR,0.0,0.0,0.0,0.0,0.0,1.0,0.0,0.0,1.0,0
2498,07/08/2015,GIBSS,Energy saving solutions provider,,Mumbai,"responsAbility Investments, Infuse Ventures",Private Equity,,Series A,2015-08-07,,GIBSS,gibss,0.0,0.0,0,-1.0,1,0.0,1,0,Private Equity,Other,Mumbai,0.00025031289111389235,0.0,2.215989529591035e-05,0.0001379233305595085,0.0001379233305595085,2.0,0.0,1.0,1.0,0
1265,04/10/2016,Giftxoxo,eCommerce,Online Gifting platform,Bangalore,Mahindra Holidays & Resorts India Ltd,Private Equity,"4,50,000",,2016-10-04,450000.0,Giftxoxo,giftxoxo,0.0,0.0,0,-1.0,1,0.0,1,0,Private Equity,E-Commerce,Bengaluru,0.0,0.0,0.0,0.0,0.0,1.0,0.0,0.0,1.0,0
340,21/03/2018,GigIndia,Consumer Internet,Micro Jobs Provider For Students,Pune,"Jessica Wong, Hiro Mashita, Xue Manzi and Yiyun Zhang.",Seed / Angel Funding,,,2018-03-21,,GigIndia,gigindia,0.0,0.0,0,-1.0,1,0.0,1,0,Seed/Angel,Consumer Internet & Media,Pune,0.0,0.0,0.0,0.0,0.0,3.0,0.0,0.0,1.0,0
2581,03/07/2015,Gingercrush,Custom Merchandize platform,,Ahmedabad,"Gokul Jaykrishna, Brand Capital",Seed Funding,"10,00,000",,2015-07-03,1000000.0,Gingercrush,gingercrush,0.0,0.0,0,-1.0,1,0.0,3,1,Seed/Angel,Other,Ahmedabad,0.0,0.0,0.0,0.0,0.0,2.0,0.0,0.0,1.0,0
2228,11/11/2015,Gingercrush,Product Customization Platform,,Vadodara,TV Mohandas Pai\\xe2\\x80\\x99s family office,Seed Funding,,,2015-11-11,,Gingercrush,gingercrush,1000000.0,1000000.0,1,131.0,0,131.0,3,1,Seed/Angel,Other,Tier-2/Other,0.0,0.0,0.0,0.0,0.0,1.0,0.0,0.0,1.0,0
1922,05/02/2016,Gingercrush,Ecommerce,Personalized Products & Merchandize eTailer,Vadodara,"Saha Fund, TV Mohandas Pai, Zia Mody, Mumbai Angels, Ananda Kallugadde, Rakesh Desai, Rakesh Malhotra",Private Equity,"10,00,000",,2016-02-05,1000000.0,Gingercrush,gingercrush,1000000.0,1000000.0,2,86.0,0,217.0,3,1,Private Equity,E-Commerce,Tier-2/Other,0.0017521902377972466,0.010975312042205362,0.00961306277325317,0.0007274642447918312,0.0007274642447918312,7.0,0.0,1.0,1.0,0
1879,21/03/2016,Girnar Software,Consumer Internet,Online News Media Network,Jaipur,Google Capital,Private Equity,,,2016-03-21,,Girnar Software,girnar software,0.0,0.0,0,-1.0,1,0.0,1,0,Private Equity,Consumer Internet & Media,Jaipur,0.0005006257822277847,0.001649196233190398,0.0002357910263278024,0.00022901162210896294,0.00022901162210896294,1.0,0.0,1.0,1.0,0
1366,12/09/2016,Glam Studios,Consumer Internet,Beauty Salon Aggregator,Noida,"Pradeep Mirani, Aqeel Ahmed, Anand Ladsariya, Nitin Agarwal",Seed Funding,"3,00,000",,2016-09-12,300000.0,Glam Studios,glam studios,0.0,0.0,0,-1.0,1,0.0,1,0,Seed/Angel,Consumer Internet & Media,Delhi-NCR,0.0,0.0,0.0,0.0,0.0,4.0,0.0,0.0,1.0,0
2673,01/06/2015,Glamrs,Online Fashion Video Portal,,Mumbai,"Ventureworks India, Blume Ventures, Batlivala & Karani Securities, Nikunj Jhaveri",Private Equity,"10,00,000",Pre-Series A,2015-06-01,1000000.0,Glamrs,glamrs,0.0,0.0,0,-1.0,1,0.0,1,0,Private Equity,Other,Mumbai,0.00025031289111389235,0.0,2.4573577241560827e-06,0.00014531887003520802,0.00014531887003520802,4.0,1.0,1.0,1.0,0
1939,10/02/2016,GlamStudios,Consumer Internet,Online Salon Aggregator,Noida,Aqeel Ahmed,Seed Funding,,,2016-02-10,,GlamStudios,glamstudios,0.0,0.0,0,-1.0,1,0.0,1,0,Seed/Angel,Consumer Internet & Media,Delhi-NCR,0.0,0.0,0.0,0.0,0.0,1.0,0.0,0.0,1.0,0
418,25/01/2018,Glassic,Ecommerce,Eyewear,Bengaluru,"Chennai Angels, Lead Angels, LetsVenture",Angel / Seed Funding,,,2018-01-25,,Glassic,glassic,0.0,0.0,0,-1.0,1,0.0,1,0,Seed/Angel,E-Commerce,Bengaluru,0.0010012515644555694,0.006769913213594535,0.05549185359678784,0.00038032984394980706,0.0002887245473762097,3.0,0.0,1.0,1.0,0
600,13/09/2017,Glowroad,Consumer Internet,women focussed customer-to-customer reseller network,Bangalore,"Accel Partners,",Private Equity,"20,00,000",,2017-09-13,2000000.0,Glowroad,glowroad,0.0,0.0,0,-1.0,1,0.0,2,1,Private Equity,Consumer Internet & Media,Bengaluru,0.0025031289111389233,0.03180691231866443,0.01397423501569189,0.0009597977221441899,0.0009597977221441899,1.0,1.0,1.0,1.0,0
97,30/05/2019,GlowRoad,E-commerce,Retail,Bengaluru,"Korea Investment Partners, Vertex Ventures",Series B,"1,15,00,000",,2019-05-30,11500000.0,GlowRoad,glowroad,2000000.0,2000000.0,1,624.0,0,624.0,2,1,Series B,E-Commerce,Bengaluru,0.0005006257822277847,0.0017919265324928945,0.001091590874873286,0.0002252863951394502,0.0002252863951394502,2.0,0.0,1.0,1.0,0
2478,03/08/2015,Glowship,Energy & Environment Online Marketplace,,Bangalore,Infuse Ventures,Seed Funding,,,2015-08-03,,Glowship,glowship,0.0,0.0,0,-1.0,1,0.0,1,0,Seed/Angel,E-Commerce,Bengaluru,0.0,0.0,0.0,0.0,0.0,1.0,0.0,0.0,1.0,0
1725,24/05/2016,Goalwise,Consumer Internet,Online investment platform,Bangalore,Undisclosed HNIs,Seed Funding,"10,00,000",,2016-05-24,1000000.0,Goalwise,goalwise,0.0,0.0,0,-1.0,1,0.0,1,0,Seed/Angel,Consumer Internet & Media,Bengaluru,0.00025031289111389235,0.0,1.54413417595609e-07,0.00016435886649189237,0.00016435886649189237,1.0,0.0,1.0,1.0,0
1604,14/06/2016,Gobolt,Logistics,B2B Logistics provider,New Delhi,MCube8,Seed Funding,,,2016-06-14,,Gobolt,gobolt,0.0,0.0,0,-1.0,1,0.0,1,0,Seed/Angel,Logistics & Mobility,Delhi-NCR,0.0,0.0,0.0,0.0,0.0,1.0,0.0,0.0,3.0,1
1018,14/02/2017,GoBumpr,Consumer Internet,Online Bike & Car Services provider,Chennai,"Mahalingam K, Girish Mathrubootham",Seed Funding,"3,00,000",,2017-02-14,300000.0,GoBumpr,gobumpr,0.0,0.0,0,-1.0,1,0.0,1,0,Seed/Angel,Consumer Internet & Media,Chennai,0.0,0.0,0.0,0.0,0.0,2.0,0.0,0.0,1.0,0
630,27/09/2017,GoChoppers,Consumer Internet,Luxury Helicopter Tourism Services portal,Gurgaon,"Rivergate Capital,",Seed Funding,,,2017-09-27,,GoChoppers,gochoppers,0.0,0.0,0,-1.0,1,0.0,1,0,Seed/Angel,Consumer Internet & Media,Delhi-NCR,0.0,0.0,0.0,0.0,0.0,1.0,0.0,0.0,1.0,0
1146,13/12/2016,GoComet,Logistics,Marketplace for International Freight,Mumbai,"India Quotient, Rajul Garg, Rajesh Yabaji, Chanakya Hridaya, Ramasubramaniam B, Vishwanathan, Nobel House, Sunstone Capital",Seed Funding,,,2016-12-13,,GoComet,gocomet,0.0,0.0,0,-1.0,1,0.0,1,0,Seed/Angel,Logistics & Mobility,Mumbai,0.0012515644555694616,0.0015831233045289707,0.0017614729921763422,0.000554745742038456,0.000554745742038456,8.0,0.0,1.0,1.0,0
127,01/11/2018,GoDesi,Food and Beverage,Regional Flavours,Bengaluru,Lead Angels Network,Seed/ Angel Funding,"1,38,995",,2018-11-01,138995.0,GoDesi,godesi,0.0,0.0,0,-1.0,1,0.0,1,0,Seed/Angel,Food & Beverage,Bengaluru,0.0010012515644555694,0.006769913213594535,0.05549185359678784,0.00038032984394980706,0.00038032984394980706,1.0,0.0,1.0,1.0,0
2115,01/12/2015,Godof Hospitals,Digital Healthcare,,New Delhi,Pankaj Gupta,Seed Funding,"20,00,000",,2015-12-01,2000000.0,Godof Hospitals,godof hospitals,0.0,0.0,0,-1.0,1,0.0,1,0,Seed/Angel,Healthcare,Delhi-NCR,0.0,0.0,0.0,0.0,0.0,1.0,0.0,0.0,1.0,0
582,06/09/2017,GoFro,Consumer Internet,Online travel booking platform,New Delhi,"HIS Co. Ltd, MakeMyTrip",Private Equity,"1,00,00,000",,2017-09-06,10000000.0,GoFro,gofro,0.0,0.0,0,-1.0,1,0.0,1,0,Private Equity,Consumer Internet & Media,Delhi-NCR,0.0,0.0,0.0,0.0,0.0,2.0,0.0,0.0,1.0,0
1046,03/01/2017,GoFynd,ecommerce,Fashion ecommerce portal,Mumbai,"Anand Chandrasekaran, Rajiv Mehta, Ramakant Sharma",Seed Funding,,,2017-01-03,,GoFynd,gofynd,0.0,0.0,0,-1.0,1,0.0,1,0,Seed/Angel,E-Commerce,Mumbai,0.0005006257822277847,0.0007917568354969451,0.0026035998429006996,0.00022175111085757105,0.00022175111085757105,3.0,0.0,1.0,1.0,0
1572,03/06/2016,GoGo Truck,Consumer Internet,Truck Aggregator & Booking platform,Chennai,Undisclosed Investor,Seed Funding,"75,000",,2016-06-03,75000.0,GoGo Truck,gogo truck,0.0,0.0,0,-1.0,1,0.0,1,0,Seed/Angel,Consumer Internet & Media,Chennai,0.0,0.0,0.0,0.0,0.0,1.0,0.0,0.0,1.0,0
2904,18/03/2015,GoJavas,,,,Snapdeal,Private Equity,,"Minority stake, Strategic",2015-03-18,,GoJavas,gojavas,0.0,0.0,0,-1.0,1,0.0,2,1,Private Equity,Other,Tier-2/Other,0.0,0.0,0.0,0.0,0.0,1.0,0.0,0.0,1.0,0
2310,07/10/2015,GoJavas,Delivery & Logistics Service provider,,Gurgaon,Snapdeal,Private Equity,"2,00,00,000",Strategic Funding (Series C),2015-10-07,20000000.0,GoJavas,gojavas,0.0,0.0,1,203.0,0,203.0,2,1,Private Equity,Logistics & Mobility,Delhi-NCR,0.0,0.0,0.0,0.0,0.0,1.0,0.0,0.0,1.0,0
572,30/10/2017,GoldFarm,Food & Beverage,Agriculture Technology,Coimbatore,Mahindra & Mahindra and Infuse Ventures,Private Equity,"20,00,000",,2017-10-30,2000000.0,GoldFarm,goldfarm,0.0,0.0,0,-1.0,1,0.0,1,0,Private Equity,Food & Beverage,Tier-2/Other,0.0,0.0,0.0,0.0,0.0,1.0,0.0,0.0,1.0,0
2901,17/03/2015,GolfLAN,,,,YourNest Angel Fund,Seed Funding,,,2015-03-17,,GolfLAN,golflan,0.0,0.0,0,-1.0,1,0.0,2,1,Seed/Angel,Other,Tier-2/Other,0.00025031289111389235,0.0,5.436574580572323e-09,0.00019298932774467834,0.00019298932774467834,1.0,0.0,1.0,1.0,0
1207,10/11/2016,GolfLAN,Consumer Internet,Golf Session Online Bookings platform,New Delhi,"YourNest Angel Fund, iSON",Private Equity,"10,00,000",,2016-11-10,1000000.0,GolfLAN,golflan,0.0,0.0,1,604.0,0,604.0,2,1,Private Equity,Consumer Internet & Media,Delhi-NCR,0.00025031289111389235,0.0,0.01161259225911651,0.00019298932774467834,0.00015516589566327588,2.0,0.0,1.0,1.0,0
1645,27/06/2016,Gomalon,Consumer Internet,Online Spa & Salon discovery & Booking platform,Bangalore,Undisclosed investor,Seed Funding,"1,00,000",,2016-06-27,100000.0,Gomalon,gomalon,0.0,0.0,0,-1.0,1,0.0,1,0,Seed/Angel,Consumer Internet & Media,Bengaluru,0.0,0.0,0.0,0.0,0.0,1.0,0.0,0.0,1.0,0
1135,08/12/2016,GoMechanic,Consumer Internet,Online Car servicing Booking platform,Gurgaon,Venture Catalysts,Seed Funding,"2,50,000",,2016-12-08,250000.0,GoMechanic,gomechanic,0.0,0.0,0,-1.0,1,0.0,1,0,Seed/Angel,Consumer Internet & Media,Delhi-NCR,0.006508135168961201,0.04017278424458088,0.35498683772439593,0.0024836634434645655,0.0024836634434645655,1.0,0.0,1.0,1.0,1
798,05/05/2017,Good Methods Global,Technology,Cloud Based Practice Management Software,Trivandrum,Accel Partners,Private Equity,,,2017-05-05,,Good Methods Global,good methods global,0.0,0.0,0,-1.0,1,0.0,1,0,Private Equity,Technology & SaaS,Tier-2/Other,0.0025031289111389233,0.03180691231866443,0.01397423501569189,0.0009597977221441899,0.0009597977221441899,1.0,1.0,1.0,1.0,0
2802,26/05/2015,Goodbox,On-Demand Business messaging,,Bangalore,Manipal Group,Seed Funding,"2,00,000",,2015-05-26,200000.0,Goodbox,goodbox,0.0,0.0,0,-1.0,1,0.0,3,1,Seed/Angel,Other,Bengaluru,0.0,0.0,0.0,0.0,0.0,1.0,0.0,0.0,1.0,0
2246,18/11/2015,Goodbox,conversational commerce mobile app,,Bangalore,Nexus Venture Partners,Private Equity,"25,00,000",Series A,2015-11-18,2500000.0,Goodbox,goodbox,200000.0,200000.0,1,176.0,0,176.0,3,1,Private Equity,Other,Bengaluru,0.00025031289111389235,0.0,0.004643633114189387,0.00012013188825083282,0.00012013188825083282,1.0,1.0,1.0,1.0,0
753,16/06/2017,Goodbox,eCommerce,Mobile SAAS\\xc2\\xa0 ECommerce platform for SMEs,Bangalore,"Nexus Venture Partners, Mekin Maheshwari",Private Equity,"10,00,000",,2017-06-16,1000000.0,Goodbox,goodbox,2700000.0,2500000.0,2,576.0,0,752.0,3,1,Private Equity,E-Commerce,Bengaluru,0.00025031289111389235,0.0,0.004643633114189387,0.00012013188825083282,0.00012013188825083282,2.0,1.0,1.0,1.0,0
747,13/06/2017,Goodera,Technology,CSR and sustainability management platform,Bangalore,"Nexus Venture Partners, Omidyar Network",Private Equity,"55,00,000",,2017-06-13,5500000.0,Goodera,goodera,0.0,0.0,0,-1.0,1,0.0,1,0,Private Equity,Technology & SaaS,Bengaluru,0.0010012515644555694,0.007109553316259028,0.013758018688313459,0.0003983214631420374,0.0002592266756964351,2.0,1.0,1.0,1.0,0
2730,23/06/2015,Goodservice,Mobile Chat based concierge service,,New Delhi,Sequoia Capital,Private Equity,"16,00,000",Series A,2015-06-23,1600000.0,Goodservice,goodservice,0.0,0.0,0,-1.0,1,0.0,1,0,Private Equity,Other,Delhi-NCR,0.004005006257822278,0.059859204892582674,0.09566198113272546,0.001413958516141685,0.001413958516141685,1.0,1.0,1.0,1.0,0
723,05/06/2017,Goomo,Consumer Internet,Online Travel & Holiday Booking platform,Mumbai,Emerging India,Private Equity,"5,00,00,000",,2017-06-05,50000000.0,Goomo,goomo,0.0,0.0,0,-1.0,1,0.0,1,0,Private Equity,Consumer Internet & Media,Mumbai,0.0,0.0,0.0,0.0,0.0,1.0,0.0,0.0,1.0,0
1376,15/09/2016,GoPigeon,Consumer Internet,on-demand logistics service provider,Bangalore,Nexus Venture Partners,Private Equity,"15,00,000",,2016-09-15,1500000.0,GoPigeon,gopigeon,0.0,0.0,0,-1.0,1,0.0,1,0,Private Equity,Consumer Internet & Media,Bengaluru,0.00025031289111389235,0.0,0.004643633114189387,0.00012013188825083282,0.00012013188825083282,1.0,1.0,1.0,1.0,0
2580,03/07/2015,Goqii,Mobile Fitness Marketplace,,Mumbai,Vijay Shekhar Sharma,Private Equity,,Pre-Series A,2015-07-03,,Goqii,goqii,0.0,0.0,0,-1.0,1,0.0,5,1,Private Equity,E-Commerce,Mumbai,0.000750938673341677,0.00471909365926236,0.0014597492225774918,0.0003333108063015668,0.0003333108063015668,1.0,0.0,1.0,1.0,0
2274,26/11/2015,GoQii,Fitness Tracking Management Solutions,,Mumbai,"New Enterprise Associates, Cheetah Mobile",Private Equity,"1,34,00,000",Series B,2015-11-26,13400000.0,GoQii,goqii,0.0,0.0,1,146.0,0,146.0,5,1,Private Equity,Other,Mumbai,0.0,0.0,0.0,0.0,0.0,2.0,0.0,0.0,1.0,0
1937,09/02/2016,GOQii,Technology,Personalized fitness coaching & Fitness band,Mumbai,Edelweiss Financial Services,Private Equity,,,2016-02-09,,GOQii,goqii,13400000.0,13400000.0,2,75.0,0,221.0,5,1,Private Equity,Technology & SaaS,Mumbai,0.00025031289111389235,0.0,0.00011501179015951749,0.00012662338701867522,0.00012662338701867522,1.0,0.0,1.0,1.0,0
1267,04/10/2016,GOQii,Consumer Internet,Health & Fitness Wearable Device,Mumbai,Ratan Tata,Private Equity,,,2016-10-04,,GOQii,goqii,13400000.0,13400000.0,3,238.0,0,459.0,5,1,Private Equity,Consumer Internet & Media,Mumbai,0.0,0.0,0.0,0.0,0.0,1.0,0.0,0.0,1.0,0
43,04/09/2019,GOQii,Health and Wellness,Wearable Fitness Bands,Menlo Park,Bennett Coleman and Company Ltd (BCCL),Series C,"45,00,00,000",,2019-09-04,450000000.0,GOQii,goqii,13400000.0,13400000.0,4,1065.0,0,1524.0,5,1,Series C,Healthcare,Tier-2/Other,0.0,0.0,0.0,0.0,0.0,1.0,0.0,0.0,1.0,0
1877,19/03/2016,goSporto,Consumer Internet,Online Sports discovery and booking platform,New Delhi,Naveen Gupta,Seed Funding,"30,000",,2016-03-19,30000.0,goSporto,gosporto,0.0,0.0,0,-1.0,1,0.0,1,0,Seed/Angel,Consumer Internet & Media,Delhi-NCR,0.0,0.0,0.0,0.0,0.0,1.0,0.0,0.0,1.0,0
1954,15/02/2016,GoYaNo,Consumer Internet,Events & Restaurant Discovery Marketplace App,Gurgaon,Mukesh Kumar Gupta,Seed Funding,"50,000",,2016-02-15,50000.0,GoYaNo,goyano,0.0,0.0,0,-1.0,1,0.0,1,0,Seed/Angel,Consumer Internet & Media,Delhi-NCR,0.0,0.0,0.0,0.0,0.0,1.0,0.0,0.0,1.0,0
1282,06/10/2016,GoZefo,eCommerce,Used Furniture & Appliances Marketplace,Bangalore,"Helion Venture Partners, BeeNext",Private Equity,"10,50,000",,2016-10-06,1050000.0,GoZefo,gozefo,0.0,0.0,0,-1.0,1,0.0,1,0,Private Equity,E-Commerce,Bengaluru,0.002252816020025031,0.026666534645510814,0.01377356864908714,0.0008378082004402911,0.0008378082004402911,2.0,0.0,1.0,1.0,0
2577,02/07/2015,Gozoomo,Used Car Marketplace,,Bangalore,SAIF Partners,Private Equity,"50,00,000",Series A,2015-07-02,5000000.0,Gozoomo,gozoomo,0.0,0.0,0,-1.0,1,0.0,1,0,Private Equity,E-Commerce,Bengaluru,0.000750938673341677,0.0042731615220654,0.0014112094183159625,0.00029227224578136433,0.00029227224578136433,1.0,1.0,1.0,1.0,0
2860,27/04/2015,Grab,Food Logistics & Delivery,,Mumbai,"Oliphans Capital, Haresh Chawla",Seed Funding,"10,00,000",,2015-04-27,1000000.0,Grab,grab,0.0,0.0,0,-1.0,1,0.0,3,1,Seed/Angel,Logistics & Mobility,Mumbai,0.00025031289111389235,0.0,0.01164948001901309,0.0001272662398556172,0.0001272662398556172,2.0,0.0,1.0,1.0,0
2232,11/11/2015,Grab,Hyperlocal Logistics Service Provider,,Mumbai,Sixth Sense Ventures,Seed Funding,,,2015-11-11,,Grab,grab,1000000.0,1000000.0,1,198.0,0,198.0,3,1,Seed/Angel,Logistics & Mobility,Mumbai,0.002753441802252816,0.028204996195751897,0.0041782685465482075,0.0010610833567829554,0.0010610833567829554,1.0,0.0,1.0,1.0,0
1508,04/07/2016,Grab.in,Logistics,hyperlocal logistics service,Mumbai,Aramex Ventures Llc,Private Equity,"20,00,000",,2016-07-04,2000000.0,Grab.in,grab,1000000.0,1000000.0,2,236.0,0,434.0,3,1,Private Equity,Logistics & Mobility,Mumbai,0.0,0.0,0.0,0.0,0.0,1.0,0.0,0.0,1.0,0
3039,28/01/2015,Grabhouse.com,,,,"Kalaari Capital, Sequoia Capital",Private Equity,"25,00,000",Series A,2015-01-28,2500000.0,Grabhouse.com,grabhouse,0.0,0.0,0,-1.0,1,0.0,2,1,Private Equity,Other,Tier-2/Other,0.004005006257822278,0.059859204892582674,0.09566198113272546,0.001413958516141685,0.0012168375369664385,2.0,1.0,1.0,1.0,0
2316,08/10/2015,Grabhouse,Rental Accommodation Search platform,,Bangalore,Sequoia and Kalaari Capital.,Private Equity,"1,00,00,000",Series B,2015-10-08,10000000.0,Grabhouse,grabhouse,2500000.0,2500000.0,1,253.0,0,253.0,2,1,Private Equity,Other,Bengaluru,0.000750938673341677,0.0036940218595162967,0.007362732465128354,0.00033164209477533563,0.00033164209477533563,1.0,1.0,1.0,1.0,0
1609,15/06/2016,GrabOnRent,eCommerce,On-demand product rental marketplace,Bangalore,IvyCap Ventures and Unicorn India Ventures,Private Equity,,,2016-06-15,,GrabOnRent,grabonrent,0.0,0.0,0,-1.0,1,0.0,1,0,Private Equity,E-Commerce,Bengaluru,0.00025031289111389235,0.0,3.9377968408257e-06,0.0001475271348715769,0.0001475271348715769,1.0,0.0,1.0,1.0,0
1452,16/08/2016,Gradopedia,Consumer Internet,Career progression Portal,Mumbai,Undisclosed Dubai based HNIs,Seed Funding,,,2016-08-16,,Gradopedia,gradopedia,0.0,0.0,0,-1.0,1,0.0,1,0,Seed/Angel,Consumer Internet & Media,Mumbai,0.00025031289111389235,0.0,1.54413417595609e-07,0.00016435886649189237,0.00016435886649189237,1.0,0.0,1.0,1.0,0
1222,18/11/2016,GramCover,Finance,Insurance Marketplace for the Rural Sector,New Delhi,Omnivore Capital,Seed Funding,"10,00,000",,2016-11-18,1000000.0,GramCover,gramcover,0.0,0.0,0,-1.0,1,0.0,1,0,Seed/Angel,FinTech,Delhi-NCR,0.001501877346683354,0.01232376722051922,0.025036897071613846,0.0005892053483365319,0.0005892053483365319,1.0,0.0,1.0,1.0,1
320,04/03/2018,Gramophone,Technology,Agri-tech,Indore,InfoEdge,Seed/Angel Funding,"10,00,000",,2018-03-04,1000000.0,Gramophone,gramophone,0.0,0.0,0,-1.0,1,0.0,1,0,Seed/Angel,Technology & SaaS,Tier-2/Other,0.00025031289111389235,0.0,2.9947725806604264e-05,0.0001406289357091548,0.0001406289357091548,1.0,0.0,1.0,2.0,1
2772,08/05/2015,GrandOpinion,Online Medical Diagnostic,,New Delhi,Florida based Angel investor,Seed Funding,"1,50,000",,2015-05-08,150000.0,GrandOpinion,grandopinion,0.0,0.0,0,-1.0,1,0.0,1,0,Seed/Angel,Healthcare,Delhi-NCR,0.0,0.0,0.0,0.0,0.0,1.0,0.0,0.0,1.0,0
3041,29/01/2015,Graphene,,,,KARSEMVEN Fund,Private Equity,"8,25,000",Govt backed VC Fund,2015-01-29,825000.0,Graphene,graphene,0.0,0.0,0,-1.0,1,0.0,1,0,Private Equity,Other,Tier-2/Other,0.0,0.0,0.0,0.0,0.0,1.0,0.0,0.0,1.0,0
2906,19/03/2015,Graphic India,,,,"CA Media LP,\\xc2\\xa0 Start Media.",Seed Funding,"28,00,000",,2015-03-19,2800000.0,Graphic India,graphic india,0.0,0.0,0,-1.0,1,0.0,1,0,Seed/Angel,Other,Tier-2/Other,0.0,0.0,0.0,0.0,0.0,2.0,0.0,0.0,1.0,0
1932,08/02/2016,Gray Routes,Consumer Internet,Last mile logistics solutions,Mumbai,"Mahesh Parasuraman, Rahul Gautam & Others",Seed Funding,,,2016-02-08,,Gray Routes,gray routes,0.0,0.0,0,-1.0,1,0.0,1,0,Seed/Angel,Consumer Internet & Media,Mumbai,0.0,0.0,0.0,0.0,0.0,2.0,0.0,0.0,1.0,0
434,06/12/2017,Greenlight Planet,Technology,Off-grid solar products platform,Mumbai,"Apis Partner, Eight Roads Ventures, Bamboo Capital Partners",Private Equity,"6,00,00,000",,2017-12-06,60000000.0,Greenlight Planet,greenlight planet,0.0,0.0,0,-1.0,1,0.0,1,0,Private Equity,Technology & SaaS,Mumbai,0.0012515644555694616,0.006316536841184845,0.004537866606428548,0.0004983133807781689,0.0004983133807781689,3.0,0.0,1.0,1.0,0
2481,05/08/2015,Grex,fund raising platform for startups,,Pune,"Kunal Bajaj, Chandru Badrinarayanan",Seed Funding,"6,50,000",,2015-08-05,650000.0,Grex,grex,0.0,0.0,0,-1.0,1,0.0,1,0,Seed/Angel,Technology & SaaS,Pune,0.0,0.0,0.0,0.0,0.0,2.0,0.0,0.0,1.0,0
1580,08/06/2016,Grey Campus,Consumer Internet,Online Learning Platform,Hyderabad,Sarath Sura,Seed Funding,"10,00,000",,2016-06-08,1000000.0,Grey Campus,grey campus,0.0,0.0,0,-1.0,1,0.0,1,0,Seed/Angel,Consumer Internet & Media,Hyderabad,0.0,0.0,0.0,0.0,0.0,1.0,0.0,0.0,1.0,0
2508,10/08/2015,Grey Orange,Automated Storage & Warehousing Solution,,Gurgaon,Tiger Global Management,Private Equity,"3,00,00,000",Series B,2015-08-10,30000000.0,Grey Orange,grey orange,0.0,0.0,0,-1.0,1,0.0,1,0,Private Equity,Other,Delhi-NCR,0.005006257822277847,0.07287536754319783,0.18527724887454788,0.0017164247516392465,0.0017164247516392465,1.0,1.0,1.0,1.0,0
419,25/01/2018,GreyAtom,Technology,Education,Mumbai,Pravega Ventures,Private Equity,"10,00,000",,2018-01-25,1000000.0,GreyAtom,greyatom,0.0,0.0,0,-1.0,1,0.0,1,0,Private Equity,Technology & SaaS,Mumbai,0.000750938673341677,0.005653536625338508,0.014745586382638468,0.0003192117766350062,0.0003192117766350062,1.0,0.0,1.0,1.0,0
1618,17/06/2016,GreytHR,Technology,Payroll & HR Software Developer,Bangalore,"New Enterprise Associates (NEA), Blume Ventures",Private Equity,"52,00,000",,2016-06-17,5200000.0,GreytHR,greythr,0.0,0.0,0,-1.0,1,0.0,1,0,Private Equity,Technology & SaaS,Bengaluru,0.00025031289111389235,0.0,2.4573577241560827e-06,0.00014531887003520802,0.00014531887003520802,2.0,1.0,1.0,1.0,0
2328,12/10/2015,Gridle,Cloud Based Collaboration platform,,Ahmedabad,LetsVenture,Seed Funding,"1,00,000",,2015-10-12,100000.0,Gridle,gridle,0.0,0.0,0,-1.0,1,0.0,1,0,Seed/Angel,Other,Ahmedabad,0.00025031289111389235,0.0,0.0014541392121809268,0.00013664812728624517,0.00013664812728624517,1.0,0.0,1.0,1.0,0
2989,27/02/2015,Grofers,,,,"Tiger Global Management, Sequoia Capital India",Private Equity,"1,00,00,000",Series A,2015-02-27,10000000.0,Grofers,grofers,0.0,0.0,0,-1.0,1,0.0,5,1,Private Equity,Other,Tier-2/Other,0.005006257822277847,0.07287536754319783,0.18527724887454788,0.0017164247516392465,0.0015651916338904658,2.0,1.0,1.0,1.0,0
2836,15/04/2015,Grofers,Hyper-Local Online/Mobile Grocery,,Gurgaon,"Tiger Global, Sequoia Capital",Private Equity,"3,50,00,000",Series B,2015-04-15,35000000.0,Grofers,grofers,10000000.0,10000000.0,1,47.0,0,47.0,5,1,Private Equity,Other,Delhi-NCR,0.005006257822277847,0.07287536754319783,0.18527724887454788,0.0017164247516392465,0.0015651916338904658,2.0,1.0,1.0,1.0,0
2275,26/11/2015,Grofers,Hyper-local Grocery Delivery platform,,Gurgaon,"Softbank, Tiger Global, Sequoia Capital, Apoletto Managers",Private Equity,"12,00,00,000",Late Stage,2015-11-26,120000000.0,Grofers,grofers,45000000.0,35000000.0,2,225.0,0,272.0,5,1,Private Equity,Logistics & Mobility,Delhi-NCR,0.005006257822277847,0.07287536754319783,0.18527724887454788,0.0017164247516392465,0.0011468110978200047,4.0,1.0,1.0,1.0,0
334,15/03/2018,Grofers,Consumer Internet,Online Grocery Shop,Gurugram,"SoftBank, Tiger Global and Apoletto Managers.",Private Equity,"6,20,00,000",,2018-03-15,62000000.0,Grofers,grofers,165000000.0,120000000.0,3,840.0,0,1112.0,5,1,Private Equity,Consumer Internet & Media,Delhi-NCR,0.005006257822277847,0.07287536754319783,0.18527724887454788,0.0017164247516392465,0.0010132373886591645,2.0,1.0,1.0,1.0,0
60,19/08/2019,Grofers,E-Commerce,Grocery Delivery,Gurgaon,Softbank Vision Fund,Series F,"7,00,00,000",,2019-08-19,70000000.0,Grofers,grofers,227000000.0,62000000.0,4,522.0,0,1634.0,5,1,Late Stage (C+),E-Commerce,Delhi-NCR,0.000750938673341677,0.0017101211245292814,0.0032531152155108644,0.0003100500256790823,0.0003100500256790823,1.0,1.0,1.0,1.0,0
2887,11/03/2015,Groupon India,,,,Sequoia Capital,Private Equity,"2,00,00,000",,2015-03-11,20000000.0,Groupon India,groupon india,0.0,0.0,0,-1.0,1,0.0,1,0,Private Equity,Other,Tier-2/Other,0.004005006257822278,0.059859204892582674,0.09566198113272546,0.001413958516141685,0.001413958516141685,1.0,1.0,1.0,1.0,0
147,04/10/2018,Grover Zampa,Food,Wine,Mumbai,Ravi Viswanathan,Private Equity,"82,00,000",,2018-10-04,8200000.0,Grover Zampa,grover zampa,0.0,0.0,0,-1.0,1,0.0,1,0,Private Equity,Food & Beverage,Mumbai,0.0,0.0,0.0,0.0,0.0,1.0,0.0,0.0,1.0,0
764,21/06/2017,Grow Fit,Consumer Internet,Health-Tech platform,Bangalore,"Manipal Education and Medical Group (MEMG), SAR Group, The Grover Trust",Private Equity,"45,00,000",,2017-06-21,4500000.0,Grow Fit,grow fit,0.0,0.0,0,-1.0,1,0.0,1,0,Private Equity,Consumer Internet & Media,Bengaluru,0.0,0.0,0.0,0.0,0.0,3.0,0.0,0.0,1.0,0
733,07/06/2017,GrowFitter,Consumer Internet,health and fitness discovery platform,Mumbai,SQue Capital,Seed Funding,"6,00,000",,2017-06-07,600000.0,GrowFitter,growfitter,0.0,0.0,0,-1.0,1,0.0,1,0,Seed/Angel,Consumer Internet & Media,Mumbai,0.0,0.0,0.0,0.0,0.0,1.0,0.0,0.0,1.0,0
196,09/07/2018,Groww,Consumer Internet,Online Platform That Sells Direct Plans Of Mutual Funds,Bengaluru,"Insignia Ventures Partners, Lightbridge Partners & Kairos",Seed/ Angel Funding,"11,00,000",,2018-07-09,1100000.0,Groww,groww,0.0,0.0,0,-1.0,1,0.0,1,0,Seed/Angel,Consumer Internet & Media,Bengaluru,0.00025031289111389235,0.0,3.9377968408257e-06,0.0001475271348715769,0.0001475271348715769,2.0,0.0,1.0,4.0,1
1472,24/08/2016,Guarented,eCommerce,Home Furnishing rental marketplace,Bangalore,Kalaari Capital,Seed Funding,"5,00,000",,2016-08-24,500000.0,Guarented,guarented,0.0,0.0,0,-1.0,1,0.0,1,0,Seed/Angel,E-Commerce,Bengaluru,0.0025031289111389233,0.013397154605961893,0.0017630362707794693,0.0010197165577911919,0.0010197165577911919,1.0,1.0,1.0,1.0,0
2701,10/06/2015,Guiddoo,Travel Guide Mobile App,,Mumbai,"Pawan Borle, SVP Fly Dubai & Others",Seed Funding,,,2015-06-10,,Guiddoo,guiddoo,0.0,0.0,0,-1.0,1,0.0,2,1,Seed/Angel,Other,Mumbai,0.0,0.0,0.0,0.0,0.0,2.0,0.0,0.0,1.0,0
122,02/12/2018,Guiddoo,Travel Tech,Platform for travel agents,Mumbai,Individual Investors,Pre-Series A,"8,00,000",,2018-12-02,800000.0,Guiddoo,guiddoo,0.0,0.0,1,1271.0,0,1271.0,2,1,Pre-Series A,Other,Mumbai,0.0,0.0,0.0,0.0,0.0,1.0,0.0,0.0,1.0,0
738,09/06/2017,Guidoo,Consumer Internet,Travel & adventure planning platform,Mumbai,"Pawan Borle, Nirmal Singh, Manish Prasad, Vineet Varma, Nick Haulkoury, Abhai S. Rao",Seed Funding,"3,00,000",,2017-06-09,300000.0,Guidoo,guidoo,0.0,0.0,0,-1.0,1,0.0,1,0,Seed/Angel,Consumer Internet & Media,Mumbai,0.0,0.0,0.0,0.0,0.0,6.0,0.0,0.0,1.0,0
2403,08/09/2015,GuruG Learning,Teacher empowerment platform,,Bangalore,India Educational Investment Fund,Seed Funding,,,2015-09-08,,GuruG Learning,gurug learning,0.0,0.0,0,-1.0,1,0.0,1,0,Seed/Angel,Other,Bengaluru,0.0,0.0,0.0,0.0,0.0,1.0,0.0,0.0,1.0,0
604,14/09/2017,Gurukul,Consumer Internet,co-working space provider,New Delhi,"Rohit Nanda, Rajit Nanda, Smarak Bhuyan, Sashwat Brahma,",Seed Funding,,,2017-09-14,,Gurukul,gurukul,0.0,0.0,0,-1.0,1,0.0,1,0,Seed/Angel,Consumer Internet & Media,Delhi-NCR,0.0,0.0,0.0,0.0,0.0,4.0,0.0,0.0,1.0,0
2029,08/01/2016,Gyaanzone,Education,Career Planning and Education Advisory Platform,Mumbai,GBIM Technologies Pvt Ltd,Seed Funding,"45,000",,2016-01-08,45000.0,Gyaanzone,gyaanzone,0.0,0.0,0,-1.0,1,0.0,1,0,Seed/Angel,EdTech,Mumbai,0.0,0.0,0.0,0.0,0.0,1.0,0.0,0.0,1.0,0
1527,12/07/2016,GyanDhan,Consumer Internet,Education Focused Financing Platform,New Delhi,"Stanford Angels & Entrepreneurs, Harvard Angels",Seed Funding,,,2016-07-12,,GyanDhan,gyandhan,0.0,0.0,0,-1.0,1,0.0,2,1,Seed/Angel,Consumer Internet & Media,Delhi-NCR,0.00025031289111389235,0.0,1.54413417595609e-07,0.00016435886649189237,0.00016435886649189237,2.0,0.0,1.0,1.0,0
730,06/06/2017,GyanDhan,Consumer Internet,Education Marketplace,New Delhi,Sundaram Finance Holdings,Private Equity,,,2017-06-06,,GyanDhan,gyandhan,0.0,0.0,1,329.0,0,329.0,2,1,Private Equity,Consumer Internet & Media,Delhi-NCR,0.0,0.0,0.0,0.0,0.0,1.0,0.0,0.0,1.0,0
2994,05/01/2015,Gympik,,,,"Tom Clausen, Rohan Ajila, Haldyn Glass",Seed Funding,"1,35,000",,2015-01-05,135000.0,Gympik,gympik,0.0,0.0,0,-1.0,1,0.0,3,1,Seed/Angel,Other,Tier-2/Other,0.0,0.0,0.0,0.0,0.0,3.0,0.0,0.0,1.0,0
1821,01/03/2016,Gympik,Consumer Internet,"Fitness Centres, Gym Discovery online marketplace",Bangalore,RoundGlass Partners,Private Equity,,,2016-03-01,,Gympik,gympik,135000.0,135000.0,1,421.0,0,421.0,3,1,Private Equity,Consumer Internet & Media,Bengaluru,0.0,0.0,0.0,0.0,0.0,1.0,0.0,0.0,1.0,0
720,28/07/2017,Gympik.com,Consumer Internet,online marketplace for discovering fitness centres,Bangalore,RoundGlass Partners,Seed Funding,,,2017-07-28,,Gympik.com,gympik,135000.0,135000.0,2,514.0,0,935.0,3,1,Seed/Angel,Consumer Internet & Media,Bengaluru,0.0,0.0,0.0,0.0,0.0,1.0,0.0,0.0,1.0,0
2336,14/10/2015,GymTrekker,Gym Discovery platform,,Mumbai,"Dewang Neralla,Roopak Taneja, Manisha Gupta",Seed Funding,,,2015-10-14,,GymTrekker,gymtrekker,0.0,0.0,0,-1.0,1,0.0,1,0,Seed/Angel,Other,Mumbai,0.0,0.0,0.0,0.0,0.0,3.0,0.0,0.0,1.0,0
884,12/04/2017,HackerEarth,Consumer Internet,Online Skill Assessment Platform,Bangalore,"DHI Group Inc, Prime Venture Partners, Beenext, Beenos, Digital Garage, BizReach",Private Equity,"45,00,000",,2017-04-12,4500000.0,HackerEarth,hackerearth,0.0,0.0,0,-1.0,1,0.0,1,0,Private Equity,Consumer Internet & Media,Bengaluru,0.002252816020025031,0.026666534645510814,0.01377356864908714,0.0008378082004402911,0.0004892617716496422,6.0,0.0,1.0,1.0,0
2616,14/07/2015,HackerRank,Tech Recruitment platform,,Bangalore,HR Technology fund,Private Equity,"75,00,000",Series C,2015-07-14,7500000.0,HackerRank,hackerrank,0.0,0.0,0,-1.0,1,0.0,1,0,Private Equity,Other,Bengaluru,0.0,0.0,0.0,0.0,0.0,1.0,0.0,0.0,1.0,0
476,03/11/2017,HalaPlay,Consumer Internet,Online Fantasy Games,Mumbai,"Kae Capital Management, Nazara Technologies",Seed Funding,,,2017-11-03,,HalaPlay,halaplay,0.0,0.0,0,-1.0,1,0.0,1,0,Seed/Angel,Consumer Internet & Media,Mumbai,0.0005006257822277847,0.0022066892579169126,0.00030628027223875305,0.00022405951589119736,0.00022405951589119736,2.0,0.0,1.0,1.0,0
2572,01/07/015,HandyHome,Hyperlocal Electronics repair Service,,Mumbai,"Bessemer Ventures, Kae Capital",Seed Funding,"6,30,000",,2015-07-01,630000.0,HandyHome,handyhome,0.0,0.0,0,-1.0,1,0.0,1,0,Seed/Angel,Technology & SaaS,Mumbai,0.0005006257822277847,0.0022066892579169126,0.00030628027223875305,0.00022405951589119736,0.00022405951589119736,2.0,0.0,1.0,1.0,0
1249,30/11/2016,HandyTrain,Consumer Internet,Mobile App for SAAS based Training,Goa,"Silver Range Investments, Lumina Datamatics, Shun Yoshida & Others",Private Equity,"10,00,000",,2016-11-30,1000000.0,HandyTrain,handytrain,0.0,0.0,0,-1.0,1,0.0,2,1,Private Equity,Consumer Internet & Media,Tier-2/Other,0.0,0.0,0.0,0.0,0.0,3.0,0.0,0.0,1.0,0
432,05/12/2017,HandyTrain,Technology,Mobile Learning Management Platform,Goa,NB Ventures,Private Equity,"10,00,000",,2017-12-05,1000000.0,HandyTrain,handytrain,1000000.0,1000000.0,1,370.0,0,370.0,2,1,Private Equity,Technology & SaaS,Tier-2/Other,0.000750938673341677,0.006087087850197013,0.0008207148839012599,0.0003192251824759247,0.0003192251824759247,1.0,0.0,1.0,1.0,0
2717,18/06/2015,Hansa Customer Equity,IT / Customer Engagement Consulting,,Mumbai,ASK Pravi,Private Equity,"50,00,000",Series A,2015-06-18,5000000.0,Hansa Customer Equity,hansa customer equity,0.0,0.0,0,-1.0,1,0.0,1,0,Private Equity,Other,Mumbai,0.0,0.0,0.0,0.0,0.0,1.0,0.0,0.0,1.0,0
172,08/08/2018,Hansel io,Consumer Internet,Real-time Mobile App Management,Bengaluru,Vertex Ventures,Seed/ Angel Funding,"40,00,000",,2018-08-08,4000000.0,Hansel io,hansel io,0.0,0.0,0,-1.0,1,0.0,1,0,Seed/Angel,Consumer Internet & Media,Bengaluru,0.0005006257822277847,0.0017919265324928945,0.001091590874873286,0.0002252863951394502,0.0002252863951394502,1.0,0.0,1.0,1.0,0
1935,08/02/2016,Hansel.io,Technology,Mobile App Tech Solutions,Bangalore,"Endiya Partners, Mekin Maheshwari, Rajesh Sawhney",Seed Funding,,,2016-02-08,,Hansel.io,hansel.io,0.0,0.0,0,-1.0,1,0.0,2,1,Seed/Angel,Technology & SaaS,Bengaluru,0.001501877346683354,0.006678119493602958,0.00018976754291309922,0.0006322168844852831,0.0006322168844852831,3.0,0.0,1.0,1.0,0
1061,12/01/2017,Hansel.io,Consumer Internet,Real-time Mobile App Management Platform,Bangalore,"IDG Ventures, Endiya Partners",Private Equity,"13,50,000",,2017-01-12,1350000.0,Hansel.io,hansel.io,0.0,0.0,1,339.0,0,339.0,2,1,Private Equity,Consumer Internet & Media,Bengaluru,0.001501877346683354,0.006678119493602958,0.00018976754291309922,0.0006322168844852831,0.0006322168844852831,2.0,0.0,1.0,1.0,0
2854,23/04/2015,happay,usiness expense management,,Bangalore,AngelPrime,Seed Funding,"5,00,000",,2015-04-23,500000.0,happay,happay,0.0,0.0,0,-1.0,1,0.0,2,1,Seed/Angel,Other,Bengaluru,0.0,0.0,0.0,0.0,0.0,1.0,0.0,0.0,1.0,0
377,16/02/2018,happay,Finance,Expense Management,Bengaluru,Sequoia and Jerry Yang,Seed / Angel Funding,"2,50,000",,2018-02-16,250000.0,happay,happay,500000.0,500000.0,1,1030.0,0,1030.0,2,1,Seed/Angel,FinTech,Bengaluru,0.000750938673341677,0.0036940218595162967,0.007362732465128354,0.00033164209477533563,0.00033164209477533563,1.0,1.0,1.0,1.0,0
492,10/11/2017,Happily Unmarried,ECommerce,Online Gifting platform,Nw Delhi,Wipro Consumer Care,Private Equity,,,2017-11-10,,Happily Unmarried,happily unmarried,0.0,0.0,0,-1.0,1,0.0,1,0,Private Equity,E-Commerce,Delhi-NCR,0.0,0.0,0.0,0.0,0.0,1.0,0.0,0.0,1.0,0
1514,06/07/2016,HappilyUnmarried,eCommerce,Online Merchandize etailer,New Delhi,Info Edge (India) Ltd,Private Equity,"7,40,000",,2016-07-06,740000.0,HappilyUnmarried,happilyunmarried,0.0,0.0,0,-1.0,1,0.0,1,0,Private Equity,E-Commerce,Delhi-NCR,0.000750938673341677,0.002301083933076535,0.00011362542004131888,0.00033460530249453915,0.00033460530249453915,1.0,0.0,1.0,1.0,0
2365,27/10/2015,Happitoo,Location based Nightlife recommendation\\xc2\\xa0 Platform,,Mumbai,Unnamed investor,Seed Funding,"77,000",,2015-10-27,77000.0,Happitoo,happitoo,0.0,0.0,0,-1.0,1,0.0,1,0,Seed/Angel,Other,Mumbai,0.0,0.0,0.0,0.0,0.0,1.0,0.0,0.0,1.0,0
176,09/08/2018,Happy EMI,Fin-Tech,Consumer Financing Platform,Bengaluru,AJ Ventures and Jain International Trade Organisation (JITO),Seed/ Angel Funding,"10,00,000",,2018-08-09,1000000.0,Happy EMI,happy emi,0.0,0.0,0,-1.0,1,0.0,1,0,Seed/Angel,Other,Bengaluru,0.0,0.0,0.0,0.0,0.0,1.0,0.0,0.0,1.0,0
2040,12/01/2016,Happy2Refer,Consumer Internet,Mobile based Referral Platform,Mumbai,"Equity Crest, Vinners, Sparknext",Seed Funding,"2,50,000",,2016-01-12,250000.0,Happy2Refer,happy2refer,0.0,0.0,0,-1.0,1,0.0,1,0,Seed/Angel,Consumer Internet & Media,Mumbai,0.0,0.0,0.0,0.0,0.0,3.0,0.0,0.0,1.0,0
1764,12/04/2016,Happydemic,Consumer Internet,Artist Discovery & Booking platform,Mumbai,Shaan,Seed Funding,,,2016-04-12,,Happydemic,happydemic,0.0,0.0,0,-1.0,1,0.0,1,0,Seed/Angel,Consumer Internet & Media,Mumbai,0.0,0.0,0.0,0.0,0.0,1.0,0.0,0.0,1.0,0
156,04/09/2018,HappyGoEasy,Consumer Internet,Online Travel Agecy,Gurugram,"Korea Investment Partners (KIP), Samsung and China-based CITIC Capital and others",Private Equity,,,2018-09-04,,HappyGoEasy,happygoeasy,0.0,0.0,0,-1.0,1,0.0,1,0,Private Equity,Consumer Internet & Media,Delhi-NCR,0.00025031289111389235,0.0,2.2213171803151287e-05,0.00015045598431541468,0.00015045598431541468,2.0,0.0,1.0,1.0,0
1749,05/04/2016,Haptik,Technology,Personal Assistant App,Mumbai,Times Internet Ltd,Private Equity,,,2016-04-05,,Haptik,haptik,0.0,0.0,0,-1.0,1,0.0,1,0,Private Equity,Technology & SaaS,Mumbai,0.0,0.0,0.0,0.0,0.0,1.0,0.0,0.0,1.0,0
971,22/03/2017,Haqdarshak,Consumer Internet,Tech-Enabled Social Enterprise,Bangalore,"Ravi Saxena, Sandeep Raju,",Seed Funding,"1,91,000",,2017-03-22,191000.0,Haqdarshak,haqdarshak,0.0,0.0,0,-1.0,1,0.0,1,0,Seed/Angel,Consumer Internet & Media,Bengaluru,0.0,0.0,0.0,0.0,0.0,2.0,0.0,0.0,3.0,1
2907,20/03/2015,Harness Handitouch,,,,Armat Group,Private Equity,,Series A,2015-03-20,,Harness Handitouch,harness handitouch,0.0,0.0,0,-1.0,1,0.0,1,0,Private Equity,Other,Tier-2/Other,0.0,0.0,0.0,0.0,0.0,1.0,0.0,0.0,1.0,0
1892,23/03/2016,HashLearn,Consumer Internet,Mobile based private tutoring services,,"Bhavish Aggarwal, Binny Bansal,\\xc2\\xa0 Rajan Anandan, Mekin Maheshwar, Sunil Kalra, Anupam Mittal, Krishna Mehra, Singapore Angel Network",Seed Funding,,,2016-03-23,,HashLearn,hashlearn,0.0,0.0,0,-1.0,1,0.0,1,0,Seed/Angel,Consumer Internet & Media,Tier-2/Other,0.0012515644555694616,0.010687931577880288,0.01213914455110461,0.0004861118041767175,0.000316147340932022,8.0,0.0,1.0,1.0,0
1393,22/09/2016,HashTaag,Technology,Mobile App Development company,Bangalore,Undisclosed investors,Seed Funding,"10,00,000",,2016-09-22,1000000.0,HashTaag,hashtaag,0.0,0.0,0,-1.0,1,0.0,1,0,Seed/Angel,Technology & SaaS,Bengaluru,0.0,0.0,0.0,0.0,0.0,1.0,0.0,0.0,1.0,0
553,18/10/2017,Hasura,Technology,App building platform,Chennai,"Nexus, GREE Ventures",Private Equity,,,2017-10-18,,Hasura,hasura,0.0,0.0,0,-1.0,1,0.0,1,0,Private Equity,Technology & SaaS,Chennai,0.00025031289111389235,0.0,0.004643633114189387,0.00012013188825083282,0.00012013188825083282,2.0,1.0,1.0,1.0,0
2853,23/04/2015,HeadOut,Last Minute Travel Deals mobile marketplace,,Bangalore / SFO,"Version One Ventures, 500 Startups, Nexus Venture Partners and Arena Ventures",Seed Funding,"18,00,000",,2015-04-23,1800000.0,HeadOut,headout,0.0,0.0,0,-1.0,1,0.0,1,0,Seed/Angel,E-Commerce,Bengaluru,0.00025031289111389235,0.0,0.004643633114189387,0.00012013188825083282,0.00012013188825083282,3.0,1.0,1.0,1.0,0
1925,06/02/2016,Heads Up For Tails,Ecommerce,Pet Products eTailer,New Delhi,Undisclosed investors,Seed Funding,"10,00,000",,2016-02-06,1000000.0,Heads Up For Tails,heads up for tails,0.0,0.0,0,-1.0,1,0.0,2,1,Seed/Angel,E-Commerce,Delhi-NCR,0.0,0.0,0.0,0.0,0.0,1.0,0.0,0.0,1.0,1
1114,31/01/2017,Heads Up For Tails,eCommerce,Online Pet Products Store,New Delhi,Undisclosed Investors,Private Equity,"20,00,000",,2017-01-31,2000000.0,Heads Up For Tails,heads up for tails,1000000.0,1000000.0,1,360.0,0,360.0,2,1,Private Equity,E-Commerce,Delhi-NCR,0.0,0.0,0.0,0.0,0.0,1.0,0.0,0.0,1.0,1
1538,13/07/2016,HEAL Institute,Healthcare,Sports Focused Healthcare Startup,Mumbai,"Jaspal Bindra, Parth Jindal",Seed Funding,,,2016-07-13,,HEAL Institute,heal institute,0.0,0.0,0,-1.0,1,0.0,1,0,Seed/Angel,Healthcare,Mumbai,0.0,0.0,0.0,0.0,0.0,2.0,0.0,0.0,1.0,0
2261,21/11/2015,Healers At Home,"Home Healthcare Services platform,",,New Delhi,"Daljit Singh, Dr. Pramath Raj Sinha, BVR Mohan Reddy",Seed Funding,,,2015-11-21,,Healers At Home,healers at home,0.0,0.0,0,-1.0,1,0.0,1,0,Seed/Angel,Healthcare,Delhi-NCR,0.0,0.0,0.0,0.0,0.0,3.0,0.0,0.0,1.0,0
72,10/07/2019,HealthAssure,Health Care,Primary care medical network,Mumbai,Blume Ventures,Series A,"25,00,000",,2019-07-10,2500000.0,HealthAssure,healthassure,0.0,0.0,0,-1.0,1,0.0,1,0,Series A,Healthcare,Mumbai,0.00025031289111389235,0.0,2.4573577241560827e-06,0.00014531887003520802,0.00014531887003520802,1.0,1.0,1.0,1.0,0
726,06/06/2017,Healthbuds,Consumer Internet,Healthcare Discovery & booking platform,Kolkata,"Arun Patodia, Bharat Kedia",Seed Funding,,,2017-06-06,,Healthbuds,healthbuds,0.0,0.0,0,-1.0,1,0.0,1,0,Seed/Angel,Consumer Internet & Media,Tier-2/Other,0.0,0.0,0.0,0.0,0.0,2.0,0.0,0.0,1.0,0
330,12/03/2018,HealthCare,Consumer Internet,Healthcare Aggregator,Mumbai,HR Fund,Seed / Angel Funding,"10,00,000",,2018-03-12,1000000.0,HealthCare,healthcare,0.0,0.0,0,-1.0,1,0.0,1,0,Seed/Angel,Consumer Internet & Media,Mumbai,0.0,0.0,0.0,0.0,0.0,1.0,0.0,0.0,1.0,0
857,03/04/2017,Healthcare at Home,Healthcare,Home Healthcare Provider,Noida,Quadria Capital Advisors,Private Equity,"4,00,00,000",,2017-04-03,40000000.0,Healthcare at Home,healthcare at home,0.0,0.0,0,-1.0,1,0.0,1,0,Private Equity,Healthcare,Delhi-NCR,0.00025031289111389235,0.0,2.2213171803151287e-05,0.00015045598431541468,0.00015045598431541468,1.0,0.0,1.0,1.0,0
1896,29/03/2016,HealthEminds,Consumer Internet,Online mental healthcare,Bangalore,Robin Utthappa,Seed Funding,,,2016-03-29,,HealthEminds,healtheminds,0.0,0.0,0,-1.0,1,0.0,1,0,Seed/Angel,Consumer Internet & Media,Bengaluru,0.0,0.0,0.0,0.0,0.0,1.0,0.0,0.0,1.0,0
1874,17/03/2016,HealthEnablr,Consumer Internet,Doctor Discovery and booking platform,Mumbai,Undisclosed investors,Seed Funding,"8,00,000",,2016-03-17,800000.0,HealthEnablr,healthenablr,0.0,0.0,0,-1.0,1,0.0,1,0,Seed/Angel,Consumer Internet & Media,Mumbai,0.0,0.0,0.0,0.0,0.0,1.0,0.0,0.0,1.0,0
166,01/08/2018,HealthFin,Finance,Patient Financing Platform,Pune,"Axilor, Sprout Venture Partners and others",Seed/ Angel Funding,,,2018-08-01,,HealthFin,healthfin,0.0,0.0,0,-1.0,1,0.0,1,0,Seed/Angel,FinTech,Pune,0.0010012515644555694,0.0028383000031962837,0.0014169998952540074,0.0004588750969253953,0.0004588750969253953,2.0,0.0,1.0,1.0,0
357,06/02/2018,Healthi,Healthcare,Preventive Health Checkup,Bengaluru,Montane Ventures,Private Equity,"31,00,000",,2018-02-06,3100000.0,Healthi,healthi,0.0,0.0,0,-1.0,1,0.0,1,0,Private Equity,Healthcare,Bengaluru,0.0,0.0,0.0,0.0,0.0,1.0,0.0,0.0,1.0,0
2733,23/06/2015,Healthians.com,Preventive healthcare services,,Hyderabad,YouWeCan Ventures,Seed Funding,,,2015-06-23,,Healthians.com,healthians,0.0,0.0,0,-1.0,1,0.0,5,1,Seed/Angel,Healthcare,Hyderabad,0.0,0.0,0.0,0.0,0.0,1.0,0.0,0.0,1.0,0
1321,24/10/2016,Healthians,Consumer Internet,Health Test Discovery & Ordering service,Gurgaon,BEENEXT,Private Equity,"30,00,000",,2016-10-24,3000000.0,Healthians,healthians,0.0,0.0,1,489.0,0,489.0,5,1,Private Equity,Consumer Internet & Media,Delhi-NCR,0.002252816020025031,0.026666534645510814,0.01377356864908714,0.0008378082004402911,0.0008378082004402911,1.0,0.0,1.0,1.0,0
794,04/05/2017,Healthians,Consumer Internet,Online Diagnostics and wellness platform,New Delhi,"Asuka Holdings, YouWeCan Ventures, Beenext, Beenos, M&S Partners",Private Equity,,,2017-05-04,,Healthians,healthians,3000000.0,3000000.0,2,192.0,0,681.0,5,1,Private Equity,Consumer Internet & Media,Delhi-NCR,0.002252816020025031,0.026666534645510814,0.01377356864908714,0.0008378082004402911,0.0008378082004402911,5.0,0.0,1.0,1.0,0
22,18/11/2019,Healthians,Health and Wellness,Healthcare services,Gurgaon,"DG Daiwa Ventures, DG Incubation",Series B,"1,20,00,000",,2019-11-18,12000000.0,Healthians,healthians,3000000.0,3000000.0,3,928.0,0,1609.0,5,1,Series B,Healthcare,Delhi-NCR,0.0,0.0,0.0,0.0,0.0,2.0,0.0,0.0,1.0,0
12,17/12/2019,Healthians,B2B-focused foodtech startup,Food Solutions For Corporate,Bengaluru,"Paytm, NPTK, Sabre Partners and Neoplux",Series C,"1,20,00,000",,2019-12-17,12000000.0,Healthians,healthians,15000000.0,12000000.0,4,29.0,0,1638.0,5,1,Series C,Food & Beverage,Bengaluru,0.00025031289111389235,0.0,1.6918402629653404e-07,0.00019298932774467834,0.00017646837727406956,3.0,0.0,1.0,1.0,0
2773,08/05/2015,HealthifyMe,Health & Fitness App,,Bangalore,Micromax Informatics,Private Equity,,Strategic Investment,2015-05-08,,HealthifyMe,healthifyme,0.0,0.0,0,-1.0,1,0.0,6,1,Private Equity,Healthcare,Bengaluru,0.0,0.0,0.0,0.0,0.0,1.0,0.0,0.0,2.0,1
2718,18/06/2015,HealthifyMe,Health & Fitness App,,Bangalore,"Gopal Srinivasan, Sashi Reddy, Amit Gupta, Pallav Nadhani",Private Equity,,Series A,2015-06-18,,HealthifyMe,healthifyme,0.0,0.0,1,41.0,0,41.0,6,1,Private Equity,Healthcare,Bengaluru,0.0,0.0,0.0,0.0,0.0,4.0,0.0,0.0,2.0,1
1689,10/05/2016,HealthifyMe,Consumer Internet,Health & Fitness App,Bangalore,"IDG Ventures India, Inventus Capital, Blume Ventures",Private Equity,"60,00,000",,2016-05-10,6000000.0,HealthifyMe,healthifyme,0.0,0.0,2,327.0,0,368.0,6,1,Private Equity,Consumer Internet & Media,Bengaluru,0.00025031289111389235,0.0,2.4573577241560827e-06,0.00014531887003520802,0.00014531887003520802,3.0,1.0,1.0,2.0,1
1184,29/12/2016,Healthifyme,Consumer Internet,Fitness Mobile App,Bangalore,NB Ventures,Private Equity,"10,00,000",,2016-12-29,1000000.0,Healthifyme,healthifyme,6000000.0,6000000.0,3,233.0,0,601.0,6,1,Private Equity,Consumer Internet & Media,Bengaluru,0.000750938673341677,0.006087087850197013,0.0008207148839012599,0.0003192251824759247,0.0003192251824759247,1.0,0.0,1.0,2.0,1
361,09/02/2018,healthifyme,Healthcare,Mobile Weight Loss Coach,Bengaluru,Sistema Asia Fund,Private Equity,"1,20,00,000",,2018-02-09,12000000.0,healthifyme,healthifyme,7000000.0,1000000.0,4,407.0,0,1008.0,6,1,Private Equity,Healthcare,Bengaluru,0.00025031289111389235,0.0,0.00013803840184575106,0.00013119051310689684,0.00013119051310689684,1.0,0.0,1.0,2.0,1
137,20/11/2018,HealthifyMe,Health and Wellness,Wellness Coach,Bengaluru,"Sistema Asia Fund, VC Samsung NEXT, Chiratae Ventures, Inventus Capital, Blume Ventures and Innoven Capital.",Series B (Extension),"60,00,000",,2018-11-20,6000000.0,HealthifyMe,healthifyme,19000000.0,12000000.0,5,284.0,0,1292.0,6,1,Series B,Healthcare,Bengaluru,0.003003754693366708,0.026585711828703094,0.012718207081238534,0.001134115603945536,0.0004702083290292136,5.0,1.0,1.0,2.0,1
758,16/06/2017,HealthIntel,Healthcare,Online Pharmacy,New Delhi,BLIP Initiatives,Seed Funding,,,2017-06-16,,HealthIntel,healthintel,0.0,0.0,0,-1.0,1,0.0,1,0,Seed/Angel,Healthcare,Delhi-NCR,0.0,0.0,0.0,0.0,0.0,1.0,0.0,0.0,1.0,0
1413,01/08/2016,HealthKart,eCommerce,Online Pharmacy & Health Marketplace,Gurgaon,"Sequoia Capital India, Omidyar Network, Kae Capital",Private Equity,"1,20,00,000",,2016-08-01,12000000.0,HealthKart,healthkart,0.0,0.0,0,-1.0,1,0.0,1,0,Private Equity,E-Commerce,Delhi-NCR,0.004005006257822278,0.059859204892582674,0.09566198113272546,0.001413958516141685,0.0006787798317249733,3.0,1.0,1.0,1.0,0
1971,18/02/2016,HealthKumbh,Consumer Internet,Health related Information portal,Ahmedabad,Undisclosed investor,Seed Funding,"73,000",,2016-02-18,73000.0,HealthKumbh,healthkumbh,0.0,0.0,0,-1.0,1,0.0,1,0,Seed/Angel,Consumer Internet & Media,Ahmedabad,0.0,0.0,0.0,0.0,0.0,1.0,0.0,0.0,1.0,0
795,05/05/2017,HealthMir,Consumer Internet,AI-based health content platform,New Delhi,Nimit Panigrahi,Seed Funding,,,2017-05-05,,HealthMir,healthmir,0.0,0.0,0,-1.0,1,0.0,1,0,Seed/Angel,Consumer Internet & Media,Delhi-NCR,0.0,0.0,0.0,0.0,0.0,1.0,0.0,0.0,1.0,0
225,31/07/2018,Healthsignz,Healthcare,Health and Well being Platform,Hyderabad,Kantilal Patel,Seed/ Angel Funding,"50,00,000",,2018-07-31,5000000.0,Healthsignz,healthsignz,0.0,0.0,0,-1.0,1,0.0,1,0,Seed/Angel,Healthcare,Hyderabad,0.0,0.0,0.0,0.0,0.0,1.0,0.0,0.0,1.0,0
833,19/05/2017,HealthSutra,Food & Beverage,Health Food Maker,Hyderabad,"Ankur Capital, Hyderabad Angels",Seed Funding,,,2017-05-19,,HealthSutra,healthsutra,0.0,0.0,0,-1.0,1,0.0,1,0,Seed/Angel,Food & Beverage,Hyderabad,0.00025031289111389235,0.0,0.011202745062981861,0.00016435886649189237,0.0001384475963925044,2.0,0.0,1.0,1.0,0
3017,19/01/2015,HealthyWorld.in,,,,Group of Angel Investors,Seed Funding,"2,00,000",,2015-01-19,200000.0,HealthyWorld.in,healthyworld,0.0,0.0,0,-1.0,1,0.0,2,1,Seed/Angel,Other,Tier-2/Other,0.000750938673341677,2.0055113960051465e-06,5.212874231067168e-07,0.00039636782498119144,0.00039636782498119144,1.0,0.0,1.0,1.0,0
3025,20/01/2015,HealthyWorld.in,,,,Group of Angel Investors,Seed Funding,"2,00,000",,2015-01-20,200000.0,HealthyWorld.in,healthyworld,200000.0,200000.0,1,1.0,0,1.0,2,1,Seed/Angel,Other,Tier-2/Other,0.000750938673341677,2.0055113960051465e-06,5.212874231067168e-07,0.00039636782498119144,0.00039636782498119144,1.0,0.0,1.0,1.0,0
505,21/11/2017,Heckyl,Technology,Big Data Analytics Platform,Mumbai,"Notion Capital, IDG Ventures",Private Equity,"27,00,000",,2017-11-21,2700000.0,Heckyl,heckyl,0.0,0.0,0,-1.0,1,0.0,1,0,Private Equity,Technology & SaaS,Mumbai,0.0,0.0,0.0,0.0,0.0,2.0,0.0,0.0,1.0,0
1876,18/03/2016,Hello Curry,Food & Beverage,Quick Service Restaurant Chain,Hyderabad,Sashi Reddi & Other unnamed investors,Private Equity,"15,00,000",,2016-03-18,1500000.0,Hello Curry,hello curry,0.0,0.0,0,-1.0,1,0.0,1,0,Private Equity,Food & Beverage,Hyderabad,0.0,0.0,0.0,0.0,0.0,1.0,0.0,0.0,1.0,0
1651,28/06/2016,Hello Tax,Consumer Internet,Online Tax Filing Platform,New Delhi,Sanjeev Sinha,Seed Funding,"2,95,000",,2016-06-28,295000.0,Hello Tax,hello tax,0.0,0.0,0,-1.0,1,0.0,1,0,Seed/Angel,Consumer Internet & Media,Delhi-NCR,0.0,0.0,0.0,0.0,0.0,1.0,0.0,0.0,1.0,0
1262,03/10/2016,HelpChat,Consumer Internet,AI Powered Content & Commerce platform,Bangalore,"American Express Ventures, Sequoia Capital",Private Equity,,,2016-10-03,,HelpChat,helpchat,0.0,0.0,0,-1.0,1,0.0,1,0,Private Equity,Consumer Internet & Media,Bengaluru,0.004005006257822278,0.059859204892582674,0.09566198113272546,0.001413958516141685,0.001413958516141685,2.0,1.0,1.0,1.0,0
2006,01/01/2016,Helpi,Consumer Internet,On Demand Cleaning Services Mobile App,Mumbai,Undisclosed Investors,Seed Funding,,,2016-01-01,,Helpi,helpi,0.0,0.0,0,-1.0,1,0.0,1,0,Seed/Angel,Consumer Internet & Media,Mumbai,0.0,0.0,0.0,0.0,0.0,1.0,0.0,0.0,1.0,0
1578,07/06/2016,HelpShift,Technology,Mobile CRM Platform,Pune,"Microsoft Ventures, Salesforce Ventures",Private Equity,"2,30,00,000",,2016-06-07,23000000.0,HelpShift,helpshift,0.0,0.0,0,-1.0,1,0.0,1,0,Private Equity,Technology & SaaS,Pune,0.00025031289111389235,0.0,0.00029631005322571457,0.000145054752569653,0.0001402427621816651,2.0,0.0,1.0,1.0,0
603,13/09/2017,Heterogenous,Technology,Telecom & IoT platform,Chennai,"Chennai Angels, Keiretsu Forum & Others",Seed Funding,"7,80,000",,2017-09-13,780000.0,Heterogenous,heterogenous,0.0,0.0,0,-1.0,1,0.0,1,0,Seed/Angel,Technology & SaaS,Chennai,0.000750938673341677,0.002207942702539416,0.0012113159830875644,0.0003491956708925769,0.00025200552515010366,2.0,0.0,1.0,1.0,0
478,04/11/2017,Hevo Data,Technology,Real time data analytics & reporting,Bangalore,IDG Ventures India,Private Equity,"10,00,000",,2017-11-04,1000000.0,Hevo Data,hevo data,0.0,0.0,0,-1.0,1,0.0,1,0,Private Equity,Technology & SaaS,Bengaluru,0.0,0.0,0.0,0.0,0.0,1.0,0.0,0.0,1.0,0
2134,08/12/2015,HeyBiz,Online Shopping Assistant Mobile app,,New Delhi,Shopclues,Seed Funding,,Strategic Funding,2015-12-08,,HeyBiz,heybiz,0.0,0.0,0,-1.0,1,0.0,1,0,Seed/Angel,Other,Delhi-NCR,0.0,0.0,0.0,0.0,0.0,1.0,0.0,0.0,1.0,0
2260,20/11/2015,HeyPillow,Online Real Estate Marketplace,,Bangalore,Hampton Capital,Private Equity,"30,00,000",Series A,2015-11-20,3000000.0,HeyPillow,heypillow,0.0,0.0,0,-1.0,1,0.0,1,0,Private Equity,E-Commerce,Bengaluru,0.0,0.0,0.0,0.0,0.0,1.0,0.0,0.0,1.0,0
610,19/09/2017,High Radius,Technology,Integrated receivables software solutions,Hyderabad,Susquehanna Growth Equity LLC,Private Equity,"5,00,00,000",,2017-09-19,50000000.0,High Radius,high radius,0.0,0.0,0,-1.0,1,0.0,1,0,Private Equity,Technology & SaaS,Hyderabad,0.0,0.0,0.0,0.0,0.0,1.0,0.0,0.0,1.0,0
384,21/02/2018,HighRadius,Technology,Cloud-based Software,Hyderabad,"PNC, Citi Ventures",Private Equity,,,2018-02-21,,HighRadius,highradius,0.0,0.0,0,-1.0,1,0.0,1,0,Private Equity,Technology & SaaS,Hyderabad,0.0,0.0,0.0,0.0,0.0,2.0,0.0,0.0,1.0,0
1747,04/04/2016,Highway Delite,Consumer Internet,Various Highway Help Services,Bangalore,N.S. Raghavan Centre for Entrepreneurial Learning,Seed Funding,,,2016-04-04,,Highway Delite,highway delite,0.0,0.0,0,-1.0,1,0.0,1,0,Seed/Angel,Consumer Internet & Media,Bengaluru,0.0,0.0,0.0,0.0,0.0,1.0,0.0,0.0,1.0,0
2393,03/09/2015,HiJinny,Beauty & Wellness Services Marketplace,,Mumbai,CMYK Health Boutique Pvt Ltd & Other individual investors,Seed Funding,,,2015-09-03,,HiJinny,hijinny,0.0,0.0,0,-1.0,1,0.0,1,0,Seed/Angel,E-Commerce,Mumbai,0.0,0.0,0.0,0.0,0.0,1.0,0.0,0.0,1.0,0
1448,16/08/2016,Hike,Consumer Internet,Mobile Messaging App,New Delhi,"Tencent Holdings, Foxconn Technology Group, Tiger Global, SoftBank Group, Bharti Enterprises",Private Equity,"17,50,00,000",,2016-08-16,175000000.0,Hike,hike,0.0,0.0,0,-1.0,1,0.0,1,0,Private Equity,Consumer Internet & Media,Delhi-NCR,0.005006257822277847,0.07287536754319783,0.18527724887454788,0.0017164247516392465,0.0006626609898606042,5.0,1.0,1.0,1.0,1
2038,12/01/2016,Hike Messenger,Consumer Internet,P2P Messaging Service,New Delhi,"Matt Mullenweg, Adam D\\xe2\\x80\\x99Angelo, Aditya Agarwal,\\xc2\\xa0 Ruchi Sanghvi & Others",Private Equity,,,2016-01-12,,Hike Messenger,hike messenger,0.0,0.0,0,-1.0,1,0.0,1,0,Private Equity,Consumer Internet & Media,Delhi-NCR,0.00025031289111389235,0.0,5.005742896119195e-07,0.00015863277424133518,0.00015863277424133518,4.0,0.0,1.0,1.0,0
250,25/06/2018,HipBar,Consumer Internet,Digital Payment Platform For Beverage Delivery,Bengaluru,Diageo India,Private Equity,"40,00,000",,2018-06-25,4000000.0,HipBar,hipbar,0.0,0.0,0,-1.0,1,0.0,1,0,Private Equity,Consumer Internet & Media,Bengaluru,0.0,0.0,0.0,0.0,0.0,1.0,0.0,0.0,1.0,0
1317,20/10/2016,Hipcask,Consumer Internet,Alcoholic beverage discovery platform,Mumbai,Mobikon,Seed Funding,,,2016-10-20,,Hipcask,hipcask,0.0,0.0,0,-1.0,1,0.0,1,0,Seed/Angel,Consumer Internet & Media,Mumbai,0.0,0.0,0.0,0.0,0.0,1.0,0.0,0.0,1.0,0
1071,16/01/2017,HipCouch,Consumer Internet,Custom & Modular Furniture platform,Mumbai,Undisclosed Investors,Seed Funding,"7,00,000",,2017-01-16,700000.0,HipCouch,hipcouch,0.0,0.0,0,-1.0,1,0.0,1,0,Seed/Angel,Consumer Internet & Media,Mumbai,0.0,0.0,0.0,0.0,0.0,1.0,0.0,0.0,1.0,0
1769,13/04/2016,Hippily,eCommerce,Fashion ECommerce App,Mumbai,"Dr. Sridhar Ramaswamy, Rakesh Mathur",Seed Funding,"2,50,000",,2016-04-13,250000.0,Hippily,hippily,0.0,0.0,0,-1.0,1,0.0,1,0,Seed/Angel,E-Commerce,Mumbai,0.0,0.0,0.0,0.0,0.0,2.0,0.0,0.0,1.0,0
2248,18/11/2015,Hipship,Express local delivery platform,,Bangalore,"Inara Capital , Rishi Khiani",Seed Funding,,,2015-11-18,,Hipship,hipship,0.0,0.0,0,-1.0,1,0.0,1,0,Seed/Angel,Logistics & Mobility,Bengaluru,0.0012515644555694616,0.004638772999889398,7.508484863299938e-05,0.0005537048140257201,0.0005537048140257201,2.0,0.0,1.0,1.0,0
1529,12/07/2016,HitGrit,Consumer Internet,Online Legal Consultation platform,Chandigarh,"Ashish Mahajan, Sarvesh Sharma",Seed Funding,,,2016-07-12,,HitGrit,hitgrit,0.0,0.0,0,-1.0,1,0.0,1,0,Seed/Angel,Consumer Internet & Media,Tier-2/Other,0.0,0.0,0.0,0.0,0.0,2.0,0.0,0.0,1.0,0
2233,12/11/2015,Hitwicket,Cricket Management Mobile Game,,Hyderabad,Chennai Angels,Seed Funding,"2,50,000",,2015-11-12,250000.0,Hitwicket,hitwicket,0.0,0.0,0,-1.0,1,0.0,1,0,Seed/Angel,Other,Hyderabad,0.000750938673341677,0.002207942702539416,0.0012113159830875644,0.0003491956708925769,0.0003491956708925769,1.0,0.0,1.0,1.0,0
2944,02/02/2015,HolaChef,,,,India Quotient,Seed\\nFunding,"3,25,000",,2015-02-02,325000.0,HolaChef,holachef,0.0,0.0,0,-1.0,1,0.0,6,1,Seed/Angel,Other,Tier-2/Other,0.0012515644555694616,0.0015831233045289707,0.0017614729921763422,0.000554745742038456,0.000554745742038456,1.0,0.0,1.0,1.0,0
2724,21/06/2015,Holachef,Food Delivery Platform,,Mumbai,"Kalaari Capital, India Quotient",Private Equity,"31,00,000",Series A,2015-06-21,3100000.0,Holachef,holachef,325000.0,325000.0,1,139.0,0,139.0,6,1,Private Equity,Logistics & Mobility,Mumbai,0.0025031289111389233,0.013397154605961893,0.0017630362707794693,0.0010197165577911919,0.0007872311499148239,2.0,1.0,1.0,1.0,0
2387,02/09/2015,HolaChef,Food Delivery Platform,,Mumbai,Ratan Tata,Private Equity,,Part of Series A raised in June 2015,2015-09-02,,HolaChef,holachef,3425000.0,3100000.0,2,73.0,0,212.0,6,1,Private Equity,Logistics & Mobility,Mumbai,0.0,0.0,0.0,0.0,0.0,1.0,0.0,0.0,1.0,0
1522,08/07/2016,HolaChef,Consumer Internet,Online Food Ordering & Delivery Platform,Mumbai,"Kalaari Capital, India Quotient",Private Equity,"19,50,000",,2016-07-08,1950000.0,HolaChef,holachef,3425000.0,3100000.0,3,310.0,0,522.0,6,1,Private Equity,Consumer Internet & Media,Mumbai,0.0025031289111389233,0.013397154605961893,0.0017630362707794693,0.0010197165577911919,0.0007872311499148239,2.0,1.0,1.0,1.0,0
903,20/04/2017,HolaChef,Consumer Internet,Online Food Delivery,Mumbai,"SIDBI Venture Capital Ltd, Kalaari Capital",Private Equity,"30,00,000",,2017-04-20,3000000.0,HolaChef,holachef,5375000.0,1950000.0,4,286.0,0,808.0,6,1,Private Equity,Consumer Internet & Media,Mumbai,0.0025031289111389233,0.013397154605961893,0.0017630362707794693,0.0010197165577911919,0.0010197165577911919,2.0,1.0,1.0,1.0,0
368,13/02/2018,holachef,Food and Beverages,Online Food Delivery,Mumbai,Ashok Kumar Gajera,Seed / Angle Funding,"3,11,200",,2018-02-13,311200.0,holachef,holachef,8375000.0,3000000.0,5,299.0,0,1107.0,6,1,Seed/Angel,Food & Beverage,Mumbai,0.0,0.0,0.0,0.0,0.0,1.0,0.0,0.0,1.0,0
2637,23/07/2015,HolidayIQ,Travel information portal,,Bangalore,MakeMyTrip,Private Equity,"1,50,00,000",Strategic Investment,2015-07-23,15000000.0,HolidayIQ,holidayiq,0.0,0.0,0,-1.0,1,0.0,1,0,Private Equity,Other,Bengaluru,0.0,0.0,0.0,0.0,0.0,1.0,0.0,0.0,1.0,0
2344,19/10/2015,Holidify,Travel Destination Discovery platform,,New Delhi,Aarti Group,Seed Funding,"1,00,000",,2015-10-19,100000.0,Holidify,holidify,0.0,0.0,0,-1.0,1,0.0,1,0,Seed/Angel,Other,Delhi-NCR,0.0,0.0,0.0,0.0,0.0,1.0,0.0,0.0,1.0,0
2145,10/12/2015,Holisol Logistics,Supply Chain & Logistics Solutions,,New Delhi,CLSA Capital Partners ARIA IV Funds,Private Equity,"1,00,00,000",,2015-12-10,10000000.0,Holisol Logistics,holisol logistics,0.0,0.0,0,-1.0,1,0.0,1,0,Private Equity,Logistics & Mobility,Delhi-NCR,0.00025031289111389235,0.0,2.382514078105462e-06,0.00014697839480037,0.00014697839480037,1.0,0.0,1.0,1.0,0
523,03/10/2017,HomeCapital,Consumer Internet,Home Loan Down payment assistance program,Mumbai,Venture Catalysts,Seed Funding,,,2017-10-03,,HomeCapital,homecapital,0.0,0.0,0,-1.0,1,0.0,1,0,Seed/Angel,Consumer Internet & Media,Mumbai,0.006508135168961201,0.04017278424458088,0.35498683772439593,0.0024836634434645655,0.0024836634434645655,1.0,0.0,1.0,1.0,0
2975,23/02/2015,HomeLane,,,,"Sequoia Capital, Ranjan Pai, Mohandas Pai & others",Private Equity,"45,00,000",Series A,2015-02-23,4500000.0,HomeLane,homelane,0.0,0.0,0,-1.0,1,0.0,4,1,Private Equity,Other,Tier-2/Other,0.004005006257822278,0.059859204892582674,0.09566198113272546,0.001413958516141685,0.001413958516141685,3.0,1.0,1.0,1.0,1
2706,15/06/2015,Homelane,Home Furnishing Solutions,,Bangalore,Sequoia Capital,Private Equity,"5,00,00,000",Series B,2015-06-15,50000000.0,Homelane,homelane,4500000.0,4500000.0,1,112.0,0,112.0,4,1,Private Equity,Other,Bengaluru,0.004005006257822278,0.059859204892582674,0.09566198113272546,0.001413958516141685,0.001413958516141685,1.0,1.0,1.0,1.0,1
456,14/12/2017,HomeLane,E-Commerce,Online Furniture Marketplace,Bengaluru,"Accel Partners, Sequoia Capital, RB Investments",Private Equity,"1,00,00,000",,2017-12-14,10000000.0,HomeLane,homelane,54500000.0,50000000.0,2,913.0,0,1025.0,4,1,Private Equity,E-Commerce,Bengaluru,0.004005006257822278,0.059859204892582674,0.09566198113272546,0.001413958516141685,0.0011868781191429374,3.0,1.0,1.0,1.0,1
241,14/06/2018,HomeLane,Consumer Internet,Online Home Furnishing Solutions,Bengaluru,Brand Capital,Seed/ Angel Funding,"34,50,000",,2018-06-14,3450000.0,HomeLane,homelane,64500000.0,10000000.0,3,182.0,0,1207.0,4,1,Seed/Angel,Consumer Internet & Media,Bengaluru,0.0,0.0,0.0,0.0,0.0,1.0,0.0,0.0,1.0,1
615,21/09/2017,Homergize,eCommerce,Home Furnishing & Building material marketplace,Bangalore,LG Chandrasekhar,Private Equity,"10,00,000",,2017-09-21,1000000.0,Homergize,homergize,0.0,0.0,0,-1.0,1,0.0,1,0,Private Equity,E-Commerce,Bengaluru,0.0,0.0,0.0,0.0,0.0,1.0,0.0,0.0,1.0,0
2338,16/10/2015,Homers.in,Home rental platform,,Gurgaon,"Devesh Rai G, Rajesh Aggarwal, Amitpal Bhutani",Seed Funding,,,2015-10-16,,Homers.in,homers,0.0,0.0,0,-1.0,1,0.0,1,0,Seed/Angel,Other,Delhi-NCR,0.0,0.0,0.0,0.0,0.0,3.0,0.0,0.0,1.0,0
2142,10/12/2015,HomeStudio,Online Branded Furniture etailer,,Bangalore,Bren Corporation,Private Equity,"50,00,000",Series A,2015-12-10,5000000.0,HomeStudio,homestudio,0.0,0.0,0,-1.0,1,0.0,1,0,Private Equity,Technology & SaaS,Bengaluru,0.0,0.0,0.0,0.0,0.0,1.0,0.0,0.0,1.0,0
1076,17/01/2017,Hoopy,Consumer Internet,Online Car Service Platform,Gwalior,undisclosed investors,Seed Funding,"5,00,000",,2017-01-17,500000.0,Hoopy,hoopy,0.0,0.0,0,-1.0,1,0.0,1,0,Seed/Angel,Consumer Internet & Media,Tier-2/Other,0.0,0.0,0.0,0.0,0.0,1.0,0.0,0.0,1.0,0
2598,08/07/2015,Hopping Chef,Online Food-Tech Platform,,Mumbai,Mirah Hospitality,Seed Funding,"4,70,000",Strategic Investment,2015-07-08,470000.0,Hopping Chef,hopping chef,0.0,0.0,0,-1.0,1,0.0,1,0,Seed/Angel,Food & Beverage,Mumbai,0.0,0.0,0.0,0.0,0.0,1.0,0.0,0.0,1.0,0
1723,23/05/2016,Hoppingo,Consumer Internet,Fashion Discovery platform,New Delhi,vCommission,Seed Funding,"89,000",,2016-05-23,89000.0,Hoppingo,hoppingo,0.0,0.0,0,-1.0,1,0.0,1,0,Seed/Angel,Consumer Internet & Media,Delhi-NCR,0.0,0.0,0.0,0.0,0.0,1.0,0.0,0.0,1.0,0
3023,20/01/2015,Hopscotch,,,,Eduardo Saverin & Velos Capital,Private Equity,"1,10,00,000",,2015-01-20,11000000.0,Hopscotch,hopscotch,0.0,0.0,0,-1.0,1,0.0,2,1,Private Equity,Other,Tier-2/Other,0.0,0.0,0.0,0.0,0.0,1.0,0.0,0.0,1.0,0
2003,29/02/2016,Hopscotch,eCommerce,Baby & Kids Products Online Flash sales platform,Mumbai,Eduardo Saverin,Private Equity,"1,30,00,000",,2016-02-29,13000000.0,Hopscotch,hopscotch,11000000.0,11000000.0,1,405.0,0,405.0,2,1,Private Equity,E-Commerce,Mumbai,0.0,0.0,0.0,0.0,0.0,1.0,0.0,0.0,1.0,0
1894,24/03/2016,Horntell,Consumer Internet,Unified Push Notification service,Gurgaon,"Bharanidharan Viswanathan, Sanjiv Mittal, Shobhit Shukla, Rahul Agarwal",Seed Funding,"1,50,000",,2016-03-24,150000.0,Horntell,horntell,0.0,0.0,0,-1.0,1,0.0,1,0,Seed/Angel,Consumer Internet & Media,Delhi-NCR,0.0,0.0,0.0,0.0,0.0,4.0,0.0,0.0,1.0,0
3018,19/01/2015,Hostel Dunia,,,,Hyderabad Angels (at Startup Heroes event),Seed Funding,"16,000",,2015-01-19,16000.0,Hostel Dunia,hostel dunia,0.0,0.0,0,-1.0,1,0.0,1,0,Seed/Angel,Other,Tier-2/Other,0.00025031289111389235,0.0,1.54413417595609e-07,0.00016435886649189237,0.00016435886649189237,1.0,0.0,1.0,1.0,0
324,05/03/2018,Hotelogix,Technology,Cloud based Online Hotel Management Software,Noida,"Vertex Ventures, Accel Partners and Saama Capital",Private Equity,"50,00,000",,2018-03-05,5000000.0,Hotelogix,hotelogix,0.0,0.0,0,-1.0,1,0.0,1,0,Private Equity,Technology & SaaS,Delhi-NCR,0.0012515644555694616,0.002722547121846088,0.018116329309672413,0.0004584976891476841,0.00034189204214356717,2.0,1.0,1.0,1.0,0
2195,29/12/2015,Hotify,New Curation Mobile App,,Bangalore,Mahavir Pratap Sharma,Seed Funding,"1,50,000",,2015-12-29,150000.0,Hotify,hotify,0.0,0.0,0,-1.0,1,0.0,1,0,Seed/Angel,Other,Bengaluru,0.0,0.0,0.0,0.0,0.0,1.0,0.0,0.0,1.0,0
73,09/07/2019,House of Msasaba,Luxury Label,Clothes and Apparel,Mumbai,Binny Bansal,Series A,"10,00,000",,2019-07-09,1000000.0,House of Msasaba,house of msasaba,0.0,0.0,0,-1.0,1,0.0,1,0,Series A,Other,Mumbai,0.0012515644555694616,0.010687931577880288,0.01213914455110461,0.0004861118041767175,0.0004861118041767175,1.0,0.0,1.0,1.0,0
2720,19/06/2015,Housejoy,Home services marketplace,,Bangalore,Matrix Partners,Private Equity,"40,00,000",Series A,2015-06-19,4000000.0,Housejoy,housejoy,0.0,0.0,0,-1.0,1,0.0,2,1,Private Equity,E-Commerce,Bengaluru,0.00025031289111389235,0.0,0.0011995984420673335,0.00012986659567895903,0.00012986659567895903,1.0,1.0,1.0,1.0,0
2164,16/12/2015,Housejoy,Home services marketplace,,Bangalore,"Amazon, Vertex Ventures, Qualcomm, Ru-Net Technology Partners, Matrix Partners",Private Equity,"2,25,00,000",Series B,2015-12-16,22500000.0,Housejoy,housejoy,4000000.0,4000000.0,1,180.0,0,180.0,2,1,Private Equity,E-Commerce,Bengaluru,0.0005006257822277847,0.0017919265324928945,0.0019601863479076207,0.0002556191106767142,0.00020922382451415142,5.0,1.0,1.0,1.0,0
2076,21/01/2016,Housing.com,Consumer Internet,Online Real Estate Portal,Mumbai,SoftBank Corp,Private Equity,"1,50,00,000",,2016-01-21,15000000.0,Housing.com,housing,0.0,0.0,0,-1.0,1,0.0,3,1,Private Equity,Consumer Internet & Media,Mumbai,0.00025031289111389235,0.0,0.0013179319140914473,0.00013282288461829474,0.00013282288461829474,1.0,1.0,1.0,1.0,0
1744,04/04/2016,Housing,Consumer Internet,Real Estate Portal,Mumbai,Vineet Singh,Private Equity,,,2016-04-04,,Housing,housing,15000000.0,15000000.0,1,74.0,0,74.0,3,1,Private Equity,Consumer Internet & Media,Mumbai,0.00025031289111389235,0.0,3.2098515767934743e-06,0.00015208866881212692,0.00015208866881212692,1.0,0.0,1.0,1.0,0
1227,22/11/2016,Housing.com,Consumer Internet,Real Estate Portal,Mumbai,Softbank Group,Private Equity,"50,00,000",,2016-11-22,5000000.0,Housing.com,housing,15000000.0,15000000.0,2,232.0,0,306.0,3,1,Private Equity,Consumer Internet & Media,Mumbai,0.00025031289111389235,0.0,0.0013179319140914473,0.00013282288461829474,0.00013282288461829474,1.0,1.0,1.0,1.0,0
209,20/07/2018,HousingMan,Consumer Internet,Property Discovery Platform,Bengaluru,,Seed/ Angel Funding,"15,00,000",,2018-07-20,1500000.0,HousingMan,housingman,0.0,0.0,0,-1.0,1,0.0,1,0,Seed/Angel,Consumer Internet & Media,Bengaluru,0.0,0.0,0.0,0.0,0.0,0.0,0.0,0.0,1.0,0
1784,18/04/2016,Houssup,Consumer Internet,interior design and home furnishing portal,Jaipur,"Mitin Patel, Gaurav Agarwal",Seed Funding,,,2016-04-18,,Houssup,houssup,0.0,0.0,0,-1.0,1,0.0,1,0,Seed/Angel,Consumer Internet & Media,Jaipur,0.0,0.0,0.0,0.0,0.0,2.0,0.0,0.0,1.0,0
915,26/04/2017,Howdy Ventures,Consumer Internet,Public and Private Events creation app,Chennai,S. Xavier Britto,Seed Funding,"15,00,000",,2017-04-26,1500000.0,Howdy Ventures,howdy ventures,0.0,0.0,0,-1.0,1,0.0,1,0,Seed/Angel,Consumer Internet & Media,Chennai,0.0,0.0,0.0,0.0,0.0,1.0,0.0,0.0,1.0,0
4,02/01/2020,https://www.wealthbucket.in/,FinTech,Online Investment,New Delhi,Vinod Khatumal,Pre-series A,"30,00,000",,2020-01-02,3000000.0,https://www.wealthbucket.in/,https://www.wealthbucket/,0.0,0.0,0,-1.0,1,0.0,1,0,Pre-Series A,FinTech,Delhi-NCR,0.0,0.0,0.0,0.0,0.0,1.0,0.0,0.0,1.0,0
1241,25/11/2016,Hubilo,Consumer Internet,End-to-end Event Organizers Solutions,Ahmedabad,"Girish Mathrubootham, VC Karthic, Miten Mehta, Umasankar Nistala, Rakesh Patel, Akash Bhavsar, Jeevanandhan Rajagopal, Vikas Chadha & Others",Seed Funding,,,2016-11-25,,Hubilo,hubilo,0.0,0.0,0,-1.0,1,0.0,1,0,Seed/Angel,Consumer Internet & Media,Ahmedabad,0.0,0.0,0.0,0.0,0.0,8.0,0.0,0.0,2.0,1
773,26/06/2017,HUG Innovations,Technology,Gesture based\\xc2\\xa0 Smartwatch manufacturer,Hyderabad,"Mohit Srivastav, Kishore Ganji, Venkat Vallabhaneni, Rajeev Menon",Private Equity,"50,00,000",,2017-06-26,5000000.0,HUG Innovations,hug innovations,0.0,0.0,0,-1.0,1,0.0,1,0,Private Equity,Technology & SaaS,Hyderabad,0.0,0.0,0.0,0.0,0.0,4.0,0.0,0.0,1.0,0
2463,29/09/2015,Hugefly,Ecommerce Product recommendation platform,,Pune,Mayank Singhal and others,Seed Funding,,,2015-09-29,,Hugefly,hugefly,0.0,0.0,0,-1.0,1,0.0,1,0,Seed/Angel,E-Commerce,Pune,0.0,0.0,0.0,0.0,0.0,1.0,0.0,0.0,1.0,0
1746,04/04/2016,Hungama,Consumer Internet,Digital Media Entertainment Portal,Mumbai,Xiaomi Inc,Private Equity,"2,50,00,000",,2016-04-04,25000000.0,Hungama,hungama,0.0,0.0,0,-1.0,1,0.0,1,0,Private Equity,Consumer Internet & Media,Mumbai,0.0,0.0,0.0,0.0,0.0,1.0,0.0,0.0,1.0,0
410,22/01/2018,HungerBox,Consumer Internet,Food and Beverages,Bangalore,Lionrock Capital,Private Equity,"25,00,000",,2018-01-22,2500000.0,HungerBox,hungerbox,0.0,0.0,0,-1.0,1,0.0,2,1,Private Equity,Consumer Internet & Media,Bengaluru,0.0,0.0,0.0,0.0,0.0,1.0,0.0,0.0,1.0,0
57,21/08/2019,HungerBox,Food and Beverage,B2B Foodtech,Bengaluru,One97 Communications Ltd.,Series C,"65,90,000",,2019-08-21,6590000.0,HungerBox,hungerbox,2500000.0,2500000.0,1,576.0,0,576.0,2,1,Series C,Food & Beverage,Bengaluru,0.0,0.0,0.0,0.0,0.0,1.0,0.0,0.0,1.0,0
731,06/06/2017,Hungry Foal,Consumer Internet,For profit Social Venture,Gurgaon,SBI (Stand Up India Scheme),Private Equity,,,2017-06-06,,Hungry Foal,hungry foal,0.0,0.0,0,-1.0,1,0.0,2,1,Private Equity,Consumer Internet & Media,Delhi-NCR,0.0,0.0,0.0,0.0,0.0,1.0,0.0,0.0,1.0,0
494,14/11/2017,Hungry Foal,Ecommerce,Healthy & Nutrition based snacks online platform,Gurgaon,GAIL India Ltd,Seed Funding,,,2017-11-14,,Hungry Foal,hungry foal,0.0,0.0,1,161.0,0,161.0,2,1,Seed/Angel,E-Commerce,Delhi-NCR,0.0,0.0,0.0,0.0,0.0,1.0,0.0,0.0,1.0,0
275,28/05/2018,HWell24,Healthcare,Home Healthcare Aggregator,Mumbai,"Prashant Mehta, Mitali Pawar, Nikhil G and Bhavesh P, R Ranganathan, ONCOTRUST and Medintel Services Pvt. Ltd",Seed/ Angel Funding,"2,00,000",,2018-05-28,200000.0,HWell24,hwell24,0.0,0.0,0,-1.0,1,0.0,1,0,Seed/Angel,Healthcare,Mumbai,0.00025031289111389235,0.0,0.002253627186395401,0.0001310338692853393,0.0001310338692853393,5.0,0.0,1.0,1.0,0
611,20/09/2017,HWell24 Plus,Healthcare,Technology-Empowered Healthcare Solutions,Mumbai,Undisclosed Investors,Seed Funding,,,2017-09-20,,HWell24 Plus,hwell24 plus,0.0,0.0,0,-1.0,1,0.0,1,0,Seed/Angel,Healthcare,Mumbai,0.0,0.0,0.0,0.0,0.0,1.0,0.0,0.0,1.0,0
703,18/07/2017,Hypernova Interactive,Technology,Mobile games creator,Bangalore,Kae Capital,Seed Funding,,,2017-07-18,,Hypernova Interactive,hypernova interactive,0.0,0.0,0,-1.0,1,0.0,1,0,Seed/Angel,Technology & SaaS,Bengaluru,0.0005006257822277847,0.0022066892579169126,0.00030628027223875305,0.00022405951589119736,0.00022405951589119736,1.0,0.0,1.0,1.0,0
746,13/06/2017,HyperTrack,Technology,Location tracking solutions,New Delhi,"Nexus Venture Partners, Founders Fund",Private Equity,,,2017-06-13,,HyperTrack,hypertrack,0.0,0.0,0,-1.0,1,0.0,1,0,Private Equity,Technology & SaaS,Delhi-NCR,0.00025031289111389235,0.0,0.004643633114189387,0.00012013188825083282,0.00012013188825083282,2.0,1.0,1.0,1.0,0
2535,18/08/2015,HyperVerge,Deep Learning Cloud Algorithms,,Chennai,"NEA, Milliways Ventures, Naya Ventures",Seed Funding,"10,00,000",,2015-08-18,1000000.0,HyperVerge,hyperverge,0.0,0.0,0,-1.0,1,0.0,1,0,Seed/Angel,Other,Chennai,0.0,0.0,0.0,0.0,0.0,3.0,0.0,0.0,1.0,0
445,12/12/2017,I Can Stay,Technology,Hotel Aggregator Platform,Delhi,HT Media,Private Equity,"18,00,000",,2017-12-12,1800000.0,I Can Stay,i can stay,0.0,0.0,0,-1.0,1,0.0,1,0,Private Equity,Technology & SaaS,Delhi-NCR,0.0,0.0,0.0,0.0,0.0,1.0,0.0,0.0,1.0,0
797,05/05/2017,i-lend,Consumer Internet,Peer-to-peer lending platform,Hyderabad,50K Ventures,Seed Funding,,,2017-05-05,,i-lend,i-lend,0.0,0.0,0,-1.0,1,0.0,1,0,Seed/Angel,Consumer Internet & Media,Hyderabad,0.0,0.0,0.0,0.0,0.0,1.0,0.0,0.0,1.0,0
2144,10/12/2015,i2e1,Internet Network Infrastructure Services,,New Delhi,GrowX Ventures,Seed Funding,"5,00,000",,2015-12-10,500000.0,i2e1,i2e1,0.0,0.0,0,-1.0,1,0.0,1,0,Seed/Angel,Other,Delhi-NCR,0.00025031289111389235,0.0,9.55861469935405e-07,0.00014934135773833068,0.00014934135773833068,1.0,0.0,1.0,1.0,0
342,22/03/2018,i2i Funding,Consumer Internet,Online loan platform,Noida,SucSEED Venture Partners,Seed / Angel Funding,"7,68,000",,2018-03-22,768000.0,i2i Funding,i2i funding,0.0,0.0,0,-1.0,1,0.0,1,0,Seed/Angel,Consumer Internet & Media,Delhi-NCR,0.000750938673341677,0.0025229333361744743,0.008310136077572014,0.0003491541044173801,0.0003491541044173801,1.0,0.0,1.0,1.0,0
1721,20/05/2016,i2ifunding,Consumer Internet,Online Peer to Peer Funding,Noida,Undisclosed Investors,Seed Funding,"3,00,000",,2016-05-20,300000.0,i2ifunding,i2ifunding,0.0,0.0,0,-1.0,1,0.0,1,0,Seed/Angel,Consumer Internet & Media,Delhi-NCR,0.0,0.0,0.0,0.0,0.0,1.0,0.0,0.0,1.0,0
262,09/05/2018,i3sysytems,Technology,AI product company For Health and Life Insurane Companies,Mumbai,"Unitus Ventures, Behram Vakil and Jerxis Vandrevala",Seed / Angel Funding,"10,00,000",,2018-05-09,1000000.0,i3sysytems,i3sysytems,0.0,0.0,0,-1.0,1,0.0,1,0,Seed/Angel,Technology & SaaS,Mumbai,0.000750938673341677,0.002207942702539416,0.0003240393191470647,0.0003452481622397035,0.0003452481622397035,2.0,0.0,1.0,1.0,0
2565,29/08/2015,iamwire,Digital Media publishing platform,,Gurgaon,"Li Tao, Li Jian, Draphant Consultants, Nitin Garg, Saurabh Jain, Mohit Agarwal",Seed Funding,,,2015-08-29,,iamwire,iamwire,0.0,0.0,0,-1.0,1,0.0,1,0,Seed/Angel,Consumer Internet & Media,Delhi-NCR,0.0012515644555694616,0.004638772999889398,7.508484863299938e-05,0.0005537048140257201,0.0005537048140257201,6.0,0.0,1.0,1.0,0
1492,30/08/2016,iAugmentor Labs,Technology,Assessment & Learning Platform,Gurgaon,Rajasthan Angel Investor Network & Others,Seed Funding,"1,49,000",,2016-08-30,149000.0,iAugmentor Labs,iaugmentor labs,0.0,0.0,0,-1.0,1,0.0,1,0,Seed/Angel,Technology & SaaS,Delhi-NCR,0.0,0.0,0.0,0.0,0.0,1.0,0.0,0.0,1.0,0
537,09/10/2017,IBSFintech,Technology,Treasury Risk Management Solution,Bangalore,Shailesh Haribhakti,Seed Funding,,,2017-10-09,,IBSFintech,ibsfintech,0.0,0.0,0,-1.0,1,0.0,1,0,Seed/Angel,Technology & SaaS,Bengaluru,0.0,0.0,0.0,0.0,0.0,1.0,0.0,0.0,2.0,1
2039,12/01/2016,iBus Networks,Technology,Next Generation in-building connectivity,Bangalore,"Vallabh Bhanshali, N Squared Management LLC, Jagdish & Sandeep Mehta Family Office",Private Equity,"23,00,000",,2016-01-12,2300000.0,iBus Networks,ibus networks,0.0,0.0,0,-1.0,1,0.0,1,0,Private Equity,Technology & SaaS,Bengaluru,0.0,0.0,0.0,0.0,0.0,3.0,0.0,0.0,1.0,0
297,16/04/2018,icanstay,Consumer Internet,Online Platform For Luxury Hotel Stay For Business Travelers,Delhi,Mr. Manoj Prasad,Seed / Angel Funding,"5,00,000",,2018-04-16,500000.0,icanstay,icanstay,0.0,0.0,0,-1.0,1,0.0,1,0,Seed/Angel,Consumer Internet & Media,Delhi-NCR,0.0,0.0,0.0,0.0,0.0,1.0,0.0,0.0,1.0,0
2868,29/04/2015,Icertis,Cloud Enterprise Software,,Pune / US,"Greycroft Partners, Fidelity Growth Partners",Private Equity,"60,00,000",Series A,2015-04-29,6000000.0,Icertis,icertis,0.0,0.0,0,-1.0,1,0.0,4,1,Private Equity,Technology & SaaS,Pune,0.000750938673341677,0.001737645276581539,0.0004948050760799399,0.0002954922615291378,0.0002954922615291378,2.0,0.0,1.0,1.0,0
1859,10/03/2016,Icertis,Technology,Contract Management Software Solutions platform,Pune/Seattle,"Ignition Partners, Greycroft Partners, Fidelity Growth Partners India",Private Equity,"1,50,00,000",,2016-03-10,15000000.0,Icertis,icertis,6000000.0,6000000.0,1,316.0,0,316.0,4,1,Private Equity,Technology & SaaS,Pune,0.000750938673341677,0.001737645276581539,0.0004948050760799399,0.0002954922615291378,0.0002954922615291378,3.0,0.0,1.0,1.0,0
995,31/03/2017,Icertis,Technology,ERP solutions provider,Pune,"B Capital Group, Ignition Partners, Greycroft, e.ventures,\\xc2\\xa0 Eight Roads Ventures",Private Equity,"2,50,00,000",,2017-03-31,25000000.0,Icertis,icertis,21000000.0,15000000.0,2,386.0,0,702.0,4,1,Private Equity,Technology & SaaS,Pune,0.0012515644555694616,0.006316536841184845,0.004537866606428548,0.0004983133807781689,0.0003171828476654638,5.0,0.0,1.0,1.0,0
360,08/02/2018,Icertis,Consumer Internet,Enterprise Contract Management Platform,Pune,Meritech Capital Partners,Private Equity,"5,00,00,000",,2018-02-08,50000000.0,Icertis,icertis,46000000.0,25000000.0,3,314.0,0,1016.0,4,1,Private Equity,Consumer Internet & Media,Pune,0.0,0.0,0.0,0.0,0.0,1.0,0.0,0.0,1.0,0
2348,20/10/2015,iChef.in,Gourmet Meals Delivery,,Mumbai,Springboard Ventures,Private Equity,,,2015-10-20,,iChef.in,ichef,0.0,0.0,0,-1.0,1,0.0,1,0,Private Equity,Logistics & Mobility,Mumbai,0.0,0.0,0.0,0.0,0.0,1.0,0.0,0.0,1.0,0
1814,27/04/2016,ICHR,Consumer Internet,Mobile based Children health Information app,New Delhi,Undisclosed,Seed Funding,"4,50,000",,2016-04-27,450000.0,ICHR,ichr,0.0,0.0,0,-1.0,1,0.0,1,0,Seed/Angel,Consumer Internet & Media,Delhi-NCR,0.00025031289111389235,0.0,1.54413417595609e-07,0.00016435886649189237,0.00016435886649189237,1.0,0.0,1.0,1.0,0
1571,03/06/2016,iCliniq,Consumer Internet,Doctor Consultation platform,Bangalore,MadhanKumar Madathupalayam,Seed Funding,,,2016-06-03,,iCliniq,icliniq,0.0,0.0,0,-1.0,1,0.0,1,0,Seed/Angel,Consumer Internet & Media,Bengaluru,0.0,0.0,0.0,0.0,0.0,1.0,0.0,0.0,1.0,0
2635,23/07/2015,iCrushiFlush,Casual Dating App,,Mumbai,IDG Ventures India,Seed Funding,,,2015-07-23,,iCrushiFlush,icrushiflush,0.0,0.0,0,-1.0,1,0.0,1,0,Seed/Angel,Other,Mumbai,0.0,0.0,0.0,0.0,0.0,1.0,0.0,0.0,1.0,0
2685,03/06/2015,iCustomadeit,Bespoke Merchandize Marketplace,,Pune,"Virendra Shahney, Dr Paresh Doshi",Seed Funding,"2,50,000",,2015-06-03,250000.0,iCustomadeit,icustomadeit,0.0,0.0,0,-1.0,1,0.0,1,0,Seed/Angel,E-Commerce,Pune,0.0,0.0,0.0,0.0,0.0,2.0,0.0,0.0,1.0,0
2554,25/08/2015,ICustomMadeIt,Professional Custom creators Marketplace,,Pune,Group of Angel Investors,Seed Funding,"2,50,000",,2015-08-25,250000.0,ICustomMadeIt,icustommadeit,0.0,0.0,0,-1.0,1,0.0,2,1,Seed/Angel,E-Commerce,Pune,0.000750938673341677,2.0055113960051465e-06,5.212874231067168e-07,0.00039636782498119144,0.00039636782498119144,1.0,0.0,1.0,1.0,0
1961,16/02/2016,icustommadeit,eCommerce,Professional Custom creators Marketplace,Pune,"Brand Capital, Siddhivinayak Skyscrapers, Dinesh R. Challa",Private Equity,"40,00,000",,2016-02-16,4000000.0,icustommadeit,icustommadeit,250000.0,250000.0,1,175.0,0,175.0,2,1,Private Equity,E-Commerce,Pune,0.0,0.0,0.0,0.0,0.0,3.0,0.0,0.0,1.0,0
1331,27/10/2016,Idea Bubbles,Consumer Internet,Doctor Consulting platform,Bangalore,"1Crowd, Eureka Forbes Ltd, Shapoorji Pallonji & Co. Ltd.",Private Equity,"7,00,000",,2016-10-27,700000.0,Idea Bubbles,idea bubbles,0.0,0.0,0,-1.0,1,0.0,1,0,Private Equity,Consumer Internet & Media,Bengaluru,0.0005006257822277847,0.0009472281012256808,0.0027722702807833925,0.00023462760148550098,0.00023462760148550098,3.0,0.0,1.0,1.0,0
1368,13/09/2016,IdeaChakki,Consumer Internet,Restaurant Menu & Food mobile app,Delhi,Ratan Tata,Seed Funding,,,2016-09-13,,IdeaChakki,ideachakki,0.0,0.0,0,-1.0,1,0.0,1,0,Seed/Angel,Consumer Internet & Media,Delhi-NCR,0.0,0.0,0.0,0.0,0.0,1.0,0.0,0.0,1.0,0
1155,15/12/2016,IdeaForge,Technology,Drone Manufacturing,Mumbai,"WRV Capital and IndusAge Partners, Infosys Innovation Fund",Private Equity,"1,00,00,000",,2016-12-15,10000000.0,IdeaForge,ideaforge,0.0,0.0,0,-1.0,1,0.0,1,0,Private Equity,Technology & SaaS,Mumbai,0.00025031289111389235,0.0,7.536060043354858e-05,0.00015045598431541468,0.00014724905563159567,2.0,0.0,1.0,2.0,1
702,18/07/2017,Ideal Insurance,Consumer Internet,Online Insurance platform,Kolkata,Xelpmoc,Seed Funding,,,2017-07-18,,Ideal Insurance,ideal insurance,0.0,0.0,0,-1.0,1,0.0,1,0,Seed/Angel,Consumer Internet & Media,Tier-2/Other,0.0,0.0,0.0,0.0,0.0,1.0,0.0,0.0,1.0,0
2537,18/08/2015,IDfy,Online Identity Verification Services platform,,Mumbai,"NEA, Blume Ventures & others",Private Equity,,Series A,2015-08-18,,IDfy,idfy,0.0,0.0,0,-1.0,1,0.0,1,0,Private Equity,Other,Mumbai,0.00025031289111389235,0.0,2.4573577241560827e-06,0.00014531887003520802,0.00014531887003520802,2.0,1.0,1.0,1.0,1
513,24/11/2017,IDG Ventures,Finance,Venture Capitalist,Bangalore,Uniliver Ventures,Private Equity,"1,00,00,000",,2017-11-24,10000000.0,IDG Ventures,idg ventures,0.0,0.0,0,-1.0,1,0.0,1,0,Private Equity,FinTech,Bengaluru,0.0,0.0,0.0,0.0,0.0,1.0,0.0,0.0,1.0,0
2573,01/07/2015,iDreamCareer,Ed-Tech Platform,,New Delhi,"ah! Ventures, Vivek Joshi, Mohit Satyanand & others",Seed Funding,,,2015-07-01,,iDreamCareer,idreamcareer,0.0,0.0,0,-1.0,1,0.0,2,1,Seed/Angel,Other,Delhi-NCR,0.0012515644555694616,0.0034676545481551486,0.00024930596051947864,0.0005595823330734198,0.0005595823330734198,3.0,0.0,1.0,1.0,0
1667,03/05/2016,iDreamCareer,Consumer Internet,Career Planning Services Portal,New Delhi,Brand Capital,Private Equity,,,2016-05-03,,iDreamCareer,idreamcareer,0.0,0.0,1,307.0,0,307.0,2,1,Private Equity,Consumer Internet & Media,Delhi-NCR,0.0,0.0,0.0,0.0,0.0,1.0,0.0,0.0,1.0,0
2519,13/08/2015,IFMR Holdings,Financial Inclusion platform,,Chennai,"Accion, LeapFrog Investments, Lok Capital",Private Equity,"2,50,00,000",Series B,2015-08-13,25000000.0,IFMR Holdings,ifmr holdings,0.0,0.0,0,-1.0,1,0.0,1,0,Private Equity,Other,Chennai,0.00025031289111389235,0.0,1.0088509383743179e-05,0.00014759721226907955,0.00014615250927017833,3.0,0.0,1.0,1.0,0
940,04/03/2017,iGenetics,Healthcare,Health Diagnostic Solutions,Mumbai,CDC Group Plc,Private Equity,"1,95,00,000",,2017-03-04,19500000.0,iGenetics,igenetics,0.0,0.0,0,-1.0,1,0.0,1,0,Private Equity,Healthcare,Mumbai,0.0017521902377972466,0.014871012736845492,0.01068367715154473,0.000704192593874497,0.000704192593874497,1.0,0.0,1.0,1.0,0
2759,05/05/2015,Ignis Careers,Career Development,,Hyderabad,Acumen Fund,Seed Funding,"2,50,000",,2015-05-05,250000.0,Ignis Careers,ignis careers,0.0,0.0,0,-1.0,1,0.0,1,0,Seed/Angel,Other,Hyderabad,0.0,0.0,0.0,0.0,0.0,1.0,0.0,0.0,1.0,0
468,21/12/2017,IGP.com,E-Commerce,Online Gifting Platform,Uttar Pradesh,Venture Catalysts,Private Equity,,,2017-12-21,,IGP.com,igp,0.0,0.0,0,-1.0,1,0.0,1,0,Private Equity,E-Commerce,Tier-2/Other,0.006508135168961201,0.04017278424458088,0.35498683772439593,0.0024836634434645655,0.0024836634434645655,1.0,0.0,1.0,1.0,0
1948,12/02/2016,iGrenEnergi,Technology,Solar Power Solutions,Mumbai,Sunil Mehta,Seed Funding,"10,00,000",,2016-02-12,1000000.0,iGrenEnergi,igrenenergi,0.0,0.0,0,-1.0,1,0.0,1,0,Seed/Angel,Technology & SaaS,Mumbai,0.0,0.0,0.0,0.0,0.0,1.0,0.0,0.0,1.0,0
1205,09/11/2016,IIM Jobs,Consumer Internet,Online Job Portal,New Delhi,India Quotient,Private Equity,"20,00,000",,2016-11-09,2000000.0,IIM Jobs,iim jobs,0.0,0.0,0,-1.0,1,0.0,1,0,Private Equity,Consumer Internet & Media,Delhi-NCR,0.0012515644555694616,0.0015831233045289707,0.0017614729921763422,0.000554745742038456,0.000554745742038456,1.0,0.0,1.0,1.0,0
1552,18/07/2016,ImageProVision,Technology,Image Analysis Solutions,Pune,Satish Jamdar,Seed Funding,,,2016-07-18,,ImageProVision,imageprovision,0.0,0.0,0,-1.0,1,0.0,1,0,Seed/Angel,Technology & SaaS,Pune,0.00025031289111389235,0.0,1.54413417595609e-07,0.00016435886649189237,0.00016435886649189237,1.0,0.0,1.0,1.0,0
1026,17/02/2017,Imaginate,Technology,AR & VR platform,Hyderabad,SRI Capital,Seed Funding,"5,00,000",,2017-02-17,500000.0,Imaginate,imaginate,0.0,0.0,0,-1.0,1,0.0,1,0,Seed/Angel,Technology & SaaS,Hyderabad,0.00025031289111389235,0.0,8.488504438854556e-06,0.00014262609723412833,0.00014262609723412833,1.0,0.0,1.0,1.0,0
999,06/02/2017,iManageMyHotel,Technology,Hotel Management Solution,Kolkata,Jaarvis Accelerator,Seed Funding,,,2017-02-06,,iManageMyHotel,imanagemyhotel,0.0,0.0,0,-1.0,1,0.0,1,0,Seed/Angel,Technology & SaaS,Tier-2/Other,0.0025031289111389233,0.03180691231866443,0.01397423501569189,0.0009597977221441899,0.0009597977221441899,1.0,1.0,1.0,1.0,0
1828,03/03/2016,Imarticus Learning,Education,Financial Services & Analytics Education Institute,Mumbai,"Blinc Advisors, Amit Nanavati, Tashwinder Singh, Taranjit Jaswal, Amit Khanna",Private Equity,"10,00,000",,2016-03-03,1000000.0,Imarticus Learning,imarticus learning,0.0,0.0,0,-1.0,1,0.0,1,0,Private Equity,EdTech,Mumbai,0.0,0.0,0.0,0.0,0.0,5.0,0.0,0.0,1.0,0
370,13/02/2018,IMAX Program,Ed-Tech,Individualised Progressive Learning Program,Bengaluru,"Michael & Susan Dell Foundation, LGT Impact Ventures",Private Equity,"1,35,00,000",,2018-02-13,13500000.0,IMAX Program,imax program,0.0,0.0,0,-1.0,1,0.0,1,0,Private Equity,Other,Bengaluru,0.00025031289111389235,0.0,3.2098515767934743e-06,0.00015208866881212692,0.00015208866881212692,2.0,0.0,1.0,1.0,0
2070,20/01/2016,IMbesharam,ECommerce,Adult Products Etailers,New Delhi / US,Undisclosed US Based Investors,Private Equity,"40,00,000",,2016-01-20,4000000.0,IMbesharam,imbesharam,0.0,0.0,0,-1.0,1,0.0,1,0,Private Equity,E-Commerce,Delhi-NCR,0.0,0.0,0.0,0.0,0.0,1.0,0.0,0.0,1.0,0
1758,08/04/2016,imedilane,Consumer Internet,Online Health Diagnosis platform,New Delhi,"Mahendra Patel, Nilender Chauhan",Seed Funding,"40,000",,2016-04-08,40000.0,imedilane,imedilane,0.0,0.0,0,-1.0,1,0.0,1,0,Seed/Angel,Consumer Internet & Media,Delhi-NCR,0.0,0.0,0.0,0.0,0.0,2.0,0.0,0.0,1.0,0
2828,10/04/2015,iMMi Life,Mobile Health Tech,,Chennai,Unitus Seed Fund,Seed Funding,,,2015-04-10,,iMMi Life,immi life,0.0,0.0,0,-1.0,1,0.0,1,0,Seed/Angel,Healthcare,Chennai,0.0,0.0,0.0,0.0,0.0,1.0,0.0,0.0,1.0,0
1338,30/10/2016,Impact Analytics,Technology,Business intelligence and data science Startup,Bangalore,"Aarin Capital, Michael Herzig, Ashish Lakhanpal",Private Equity,"7,50,000",,2016-10-30,750000.0,Impact Analytics,impact analytics,0.0,0.0,0,-1.0,1,0.0,1,0,Private Equity,Technology & SaaS,Bengaluru,0.00025031289111389235,0.0,5.436574580572323e-09,0.00019298932774467834,0.00019298932774467834,3.0,0.0,1.0,1.0,0
1818,29/04/2016,Impact Guru,Consumer Internet,Online Crowdfunding platform for NGOs & Social Projects,Mumbai,"RB Investments, Fundnel",Seed Funding,"5,00,000",,2016-04-29,500000.0,Impact Guru,impact guru,0.0,0.0,0,-1.0,1,0.0,1,0,Seed/Angel,Consumer Internet & Media,Mumbai,0.0,0.0,0.0,0.0,0.0,2.0,0.0,0.0,1.0,0
1656,29/06/2016,ImpactGuru,Consumer Internet,Crowdfunding Platform,Mumbai,Piyush Jain,Seed Funding,,,2016-06-29,,ImpactGuru,impactguru,0.0,0.0,0,-1.0,1,0.0,1,0,Seed/Angel,Consumer Internet & Media,Mumbai,0.0,0.0,0.0,0.0,0.0,1.0,0.0,0.0,1.0,0
3036,24/01/2015,Impartus,,,,Kaizen Private Equity,Private Equity,,Series A,2015-01-24,,Impartus,impartus,0.0,0.0,0,-1.0,1,0.0,1,0,Private Equity,Other,Tier-2/Other,0.0,0.0,0.0,0.0,0.0,1.0,0.0,0.0,1.0,0
2321,09/10/2015,Inayo,on-demand healthcare marketplace,,Mumbai,"Kemark Ventures, Amit Ranjan, Zishaan Hayath and Others",Seed Funding,"3,00,000",,2015-10-09,300000.0,Inayo,inayo,0.0,0.0,0,-1.0,1,0.0,1,0,Seed/Angel,E-Commerce,Mumbai,0.0,0.0,0.0,0.0,0.0,3.0,0.0,0.0,1.0,0
1936,09/02/2016,Inc42,Consumer Internet,Startup Focused Media News Portal,New Delhi,"India Ventures, Aarin Capital & Others",Seed Funding,,,2016-02-09,,Inc42,inc42,0.0,0.0,0,-1.0,1,0.0,1,0,Seed/Angel,Consumer Internet & Media,Delhi-NCR,0.00025031289111389235,0.0,3.9377968408257e-06,0.00019298932774467834,0.0001702582313081276,2.0,0.0,1.0,1.0,0
1499,31/08/2016,inclov,Consumer Internet,Matchmaking App for Disabled,Mumbai,"Sarbvir Singh, Raghav Bahl",Seed Funding,,,2016-08-31,,inclov,inclov,0.0,0.0,0,-1.0,1,0.0,2,1,Seed/Angel,Consumer Internet & Media,Mumbai,0.0,0.0,0.0,0.0,0.0,2.0,0.0,0.0,1.0,0
625,26/09/2017,Inclov,Consumer Internet,Matchmaking app for the differently abled,Gurgaon,"Rajan Anandan, Jamil Khatri, Ravi Iyer, Raghav Bahl",Seed Funding,,,2017-09-26,,Inclov,inclov,0.0,0.0,1,391.0,0,391.0,2,1,Seed/Angel,Consumer Internet & Media,Delhi-NCR,0.00025031289111389235,0.0,1.54413417595609e-07,0.00016435886649189237,0.00016435886649189237,4.0,0.0,1.0,1.0,0
14,16/12/2019,InCred,Finance,Non-Banking Financial Company,Mumbai,,Debt Funding,"59,00,000",,2019-12-16,5900000.0,InCred,incred,0.0,0.0,0,-1.0,1,0.0,1,0,Debt,FinTech,Mumbai,0.0,0.0,0.0,0.0,0.0,0.0,0.0,0.0,1.0,0
143,25/11/2018,InCred Finance,Finance,SME Lending,India,"Paragon Partners, Individual Investors",Private Equity,"4,20,00,000",,2018-11-25,42000000.0,InCred Finance,incred finance,0.0,0.0,0,-1.0,1,0.0,1,0,Private Equity,FinTech,Tier-2/Other,0.0005006257822277847,0.00030984568616387664,2.6814550273192492e-05,0.00023417097241184055,0.00023417097241184055,2.0,0.0,1.0,1.0,0
698,17/07/2017,Increff,Technology,Sales Solutions for Fashion Brands,Bangalore,"Sequoia Capital, Grey Orange, Rajesh Ramaiah, Anshuman Das, Rishi Das",Seed Funding,"20,00,000",,2017-07-17,2000000.0,Increff,increff,0.0,0.0,0,-1.0,1,0.0,2,1,Seed/Angel,Technology & SaaS,Bengaluru,0.004005006257822278,0.059859204892582674,0.09566198113272546,0.001413958516141685,0.001413958516141685,5.0,1.0,1.0,1.0,0
112,17/04/2019,Increff,Technology,Supply-chain technology solutions,Bengaluru,"021 Capita, Binny Bansal",Series A,"30,00,000",,2019-04-17,3000000.0,Increff,increff,2000000.0,2000000.0,1,639.0,0,639.0,2,1,Series A,Technology & SaaS,Bengaluru,0.0012515644555694616,0.010687931577880288,0.01213914455110461,0.0004861118041767175,0.00040224404224070936,2.0,0.0,1.0,1.0,0
1680,04/05/2016,Indee,Consumer Internet,Web Video Streaming Platform,Bangalore,Kalaari Capital Accelerator Program,Seed Funding,"5,00,000",,2016-05-04,500000.0,Indee,indee,0.0,0.0,0,-1.0,1,0.0,1,0,Seed/Angel,Consumer Internet & Media,Bengaluru,0.00025031289111389235,0.0,2.2213171803151287e-05,0.00015045598431541468,0.00015045598431541468,1.0,1.0,1.0,1.0,0
1766,12/04/2016,Indi.com,Consumer Internet,Video Social Network,,Anil Kapoor,Seed Funding,,,2016-04-12,,Indi.com,indi,0.0,0.0,0,-1.0,1,0.0,1,0,Seed/Angel,Consumer Internet & Media,Tier-2/Other,0.0,0.0,0.0,0.0,0.0,1.0,0.0,0.0,1.0,0
1268,04/10/2016,India Gifts Portal,eCommerce,Online Gifting platform,Noida,"Naveen Arya, Tarun Joshi",Private Equity,"20,00,000",,2016-10-04,2000000.0,India Gifts Portal,india gifts portal,0.0,0.0,0,-1.0,1,0.0,1,0,Private Equity,E-Commerce,Delhi-NCR,0.0,0.0,0.0,0.0,0.0,2.0,0.0,0.0,1.0,0
1117,01/12/2016,India Lends,Consumer Internet,Online Instant personal Loan provider,New Delhi,"DSG Consumer Partners, American Express Ventures, Cyber Carrier VC, AdvantEdge Partners",Private Equity,"40,00,000",,2016-12-01,4000000.0,India Lends,india lends,0.0,0.0,0,-1.0,1,0.0,1,0,Private Equity,Consumer Internet & Media,Delhi-NCR,0.001501877346683354,0.005746251505479102,0.030855919122090774,0.0005464575058024244,0.0005464575058024244,4.0,0.0,1.0,1.0,0
2591,07/07/2015,IndiaLends,Financial Tech,,New Delhi,"DSG Consumer Partners, Siddharth Parekh",Private Equity,,Pre-Series A,2015-07-07,,IndiaLends,indialends,0.0,0.0,0,-1.0,1,0.0,2,1,Private Equity,Other,Delhi-NCR,0.001501877346683354,0.005746251505479102,0.030855919122090774,0.0005464575058024244,0.0005464575058024244,2.0,0.0,1.0,2.0,1
2300,05/10/2015,IndiaLends,Online Consumer Lending platform,,New Delhi,"DSG consumer Partners, Paragon Partners",Private Equity,"10,00,000",Pre-Series A Bridge round,2015-10-05,1000000.0,IndiaLends,indialends,0.0,0.0,1,90.0,0,90.0,2,1,Private Equity,Other,Delhi-NCR,0.001501877346683354,0.005746251505479102,0.030855919122090774,0.0005464575058024244,0.0003903142391071325,2.0,0.0,1.0,2.0,1
1850,09/03/2016,Indiamart,ECommerce,B2B Marketplace for SMBs,Noida,Amadeus Capital,Private Equity,,,2016-03-09,,Indiamart,indiamart,0.0,0.0,0,-1.0,1,0.0,1,0,Private Equity,E-Commerce,Delhi-NCR,0.0,0.0,0.0,0.0,0.0,1.0,0.0,0.0,1.0,0
2781,14/05/2015,IndianRoots.com,Lifestyle Ecommerce Portal,,Gurgaon,KJS Group,Private Equity,"50,00,000",Series B,2015-05-14,5000000.0,IndianRoots.com,indianroots,0.0,0.0,0,-1.0,1,0.0,1,0,Private Equity,E-Commerce,Delhi-NCR,0.0,0.0,0.0,0.0,0.0,1.0,0.0,0.0,1.0,0
668,23/08/2017,Indiez,Technology,Software & Mobile app development platform,Bangalore,Haresh Chawla,Seed Funding,"5,00,000",,2017-08-23,500000.0,Indiez,indiez,0.0,0.0,0,-1.0,1,0.0,1,0,Seed/Angel,Technology & SaaS,Bengaluru,0.00025031289111389235,0.0,0.01164948001901309,0.0001272662398556172,0.0001272662398556172,1.0,0.0,1.0,1.0,0
2290,01/10/2015,Indifi,Easy Business Loans platform,,Gurgaon,"Accel Partners, Elevar Equity, Pramod Bhasin, Rajan Anandan, Gaurav Dalmia, Abhishek Goyal, Gagan Hasteer , Arun Tadanki",Seed Funding,,,2015-10-01,,Indifi,indifi,0.0,0.0,0,-1.0,1,0.0,2,1,Seed/Angel,Other,Delhi-NCR,0.0025031289111389233,0.03180691231866443,0.01397423501569189,0.0009597977221441899,0.0006464059001082476,8.0,1.0,1.0,3.0,1
1145,13/12/2016,Indifi,Consumer Internet,Online lending platform,Gurgaon,Omidyar Network,Private Equity,"1,00,00,000",,2016-12-13,10000000.0,Indifi,indifi,0.0,0.0,1,439.0,0,439.0,2,1,Private Equity,Consumer Internet & Media,Delhi-NCR,0.0010012515644555694,0.007109553316259028,0.013758018688313459,0.0003983214631420374,0.0003983214631420374,1.0,0.0,1.0,3.0,1
286,05/04/2018,IndigoLearn,Ed-Tech,Online Education Platform,Hyderabad,"Maheshwar Peri, founder and chairman of career information portal Careers360, and Jamshed Jeejeebhoy, director at Byramjee Jeejeebhoy Pvt. Ltd were among the angels",Seed / Angel Funding,"1,50,000",,2018-04-05,150000.0,IndigoLearn,indigolearn,0.0,0.0,0,-1.0,1,0.0,1,0,Seed/Angel,Other,Hyderabad,0.00025031289111389235,0.0,1.54413417595609e-07,0.00016435886649189237,0.00016435886649189237,4.0,0.0,1.0,1.0,0
2737,24/06/2015,Indix,SaaS product intelligence platform,,,"Nokia Growth Partners, Nexus Venture Partners, Avalon Ventures",Private Equity,"1,50,00,000",Series C,2015-06-24,15000000.0,Indix,indix,0.0,0.0,0,-1.0,1,0.0,1,0,Private Equity,Technology & SaaS,Tier-2/Other,0.00025031289111389235,0.0,0.004643633114189387,0.00012013188825083282,0.00012013188825083282,3.0,1.0,1.0,1.0,0
1251,30/11/2016,Indofash,eCommerce,Ethnic Indian Fashion Marketplace,Bangalore,"Shekhar Sahu, Nitesh Pant",Seed Funding,"1,50,000",,2016-11-30,150000.0,Indofash,indofash,0.0,0.0,0,-1.0,1,0.0,1,0,Seed/Angel,E-Commerce,Bengaluru,0.0,0.0,0.0,0.0,0.0,2.0,0.0,0.0,1.0,0
2064,19/01/2016,Indus OS,Technology,Local language Mobile OS,Mumbai,"Omidyar Network,",Private Equity,"50,00,000",,2016-01-19,5000000.0,Indus OS,indus os,0.0,0.0,0,-1.0,1,0.0,4,1,Private Equity,Technology & SaaS,Mumbai,0.0010012515644555694,0.007109553316259028,0.013758018688313459,0.0003983214631420374,0.0003983214631420374,1.0,0.0,1.0,1.0,0
987,30/03/2017,Indus OS,Technology,Mobile OS creator,Mumbai,"JSW Ventures, VenturEast",Private Equity,,,2017-03-30,,Indus OS,indus os,5000000.0,5000000.0,1,436.0,0,436.0,4,1,Private Equity,Technology & SaaS,Mumbai,0.00025031289111389235,0.0,0.00011420396627358316,0.00013968573708715763,0.00013968573708715763,2.0,0.0,1.0,1.0,0
466,21/12/2017,Indus OS,Technology,Regional Operating System for Smartphones,Mumbai,Omidyar Network,Private Equity,"40,00,000",,2017-12-21,4000000.0,Indus OS,indus os,5000000.0,5000000.0,2,266.0,0,702.0,4,1,Private Equity,Technology & SaaS,Mumbai,0.0010012515644555694,0.007109553316259028,0.013758018688313459,0.0003983214631420374,0.0003983214631420374,1.0,0.0,1.0,1.0,0
71,10/07/2019,Indus OS,Tech,Smartphone Operating System,Andheri,Ventureast,Series B,"57,50,000",,2019-07-10,5750000.0,Indus OS,indus os,9000000.0,4000000.0,3,566.0,0,1268.0,4,1,Series B,Other,Tier-2/Other,0.0,0.0,0.0,0.0,0.0,1.0,0.0,0.0,1.0,0
2985,25/02/2015,IndustryBuying,,,,SAIF Partners,Private Equity,"20,00,000",Series A,2015-02-25,2000000.0,IndustryBuying,industrybuying,0.0,0.0,0,-1.0,1,0.0,4,1,Private Equity,Other,Tier-2/Other,0.000750938673341677,0.0042731615220654,0.0014112094183159625,0.00029227224578136433,0.00029227224578136433,1.0,1.0,1.0,1.0,0
2405,10/09/2015,IndustryBuying,Industrial Tools Marketplace,,New Delhi,"Kalaari Capital, SAIF Partners, Beenextan investment fund",Private Equity,"92,00,000",Series B,2015-09-10,9200000.0,IndustryBuying,industrybuying,2000000.0,2000000.0,1,197.0,0,197.0,4,1,Private Equity,E-Commerce,Delhi-NCR,0.0025031289111389233,0.026666534645510814,0.01377356864908714,0.0010197165577911919,0.0007165990013376158,3.0,1.0,1.0,1.0,0
2179,22/12/2015,Industrybuying,Online Marketplace for Industrial Goods,,New Delhi,"Murugappa Group, TVS Group, Vellayan Subbiah, Arathi Krishna, Arun Venkatachalam",Seed Funding,,,2015-12-22,,Industrybuying,industrybuying,11200000.0,9200000.0,2,103.0,0,300.0,4,1,Seed/Angel,E-Commerce,Delhi-NCR,0.0,0.0,0.0,0.0,0.0,5.0,0.0,0.0,1.0,0
2068,20/01/2016,IndustryBuying,ECommerce,B2B Industrial Goods Marketplace,New Delhi,Trifecta Capital,Private Equity,"18,00,000",,2016-01-20,1800000.0,IndustryBuying,industrybuying,11200000.0,9200000.0,3,29.0,0,329.0,4,1,Private Equity,E-Commerce,Delhi-NCR,0.00025031289111389235,0.0,0.007851646982310443,0.00013105928853511366,0.00013105928853511366,1.0,0.0,1.0,1.0,0
56,22/08/2019,INDwealth,FinTech,Wealth Management,Gurgaon,Tiger Global Management,Venture Round,"1,50,00,000",,2019-08-22,15000000.0,INDwealth,indwealth,0.0,0.0,0,-1.0,1,0.0,1,0,Other/Undisclosed,FinTech,Delhi-NCR,0.005006257822277847,0.07287536754319783,0.18527724887454788,0.0017164247516392465,0.0017164247516392465,1.0,1.0,1.0,1.0,0
1374,15/09/2016,infeedo,Consumer Internet,Employee engagement platform,Gurgaon,"Dheeraj Jain, Palash Jain, Anupam Mittal, Ameera Shah,\\xc2\\xa0 Vivek Bhargava, Rahul Singh, Ambarish Gupta,",Seed Funding,"2,00,000",,2016-09-15,200000.0,infeedo,infeedo,0.0,0.0,0,-1.0,1,0.0,1,0,Seed/Angel,Consumer Internet & Media,Delhi-NCR,0.0,0.0,0.0,0.0,0.0,7.0,0.0,0.0,1.0,0
1104,25/01/2017,Infibeam,eCommerce,eCommerce Marketplace,Ahmedabad,"Bennett, Coleman and Company Ltd",Private Equity,"88,00,000",,2017-01-25,8800000.0,Infibeam,infibeam,0.0,0.0,0,-1.0,1,0.0,2,1,Private Equity,E-Commerce,Ahmedabad,0.0,0.0,0.0,0.0,0.0,2.0,0.0,0.0,1.0,0
376,15/02/2018,Infibeam,E-Commerce,Online Retailing,Ahemadabad,Network 18,Private Equity,"62,30,000",,2018-02-15,6230000.0,Infibeam,infibeam,8800000.0,8800000.0,1,386.0,0,386.0,2,1,Private Equity,E-Commerce,Tier-2/Other,0.0,0.0,0.0,0.0,0.0,1.0,0.0,0.0,1.0,0
2568,31/08/2015,Infinite Analytics,Big Data & predictive Analysis Platform,,Mumbai,"Ratan Tata, Nikhil Vora & others",Private Equity,,Bridge Round,2015-08-31,,Infinite Analytics,infinite analytics,0.0,0.0,0,-1.0,1,0.0,1,0,Private Equity,Other,Mumbai,0.0,0.0,0.0,0.0,0.0,2.0,0.0,0.0,1.0,0
1234,23/11/2016,Infisecure,Technology,Bot Protection Solutions,Mumbai,"IDG Ventures, Axilor Ventures",Seed Funding,"6,00,000",,2016-11-23,600000.0,Infisecure,infisecure,0.0,0.0,0,-1.0,1,0.0,1,0,Seed/Angel,Technology & SaaS,Mumbai,0.0010012515644555694,0.0028383000031962837,0.0014169998952540074,0.0004588750969253953,0.0004588750969253953,2.0,0.0,1.0,1.0,0
2513,11/08/2015,Infogain,Business and IT consulting,,New Delhi / US,ChrysCapital,Private Equity,"6,30,00,000",,2015-08-11,63000000.0,Infogain,infogain,0.0,0.0,0,-1.0,1,0.0,1,0,Private Equity,Other,Delhi-NCR,0.0,0.0,0.0,0.0,0.0,1.0,0.0,0.0,1.0,0
2467,30/09/2015,Infoworks,Big Data Management Platform,,Bangalore / USA,"Nexus Venture Partners, Knoll Ventures and others",Private Equity,"50,00,000",,2015-09-30,5000000.0,Infoworks,infoworks,0.0,0.0,0,-1.0,1,0.0,1,0,Private Equity,Other,Bengaluru,0.00025031289111389235,0.0,0.004643633114189387,0.00012013188825083282,0.00012013188825083282,2.0,1.0,1.0,1.0,0
2024,07/01/2016,Infurnia,Consumer Internet,Online Furniture Customization platform,Bangalore,Idein Ventures,Seed Funding,"1,60,000",,2016-01-07,160000.0,Infurnia,infurnia,0.0,0.0,0,-1.0,1,0.0,1,0,Seed/Angel,Consumer Internet & Media,Bengaluru,0.0,0.0,0.0,0.0,0.0,1.0,0.0,0.0,1.0,0
198,10/07/2018,iNICU,Healthcare,Med-tech Platform Providing Care For Newborns,Delhi,Venture Catalysts,Seed/ Angel Funding,,,2018-07-10,,iNICU,inicu,0.0,0.0,0,-1.0,1,0.0,1,0,Seed/Angel,Healthcare,Delhi-NCR,0.006508135168961201,0.04017278424458088,0.35498683772439593,0.0024836634434645655,0.0024836634434645655,1.0,0.0,1.0,1.0,0
670,25/08/2017,Ink Monk,Consumer Internet,Online printing marketplace,Chennai,"VAMM Ventures, Raksul, Dena",Seed Funding,"7,50,000",,2017-08-25,750000.0,Ink Monk,ink monk,0.0,0.0,0,-1.0,1,0.0,1,0,Seed/Angel,Consumer Internet & Media,Chennai,0.0,0.0,0.0,0.0,0.0,3.0,0.0,0.0,1.0,0
2506,10/08/2015,Inkmonk,Online printing marketplace,,Chennai,"Girish Mathrubootham, Phanindra Sama, Vikram Chachra, Others from LetsVenture",Seed Funding,"2,50,000",,2015-08-10,250000.0,Inkmonk,inkmonk,0.0,0.0,0,-1.0,1,0.0,1,0,Seed/Angel,E-Commerce,Chennai,0.00025031289111389235,0.0,0.0014541392121809268,0.00013664812728624517,0.00013664812728624517,4.0,0.0,1.0,1.0,0
2461,29/09/2015,Inmobi,Mobile Advertising platform,,Bangalore,Tennenbaum Capital Partners & Others,Private Equity,"10,00,00,000",Late Stage,2015-09-29,100000000.0,Inmobi,inmobi,0.0,0.0,0,-1.0,1,0.0,1,0,Private Equity,Other,Bengaluru,0.0,0.0,0.0,0.0,0.0,1.0,0.0,0.0,1.0,0
1398,23/09/2016,inMotion,Technology,Financial platform for daily wage earning communities,Noida,"Prashant Tandon, Gaurav Agarwal, Gaurav Bhogle, Shrishti Sahu, Shantanu Mathur, Prabhat Aggarwal",Seed Funding,,,2016-09-23,,inMotion,inmotion,0.0,0.0,0,-1.0,1,0.0,1,0,Seed/Angel,Technology & SaaS,Delhi-NCR,0.00025031289111389235,0.0,5.005742896119195e-07,0.00015863277424133518,0.00015863277424133518,6.0,0.0,1.0,1.0,0
899,18/04/2017,Innefu Security Consulting,Technology,Cyber Security solutions using AI,New Delhi,IndiaNivesh Venture Capital Fund,Private Equity,"20,00,000",,2017-04-18,2000000.0,Innefu Security Consulting,innefu security consulting,0.0,0.0,0,-1.0,1,0.0,1,0,Private Equity,Technology & SaaS,Delhi-NCR,0.0012515644555694616,0.004638772999889398,7.508484863299938e-05,0.0005537048140257201,0.0005537048140257201,1.0,0.0,1.0,1.0,0
1000,07/02/2017,Inner Hour,Consumer Internet,Online Counselling Platform,Mumbai,"Batlivala & Karani Securities, Venture Works",Seed Funding,"4,50,000",,2017-02-07,450000.0,Inner Hour,inner hour,0.0,0.0,0,-1.0,1,0.0,1,0,Seed/Angel,Consumer Internet & Media,Mumbai,0.0,0.0,0.0,0.0,0.0,2.0,0.0,0.0,1.0,0
2452,23/09/2015,InnerChef,Food Delivery Platform,,New Delhi,"Phanindra Sama, Anupam Mittal, Vijay Shekhar Sharma, Vishal Gondal, Sateesh Andara & others",Private Equity,"17,50,000",pre-Series A,2015-09-23,1750000.0,InnerChef,innerchef,0.0,0.0,0,-1.0,1,0.0,2,1,Private Equity,Logistics & Mobility,Delhi-NCR,0.000750938673341677,0.00471909365926236,0.0014597492225774918,0.0003333108063015668,0.0003333108063015668,5.0,0.0,1.0,1.0,0
1273,04/10/2016,InnerChef,Consumer Internet,Online food ordering platform,Gurgaon,"Mistletoe, M&S Partners",Private Equity,"25,00,000",,2016-10-04,2500000.0,InnerChef,innerchef,1750000.0,1750000.0,1,377.0,0,377.0,2,1,Private Equity,Consumer Internet & Media,Delhi-NCR,0.0,0.0,0.0,0.0,0.0,2.0,0.0,0.0,1.0,0
1691,10/05/2016,InnoNano Research,Technology,Clean Water Technology,Chennai,NanoHoldings,Private Equity,"1,80,00,000",,2016-05-10,18000000.0,InnoNano Research,innonano research,0.0,0.0,0,-1.0,1,0.0,1,0,Private Equity,Technology & SaaS,Chennai,0.0,0.0,0.0,0.0,0.0,1.0,0.0,0.0,1.0,0
1170,22/12/2016,Innoplexus,Technology,Data as a Service Provider,Pune,HCS Venture capital fund,Private Equity,,,2016-12-22,,Innoplexus,innoplexus,0.0,0.0,0,-1.0,1,0.0,1,0,Private Equity,Technology & SaaS,Pune,0.0,0.0,0.0,0.0,0.0,1.0,0.0,0.0,1.0,0
1300,14/10/2016,Innov8,Consumer Internet,Co-Working Spaces aggregator,Bangalore,Punit Soni,Seed Funding,,,2016-10-14,,Innov8,innov8,0.0,0.0,0,-1.0,1,0.0,3,1,Seed/Angel,Consumer Internet & Media,Bengaluru,0.0,0.0,0.0,0.0,0.0,1.0,0.0,0.0,1.0,0
1021,15/02/2017,Innov8,Consumer Internet,Co-Working Space Platform,New Delhi,"Vijay Shekhar Sharma, Rajan Anandan, Kunal Shah, Girish Mathrubootham, Punit Soni, Anand Chandrasekaran, Sunil Kalra, Utsav Somani, Vishal Gondal, Vikram Limaye",Seed Funding,,,2017-02-15,,Innov8,innov8,0.0,0.0,1,124.0,0,124.0,3,1,Seed/Angel,Consumer Internet & Media,Delhi-NCR,0.000750938673341677,0.00471909365926236,0.0014597492225774918,0.0003333108063015668,0.0003333108063015668,10.0,0.0,1.0,1.0,0
149,11/10/2018,Innov8,Real Estate,Co-Working,New Delhi,Credence Family Office,Pre-Series A,"40,00,000",,2018-10-11,4000000.0,Innov8,innov8,0.0,0.0,2,603.0,0,727.0,3,1,Pre-Series A,Other,Delhi-NCR,0.0,0.0,0.0,0.0,0.0,1.0,0.0,0.0,1.0,0
2779,13/05/2015,Innovaccer,Intelligent Data Analytics,,Noida,"Rajan Anandan, Teru Sato, Aneesh Reddy, Venkatesh Valluri",Seed Funding,,,2015-05-13,,Innovaccer,innovaccer,0.0,0.0,0,-1.0,1,0.0,2,1,Seed/Angel,Other,Delhi-NCR,0.0,0.0,0.0,0.0,0.0,4.0,0.0,0.0,1.0,0
1442,12/08/2016,Innovaccer,Technology,Integrated Enterprise Analytics Platform,Noida,Westbridge Capital Partners,Private Equity,"1,56,00,000",,2016-08-12,15600000.0,Innovaccer,innovaccer,0.0,0.0,1,457.0,0,457.0,2,1,Private Equity,Technology & SaaS,Delhi-NCR,0.0010012515644555694,0.00867406961898059,0.00886588136901027,0.00040932607440713595,0.00040932607440713595,1.0,0.0,1.0,1.0,0
788,02/05/2017,Innovapptive,Technology,Enterprise Mobility Solutions,Hyderabad,Hyderabad Angels,Seed Funding,"15,00,000",,2017-05-02,1500000.0,Innovapptive,innovapptive,0.0,0.0,0,-1.0,1,0.0,1,0,Seed/Angel,Technology & SaaS,Hyderabad,0.00025031289111389235,0.0,1.54413417595609e-07,0.00016435886649189237,0.00016435886649189237,1.0,0.0,1.0,1.0,0
2627,20/07/2015,Innoviti,Payment Solutions platform,,Bangalore,"Catamaran Ventures, New India Investment Corporation",Private Equity,"48,50,000",Series A,2015-07-20,4850000.0,Innoviti,innoviti,0.0,0.0,0,-1.0,1,0.0,2,1,Private Equity,FinTech,Bengaluru,0.0,0.0,0.0,0.0,0.0,2.0,0.0,0.0,1.0,0
692,12/07/2017,Innoviti,Technology,Digital payments solutions,Bangalore,"SBI-FMO Fund, Bessemer Venture Partners, Catamaran Ventures",Private Equity,"1,85,00,000",,2017-07-12,18500000.0,Innoviti,innoviti,4850000.0,4850000.0,1,723.0,0,723.0,2,1,Private Equity,Technology & SaaS,Bengaluru,0.0012515644555694616,0.004593992124282985,0.002924969761969057,0.0005026251490342794,0.0003154200890993494,3.0,0.0,1.0,1.0,0
440,08/12/2017,Inshorts,Technology,Mobile News Curation App,Noida,Tiger Global,Private Equity,"50,00,000",,2017-12-08,5000000.0,Inshorts,inshorts,0.0,0.0,0,-1.0,1,0.0,1,0,Private Equity,Technology & SaaS,Delhi-NCR,0.005006257822277847,0.07287536754319783,0.18527724887454788,0.0017164247516392465,0.0017164247516392465,1.0,1.0,1.0,3.0,1
762,20/06/2017,Insider.in,Consumer Internet,Events Ticketing platform,Mumbai,Paytm,Private Equity,"52,00,000",,2017-06-20,5200000.0,Insider.in,insider,0.0,0.0,0,-1.0,1,0.0,1,0,Private Equity,Consumer Internet & Media,Mumbai,0.00025031289111389235,0.0,5.436574580572323e-09,0.00019298932774467834,0.00019298932774467834,1.0,0.0,1.0,1.0,0
2790,19/05/2015,Inspirock,Online Travel Planning,,,MakeMyTrip Innovation Fund,Private Equity,,,2015-05-19,,Inspirock,inspirock,0.0,0.0,0,-1.0,1,0.0,1,0,Private Equity,Other,Tier-2/Other,0.0,0.0,0.0,0.0,0.0,1.0,0.0,0.0,1.0,0
2935,02/02/2015,InstaBounce,,,,Group of Angel Investors,Seed\\nFunding,"16,600",At the 10 minute million event,2015-02-02,16600.0,InstaBounce,instabounce,0.0,0.0,0,-1.0,1,0.0,1,0,Seed/Angel,Other,Tier-2/Other,0.000750938673341677,2.0055113960051465e-06,5.212874231067168e-07,0.00039636782498119144,0.00039636782498119144,1.0,0.0,1.0,1.0,0
1404,28/09/2016,Instacar,Consumer Internet,Out-Station Taxi Rental Platform,Indore,Swastika Co Ltd.,Seed Funding,"10,00,000",,2016-09-28,1000000.0,Instacar,instacar,0.0,0.0,0,-1.0,1,0.0,1,0,Seed/Angel,Consumer Internet & Media,Tier-2/Other,0.0,0.0,0.0,0.0,0.0,1.0,0.0,0.0,1.0,0
2875,02/03/2015,InstaLively,,,,Group of Angel Investors,Seed Funding,"1,20,000",,2015-03-02,120000.0,InstaLively,instalively,0.0,0.0,0,-1.0,1,0.0,3,1,Seed/Angel,Other,Tier-2/Other,0.000750938673341677,2.0055113960051465e-06,5.212874231067168e-07,0.00039636782498119144,0.00039636782498119144,1.0,0.0,1.0,1.0,0
2814,06/04/2015,InstaLively,Video Streaming,,New Delhi,"Rajesh Sawheny , Rajan Anandan, Amit Ranjan, Niraj Singh, AECAL, MeraEvents.",Seed Funding,"1,20,000",,2015-04-06,120000.0,InstaLively,instalively,120000.0,120000.0,1,35.0,0,35.0,3,1,Seed/Angel,Other,Delhi-NCR,0.0,0.0,0.0,0.0,0.0,6.0,0.0,0.0,1.0,0
2621,15/07/2015,InstaLively.com,Live video streaming app,,New Delhi,"Anupam Mittal, Anand Chandrasekaran, Uday Shankar, Chetan Bhagat",Seed Funding,,,2015-07-15,,InstaLively.com,instalively,240000.0,120000.0,2,100.0,0,135.0,3,1,Seed/Angel,Other,Delhi-NCR,0.0,0.0,0.0,0.0,0.0,4.0,0.0,0.0,1.0,0
1187,30/12/2016,InstantPay,Consumer Internet,Digital payments & recharge platform,New Delhi,"RB Investments,\\xc2\\xa0 Kaleden Holdings",Private Equity,,,2016-12-30,,InstantPay,instantpay,0.0,0.0,0,-1.0,1,0.0,1,0,Private Equity,Consumer Internet & Media,Delhi-NCR,0.0,0.0,0.0,0.0,0.0,2.0,0.0,0.0,1.0,0
1060,11/01/2017,InstaOffice,Consumer Internet,CoWorking Spaces booking platform,Gurgaon,"Zishaan Hayath, Karan Chellani, Mohit Satyan",Seed Funding,,,2017-01-11,,InstaOffice,instaoffice,0.0,0.0,0,-1.0,1,0.0,1,0,Seed/Angel,Consumer Internet & Media,Delhi-NCR,0.0,0.0,0.0,0.0,0.0,3.0,0.0,0.0,1.0,0
2012,05/01/2016,Instaproc,ECommerce,B2B Procurement Marketplace for Office Products,Noida,Dinesh Agarwal,Seed Funding,,,2016-01-05,,Instaproc,instaproc,0.0,0.0,0,-1.0,1,0.0,1,0,Seed/Angel,E-Commerce,Delhi-NCR,0.00025031289111389235,0.0,1.54413417595609e-07,0.00016435886649189237,0.00016435886649189237,1.0,0.0,1.0,1.0,0
2559,27/08/2015,InstaSafe,Private Cloud Networks SAAS platform,,Bangalore,Group of Investors,Seed Funding,,,2015-08-27,,InstaSafe,instasafe,0.0,0.0,0,-1.0,1,0.0,2,1,Seed/Angel,Technology & SaaS,Bengaluru,0.0,0.0,0.0,0.0,0.0,1.0,0.0,0.0,1.0,0
1103,25/01/2017,InstaSafe,Technology,Security-as-a-Service solution provider,Bangalore,ABM Knowledgeware,Private Equity,"22,00,000",,2017-01-25,2200000.0,InstaSafe,instasafe,0.0,0.0,1,517.0,0,517.0,2,1,Private Equity,Technology & SaaS,Bengaluru,0.0,0.0,0.0,0.0,0.0,1.0,0.0,0.0,1.0,0
2376,30/10/2015,Instavans,Truck Aggregator & Logistics service,,Bangalore,Suresh Vaswani,Seed Funding,,,2015-10-30,,Instavans,instavans,0.0,0.0,0,-1.0,1,0.0,1,0,Seed/Angel,Logistics & Mobility,Bengaluru,0.0,0.0,0.0,0.0,0.0,1.0,0.0,0.0,1.0,0
1054,10/01/2017,Intelligence Node,Technology,SAAS Based Retail Analytics Solutions,Mumbai,BlackSoil Capital Pvt Ltd,Private Equity,"8,00,000",,2017-01-10,800000.0,Intelligence Node,intelligence node,0.0,0.0,0,-1.0,1,0.0,1,0,Private Equity,Technology & SaaS,Mumbai,0.00025031289111389235,0.0,5.436574580572323e-09,0.00019298932774467834,0.00019298932774467834,1.0,0.0,1.0,1.0,0
2534,18/08/2015,IntelligenceNODE,Data Analytics Platform,,Mumbai,"New Enterprise Associates, Orios Venture Partners",Private Equity,"42,00,000",Series A,2015-08-18,4200000.0,IntelligenceNODE,intelligencenode,0.0,0.0,0,-1.0,1,0.0,1,0,Private Equity,Other,Mumbai,0.0005006257822277847,0.001577460057420298,0.0006611364960252393,0.00023911949570192242,0.00023911949570192242,2.0,0.0,1.0,1.0,0
2156,11/12/2015,Intelligent Interfaces,Interface development platform for Government officials,,Bangalore,"Sachin Bansal, Binny Bansal",Seed Funding,,Yet to Launch platform,2015-12-11,,Intelligent Interfaces,intelligent interfaces,0.0,0.0,0,-1.0,1,0.0,2,1,Seed/Angel,Other,Bengaluru,0.0012515644555694616,0.010687931577880288,0.01213914455110461,0.0004861118041767175,0.0004861118041767175,2.0,0.0,1.0,1.0,0
2197,30/12/2015,Intelligent Interfaces,Interface development platform for Government officials,,Bangalore,Yuvraj Singh,Seed Funding,,Yet to Launch,2015-12-30,,Intelligent Interfaces,intelligent interfaces,0.0,0.0,1,19.0,0,19.0,2,1,Seed/Angel,Other,Bengaluru,0.0,0.0,0.0,0.0,0.0,1.0,0.0,0.0,1.0,0
1255,30/11/2016,Interviewpad,Technology,Engineering Interview facilitation platform,Pune,Krishna Rokhale,Seed Funding,"1,00,000",,2016-11-30,100000.0,Interviewpad,interviewpad,0.0,0.0,0,-1.0,1,0.0,1,0,Seed/Angel,Technology & SaaS,Pune,0.0,0.0,0.0,0.0,0.0,1.0,0.0,0.0,1.0,0
1577,07/06/2016,Intgrea,Technology,Post merger Integration Partners,Bangalore,Undisclosed Investor,Seed Funding,"1,00,000",,2016-06-07,100000.0,Intgrea,intgrea,0.0,0.0,0,-1.0,1,0.0,1,0,Seed/Angel,Technology & SaaS,Bengaluru,0.0,0.0,0.0,0.0,0.0,1.0,0.0,0.0,1.0,0
177,13/08/2018,Inthree,Consumer Internet,Rural E-commerce Platform,Chennai,"Ventureast, Orios Venture Partners and the IAN Fund",Seed/ Angel Funding,"40,00,000",,2018-08-13,4000000.0,Inthree,inthree,0.0,0.0,0,-1.0,1,0.0,1,0,Seed/Angel,Consumer Internet & Media,Chennai,0.0005006257822277847,0.001577460057420298,0.0006611364960252393,0.00023911949570192242,0.00023911949570192242,2.0,0.0,1.0,1.0,0
1806,25/04/2016,intouchapp,Consumer Internet,Contact Management Mobile App,Pune,Blume Ventures,Seed Funding,,,2016-04-25,,intouchapp,intouchapp,0.0,0.0,0,-1.0,1,0.0,1,0,Seed/Angel,Consumer Internet & Media,Pune,0.00025031289111389235,0.0,2.4573577241560827e-06,0.00014531887003520802,0.00014531887003520802,1.0,1.0,1.0,1.0,0
2877,03/03/2015,Intruo.com,,,,"Ashutosh Lawania, Alok Goel & others",Seed Funding,,,2015-03-03,,Intruo.com,intruo,0.0,0.0,0,-1.0,1,0.0,1,0,Seed/Angel,Other,Tier-2/Other,0.0,0.0,0.0,0.0,0.0,2.0,0.0,0.0,1.0,0
1109,30/01/2017,Intuit Things,Technology,IoT solutions for home automation applications,Mumbai,Sanjay Mehta & Others ( The Ten Minute Million),Seed Funding,"1,06,000",,2017-01-30,106000.0,Intuit Things,intuit things,0.0,0.0,0,-1.0,1,0.0,1,0,Seed/Angel,Technology & SaaS,Mumbai,0.0,0.0,0.0,0.0,0.0,1.0,0.0,0.0,1.0,0
921,27/04/2017,iNurture,Consumer Internet,Online Educational courses,Bangalore,BlackSoil Capital Pvt. Ltd,Private Equity,"15,00,000",,2017-04-27,1500000.0,iNurture,inurture,0.0,0.0,0,-1.0,1,0.0,2,1,Private Equity,Consumer Internet & Media,Bengaluru,0.00025031289111389235,0.0,5.436574580572323e-09,0.00019298932774467834,0.00019298932774467834,1.0,0.0,1.0,1.0,0
428,31/01/2018,iNurture,Technology,Education Solutions,Bengaluru,Ventureast,Private Equity,"44,00,000",,2018-01-31,4400000.0,iNurture,inurture,1500000.0,1500000.0,1,279.0,0,279.0,2,1,Private Equity,Technology & SaaS,Bengaluru,0.0,0.0,0.0,0.0,0.0,1.0,0.0,0.0,1.0,0
1364,12/09/2016,Inuxu,Technology,Online Advertising Solutions,Pune,Fork Media,Private Equity,"30,00,000",,2016-09-12,3000000.0,Inuxu,inuxu,0.0,0.0,0,-1.0,1,0.0,1,0,Private Equity,Technology & SaaS,Pune,0.0,0.0,0.0,0.0,0.0,1.0,0.0,0.0,1.0,0
1934,08/02/2016,Invictus Oncology,Healthcare,Cancer therapeutic Info & Solutions,New Delhi,Ratan Tata,Private Equity,,,2016-02-08,,Invictus Oncology,invictus oncology,0.0,0.0,0,-1.0,1,0.0,1,0,Private Equity,Healthcare,Delhi-NCR,0.0,0.0,0.0,0.0,0.0,1.0,0.0,0.0,1.0,0
817,11/05/2017,ION Energy,Technology,Clean Tech Startup,Mumbai,"Aakrit Vaish, Swapan Rajdev, Sushill Jiwarajka",Seed Funding,,,2017-05-11,,ION Energy,ion energy,0.0,0.0,0,-1.0,1,0.0,1,0,Seed/Angel,Technology & SaaS,Mumbai,0.0,0.0,0.0,0.0,0.0,3.0,0.0,0.0,1.0,1
2500,07/08/2015,iOrderFresh,Grocery retail Mobile app,,New Delhi,Best Foodworks,Seed Funding,,,2015-08-07,,iOrderFresh,iorderfresh,0.0,0.0,0,-1.0,1,0.0,2,1,Seed/Angel,E-Commerce,Delhi-NCR,0.0,0.0,0.0,0.0,0.0,1.0,0.0,0.0,1.0,0
956,10/03/2017,iOrderFresh,ECommerce,Online fresh fruits and grocery store,New Delhi,Singapore Angel Network,Seed Funding,,,2017-03-10,,iOrderFresh,iorderfresh,0.0,0.0,1,581.0,0,581.0,2,1,Seed/Angel,E-Commerce,Delhi-NCR,0.00025031289111389235,0.0,2.1987016027543615e-06,0.00014618287768732643,0.00014618287768732643,1.0,0.0,1.0,1.0,0
902,19/04/2017,IOTrek,Technology,IoT Platform for Bus,New Delhi,Undisclosed Investor,Seed Funding,"1,55,000",,2017-04-19,155000.0,IOTrek,iotrek,0.0,0.0,0,-1.0,1,0.0,1,0,Seed/Angel,Technology & SaaS,Delhi-NCR,0.0,0.0,0.0,0.0,0.0,1.0,0.0,0.0,1.0,0
2630,22/07/2015,Iqlect,Big Data & Analytics platform,,Bangalore,Exfinity Venture Partners,Private Equity,"20,00,000",Series A,2015-07-22,2000000.0,Iqlect,iqlect,0.0,0.0,0,-1.0,1,0.0,3,1,Private Equity,Other,Bengaluru,0.0005006257822277847,5.640500801264474e-07,0.002369353481933205,0.00022106739557454014,0.00022106739557454014,1.0,0.0,1.0,1.0,0
1823,01/03/2016,IQlect,Technology,Big Data Analytics Platform,Bangalore,"Lip-Bu Tan, Michael Marks, Nicolas Braithwaite",Private Equity,,,2016-03-01,,IQlect,iqlect,2000000.0,2000000.0,1,223.0,0,223.0,3,1,Private Equity,Technology & SaaS,Bengaluru,0.0,0.0,0.0,0.0,0.0,3.0,0.0,0.0,1.0,0
218,25/07/2018,iqlect,Technology,Data Analytics Firm,Bengaluru,Ventureast and Exfinity,Seed/ Angel Funding,"25,00,000",,2018-07-25,2500000.0,iqlect,iqlect,2000000.0,2000000.0,2,876.0,0,1099.0,3,1,Seed/Angel,Technology & SaaS,Bengaluru,0.0,0.0,0.0,0.0,0.0,1.0,0.0,0.0,1.0,0
1559,20/07/2016,iServe Financial,Consumer Internet,Loan Comparison & Deals platform,Pune,Nilesh Shah,Seed Funding,,,2016-07-20,,iServe Financial,iserve financial,0.0,0.0,0,-1.0,1,0.0,1,0,Seed/Angel,Consumer Internet & Media,Pune,0.0,0.0,0.0,0.0,0.0,1.0,0.0,0.0,1.0,0
1065,13/01/2017,iService,Consumer Internet,Gadgets Repair & Service Booking platform,Bangalore,"Blume Ventures, Girish Mathrubootham, Aprameya Radhakrishna",Seed Funding,"4,40,000",,2017-01-13,440000.0,iService,iservice,0.0,0.0,0,-1.0,1,0.0,1,0,Seed/Angel,Consumer Internet & Media,Bengaluru,0.00025031289111389235,0.0,2.4573577241560827e-06,0.00014531887003520802,0.00014531887003520802,3.0,1.0,1.0,1.0,0
1297,14/10/2016,ISFC,Finance,Education Sector Lending,Hyderabad,Gray Matters Capital,Private Equity,"60,00,000",,2016-10-14,6000000.0,ISFC,isfc,0.0,0.0,0,-1.0,1,0.0,1,0,Private Equity,FinTech,Hyderabad,0.0,0.0,0.0,0.0,0.0,1.0,0.0,0.0,1.0,0
2707,15/06/2015,iSTAR,Skill Training & Placement Platform,,Bangalore,Unitus Seed Fund,Private Equity,,Series A,2015-06-15,,iSTAR,istar,0.0,0.0,0,-1.0,1,0.0,1,0,Private Equity,Technology & SaaS,Bengaluru,0.0,0.0,0.0,0.0,0.0,1.0,0.0,0.0,1.0,0
2222,09/11/2015,iStar Skill Development,Skill Training Startup,,Bangalore,"Michael & Susan Dell Foundation, Unitus Seed Fund",Private Equity,"15,00,000",Series A,2015-11-09,1500000.0,iStar Skill Development,istar skill development,0.0,0.0,0,-1.0,1,0.0,1,0,Private Equity,Technology & SaaS,Bengaluru,0.00025031289111389235,0.0,3.2098515767934743e-06,0.00015208866881212692,0.00015208866881212692,2.0,0.0,1.0,1.0,0
1928,08/02/2016,iStyleYou,Consumer Internet,Personal Fashion Stylist App,Gurgaon,Green House Ventures (GHV),Seed Funding,"1,00,000",,2016-02-08,100000.0,iStyleYou,istyleyou,0.0,0.0,0,-1.0,1,0.0,1,0,Seed/Angel,Consumer Internet & Media,Delhi-NCR,0.0,0.0,0.0,0.0,0.0,1.0,0.0,0.0,1.0,0
982,29/03/2017,Ithaka,Consumer Internet,Vacation Trip Planning platform,Mumbai,"Ankit Gupta, Puneet Motihar",Seed Funding,"3,25,000",,2017-03-29,325000.0,Ithaka,ithaka,0.0,0.0,0,-1.0,1,0.0,1,0,Seed/Angel,Consumer Internet & Media,Mumbai,0.0,0.0,0.0,0.0,0.0,2.0,0.0,0.0,1.0,0
2968,16/02/2015,iTraveller.com,,,,ah! Ventures,Private Equity,"10,00,000",Series A,2015-02-16,1000000.0,iTraveller.com,itraveller,0.0,0.0,0,-1.0,1,0.0,1,0,Private Equity,Other,Tier-2/Other,0.0012515644555694616,0.0034676545481551486,0.00024930596051947864,0.0005595823330734198,0.0005595823330734198,1.0,0.0,1.0,1.0,0
2966,13/02/2015,Itzcash,,,,Ashok Goel (promoter),Private Equity,"1,65,00,000",Promoter Commitment,2015-02-13,16500000.0,Itzcash,itzcash,0.0,0.0,0,-1.0,1,0.0,1,0,Private Equity,Other,Tier-2/Other,0.0,0.0,0.0,0.0,0.0,1.0,0.0,0.0,1.0,0
2726,22/06/2015,Ixigo,Travel Search Engine,,Gurgaon,Micromax Informatics,Private Equity,,Strategic Investment,2015-06-22,,Ixigo,ixigo,0.0,0.0,0,-1.0,1,0.0,2,1,Private Equity,Other,Delhi-NCR,0.0,0.0,0.0,0.0,0.0,1.0,0.0,0.0,2.0,1
972,23/03/2017,Ixigo,Consumer Internet,Online Travel Search Engine,Gurgaon,"Sequoia Capital, Kinzon Capital",Private Equity,"1,50,00,000",,2017-03-23,15000000.0,Ixigo,ixigo,0.0,0.0,1,640.0,0,640.0,2,1,Private Equity,Consumer Internet & Media,Delhi-NCR,0.004005006257822278,0.059859204892582674,0.09566198113272546,0.001413958516141685,0.001413958516141685,2.0,1.0,1.0,2.0,1
2549,24/08/2015,iZofy,Scientific Horoscope Online Assistance platform,,Kolkata,Prime Capital Markets Ltd,Seed Funding,,,2015-08-24,,iZofy,izofy,0.0,0.0,0,-1.0,1,0.0,1,0,Seed/Angel,Other,Tier-2/Other,0.00025031289111389235,0.0,1.353352185599358e-06,0.00015481537940763035,0.00015481537940763035,1.0,0.0,1.0,1.0,0
2865,28/04/2015,Jay Robotix,Robotic Program learning,,Hyderabad,Cross Border Angels & others,Seed Funding,"2,50,000",,2015-04-28,250000.0,Jay Robotix,jay robotix,0.0,0.0,0,-1.0,1,0.0,1,0,Seed/Angel,Other,Hyderabad,0.00025031289111389235,0.0,1.54413417595609e-07,0.00016435886649189237,0.00016435886649189237,1.0,0.0,1.0,1.0,0
1976,19/02/2016,Jaypore,ECommerce,Ethnic Products marketplace,New Delhi,Aavishkaar,Private Equity,"50,00,000",,2016-02-19,5000000.0,Jaypore,jaypore,0.0,0.0,0,-1.0,1,0.0,1,0,Private Equity,E-Commerce,Delhi-NCR,0.000750938673341677,0.0017407734192296477,7.261816513464656e-05,0.0003409138563562516,0.0003409138563562516,1.0,0.0,1.0,1.0,0
1596,11/06/2016,Jazzmyride,eCommerce,Auto Parts & Accessories eTailer,New Delhi,TVS Automobile Solutions Ltd,Private Equity,,,2016-06-11,,Jazzmyride,jazzmyride,0.0,0.0,0,-1.0,1,0.0,1,0,Private Equity,E-Commerce,Delhi-NCR,0.0,0.0,0.0,0.0,0.0,1.0,0.0,0.0,1.0,0
2640,23/07/2015,JetSetGo,Private Jet/ Helicopter Marketplace,,New Delhi,YourWeCan Ventures,Seed Funding,,,2015-07-23,,JetSetGo,jetsetgo,0.0,0.0,0,-1.0,1,0.0,2,1,Seed/Angel,E-Commerce,Delhi-NCR,0.0,0.0,0.0,0.0,0.0,1.0,0.0,0.0,1.0,0
2158,14/12/2015,JetSetGo,Private Jet Bookings Marketplace,,Bangalore,Puneet Dalmia,Private Equity,,,2015-12-14,,JetSetGo,jetsetgo,0.0,0.0,1,144.0,0,144.0,2,1,Private Equity,E-Commerce,Bengaluru,0.0,0.0,0.0,0.0,0.0,1.0,0.0,0.0,1.0,0
990,31/03/2017,Jhakaas,Consumer Internet,Offline Business Aggregator App,Mumbai,"Malini Patel, Stelcore Management Services, Anjani Prasad",Seed Funding,"1,55,000",,2017-03-31,155000.0,Jhakaas,jhakaas,0.0,0.0,0,-1.0,1,0.0,2,1,Seed/Angel,Consumer Internet & Media,Mumbai,0.00025031289111389235,0.0,0.002253627186395401,0.0001310338692853393,0.0001310338692853393,3.0,0.0,1.0,1.0,0
718,28/07/2017,Jhakaas,Consumer Internet,App-based Aggregator of Offline Businesses,Mumbai,Amen Dhyllon,Seed Funding,,,2017-07-28,,Jhakaas,jhakaas,155000.0,155000.0,1,119.0,0,119.0,2,1,Seed/Angel,Consumer Internet & Media,Mumbai,0.0,0.0,0.0,0.0,0.0,1.0,0.0,0.0,1.0,0
2713,17/06/2015,Jiffstore,Online Grocery platform,,Bangalore,"Unitus Seed Fund, Times Internet",Seed Funding,,additional funding round,2015-06-17,,Jiffstore,jiffstore,0.0,0.0,0,-1.0,1,0.0,1,0,Seed/Angel,Other,Bengaluru,0.0,0.0,0.0,0.0,0.0,2.0,0.0,0.0,1.0,0
2136,09/12/2015,Jigsaw Academy,Online School for Analytics learning,,Bangalore,Manipal Global Education Services,Private Equity,"30,00,000",Series A,2015-12-09,3000000.0,Jigsaw Academy,jigsaw academy,0.0,0.0,0,-1.0,1,0.0,1,0,Private Equity,Other,Bengaluru,0.00025031289111389235,0.0,0.002253627186395401,0.0001310338692853393,0.0001310338692853393,1.0,0.0,1.0,1.0,0
1605,14/06/2016,Jivox,Technology,Data Driven Advertising platform,Bangalore,"You & Mr Jones, Fortisure Ventures, Diaz Nesamoney",Private Equity,"60,00,000",,2016-06-14,6000000.0,Jivox,jivox,0.0,0.0,0,-1.0,1,0.0,1,0,Private Equity,Technology & SaaS,Bengaluru,0.0,0.0,0.0,0.0,0.0,3.0,0.0,0.0,1.0,0
2349,21/10/2015,Jiyo Natural,Healthy Meals Food delivery platform,,Bangalore,Indian Angel Network,Seed Funding,,,2015-10-21,,Jiyo Natural,jiyo natural,0.0,0.0,0,-1.0,1,0.0,1,0,Seed/Angel,Healthcare,Bengaluru,0.002002503128911139,0.01032696862918804,0.03555811791464255,0.0008020854002554353,0.0008020854002554353,1.0,0.0,1.0,1.0,0
2055,15/01/2016,Jobick,Consumer Internet,Mobile app based Job Search,Noida,Abhinav Mathur,Seed Funding,,,2016-01-15,,Jobick,jobick,0.0,0.0,0,-1.0,1,0.0,1,0,Seed/Angel,Consumer Internet & Media,Delhi-NCR,0.0,0.0,0.0,0.0,0.0,1.0,0.0,0.0,1.0,0
2390,03/09/2015,Jobspire,Job Search Platform,,Bangalore,Purvi Capital,Seed Funding,"2,60,000",,2015-09-03,260000.0,Jobspire,jobspire,0.0,0.0,0,-1.0,1,0.0,1,0,Seed/Angel,Other,Bengaluru,0.0,0.0,0.0,0.0,0.0,1.0,0.0,0.0,1.0,0
2137,09/12/2015,JoeHukum,Chat based personal Assistant App,,Gurgaon,"TracxnLabs, Jitendra Gupta, Prashant Tandon",Seed Funding,,,2015-12-09,,JoeHukum,joehukum,0.0,0.0,0,-1.0,1,0.0,2,1,Seed/Angel,Other,Delhi-NCR,0.001501877346683354,0.007752428297823025,0.03332533885000977,0.0005184611877695184,0.0005184611877695184,3.0,0.0,1.0,1.0,0
1384,20/09/2016,JoeHukum,Technology,Enterprise customer engagement solutions,New Delhi,Sumit Jain,Seed Funding,,,2016-09-20,,JoeHukum,joehukum,0.0,0.0,1,286.0,0,286.0,2,1,Seed/Angel,Technology & SaaS,Delhi-NCR,0.0,0.0,0.0,0.0,0.0,1.0,0.0,0.0,1.0,0
1041,27/02/2017,Johari Shop,ECommerce,Online Jewellery etailer,Bangalore,Undisclosed Investors,Seed Funding,"94,000",,2017-02-27,94000.0,Johari Shop,johari shop,0.0,0.0,0,-1.0,1,0.0,1,0,Seed/Angel,E-Commerce,Bengaluru,0.0,0.0,0.0,0.0,0.0,1.0,0.0,0.0,1.0,0
2547,24/08/2015,Jolly Food Fellow,Food Customer analytics platform,,Ahmedabad,The 1947,Seed Funding,"3,00,000",,2015-08-24,300000.0,Jolly Food Fellow,jolly food fellow,0.0,0.0,0,-1.0,1,0.0,1,0,Seed/Angel,Food & Beverage,Ahmedabad,0.0,0.0,0.0,0.0,0.0,1.0,0.0,0.0,1.0,0
1861,11/03/2016,JollyFoodFellow,Technology,Food Related Marketing & Branding platform,Ahmedabad,Janak Parikh,Seed Funding,,,2016-03-11,,JollyFoodFellow,jollyfoodfellow,0.0,0.0,0,-1.0,1,0.0,1,0,Seed/Angel,Technology & SaaS,Ahmedabad,0.0,0.0,0.0,0.0,0.0,1.0,0.0,0.0,1.0,0
2364,27/10/2015,Jombay,Psychometric Test Online Software,,Pune,Ventureworks India,Private Equity,,,2015-10-27,,Jombay,jombay,0.0,0.0,0,-1.0,1,0.0,1,0,Private Equity,Technology & SaaS,Pune,0.0,0.0,0.0,0.0,0.0,1.0,0.0,0.0,1.0,0
1449,16/08/2016,Joolz,eCommerce,Online Jewellery Store,Mumbai,"Powerhouse Ventures, M&S Partners",Private Equity,"5,00,000",,2016-08-16,500000.0,Joolz,joolz,0.0,0.0,0,-1.0,1,0.0,1,0,Private Equity,E-Commerce,Mumbai,0.0,0.0,0.0,0.0,0.0,2.0,0.0,0.0,1.0,0
499,15/11/2017,Josh Talks,Inspiration,Storytelling platform,Gurgaon,"Girish Mathrubootham, Apurva Chamaria, Rohit Chanana",Private Equity,,,2017-11-15,,Josh Talks,josh talks,0.0,0.0,0,-1.0,1,0.0,1,0,Private Equity,Other,Delhi-NCR,0.0,0.0,0.0,0.0,0.0,3.0,0.0,0.0,1.0,0
1942,10/02/2016,JoulestoWatts,Technology,IT services & Talent collaboration services startup,Bangalore,Manipal Global Education Services,Seed Funding,,,2016-02-10,,JoulestoWatts,joulestowatts,0.0,0.0,0,-1.0,1,0.0,1,0,Seed/Angel,Technology & SaaS,Bengaluru,0.00025031289111389235,0.0,0.002253627186395401,0.0001310338692853393,0.0001310338692853393,1.0,0.0,1.0,1.0,0
2629,21/07/2015,Joy by nature,Organic Food ecommerce,,New Delhi,"Mumbai Angels, Vriddhi Fund, Others",Private Equity,"10,00,000",Series A,2015-07-21,1000000.0,Joy by nature,joy by nature,0.0,0.0,0,-1.0,1,0.0,1,0,Private Equity,E-Commerce,Delhi-NCR,0.0017521902377972466,0.010975312042205362,0.00961306277325317,0.0007274642447918312,0.0007274642447918312,3.0,0.0,1.0,1.0,0
2451,23/09/2015,Juggernaut,Digital & Physical Publishing platform,,New Delhi,"William Bissell, Neeraj Aggarwal, Nandan Nilekani",Private Equity,"22,50,000",Series A,2015-09-23,2250000.0,Juggernaut,juggernaut,0.0,0.0,0,-1.0,1,0.0,1,0,Private Equity,Other,Delhi-NCR,0.0,0.0,0.0,0.0,0.0,3.0,0.0,0.0,1.0,0
2855,23/04/2015,Jugnoo,Auto Rickshaw based Logistics,,Chandigarh,"Rakesh Mathur, Vikas Taneja & others",Seed Funding,"10,00,000",,2015-04-23,1000000.0,Jugnoo,jugnoo,0.0,0.0,0,-1.0,1,0.0,5,1,Seed/Angel,Logistics & Mobility,Tier-2/Other,0.0,0.0,0.0,0.0,0.0,2.0,0.0,0.0,1.0,0
2693,05/06/2015,Jugnoo,Auto Rickshaw Based Services,,Chandigarh,"Snow Leopard, Paytm",Private Equity,"50,00,000",Series A,2015-06-05,5000000.0,Jugnoo,jugnoo,1000000.0,1000000.0,1,43.0,0,43.0,5,1,Private Equity,Other,Tier-2/Other,0.00025031289111389235,0.0,5.436574580572323e-09,0.00019298932774467834,0.00019298932774467834,2.0,0.0,1.0,1.0,0
2382,31/10/2015,Jugnoo,Autorickshaw Aggregator & Booking platform,,Chandigarh,Paytm,Private Equity,"1,00,00,000",Series B,2015-10-31,10000000.0,Jugnoo,jugnoo,6000000.0,5000000.0,2,148.0,0,191.0,5,1,Private Equity,Other,Tier-2/Other,0.00025031289111389235,0.0,5.436574580572323e-09,0.00019298932774467834,0.00019298932774467834,1.0,0.0,1.0,1.0,0
1952,15/02/2016,Jugnoo,Consumer Internet,Transportation & On-demand delivery aggregator,Chandigarh,Saumya Tandon,Private Equity,,,2016-02-15,,Jugnoo,jugnoo,16000000.0,10000000.0,3,107.0,0,298.0,5,1,Private Equity,Consumer Internet & Media,Tier-2/Other,0.0,0.0,0.0,0.0,0.0,1.0,0.0,0.0,1.0,0
1785,18/04/2016,Jugnoo,Consumer Internet,On-demand Delivery & Logistics platform,Chandigarh,Paytm & existing investors,Private Equity,"1,00,00,000",,2016-04-18,10000000.0,Jugnoo,jugnoo,16000000.0,10000000.0,4,63.0,0,361.0,5,1,Private Equity,Consumer Internet & Media,Tier-2/Other,0.00025031289111389235,0.0,5.436574580572323e-09,0.00019298932774467834,0.00019298932774467834,1.0,0.0,1.0,1.0,0
2240,17/11/2015,Julia Computing,Numerical Computing & Data Science Platform,,Bangalore,Gordon and Betty Moore Foundation,Seed Funding,"6,00,000",,2015-11-17,600000.0,Julia Computing,julia computing,0.0,0.0,0,-1.0,1,0.0,2,1,Seed/Angel,Other,Bengaluru,0.0,0.0,0.0,0.0,0.0,1.0,0.0,0.0,1.0,0
768,22/06/2017,Julia Computing,Technology,Open Source Language for Data Science and Machine Learning,Bangalore,"General Catalyst, Founder Collective",Private Equity,"46,00,000",,2017-06-22,4600000.0,Julia Computing,julia computing,600000.0,600000.0,1,583.0,0,583.0,2,1,Private Equity,Technology & SaaS,Bengaluru,0.0012515644555694616,0.013281980711769921,0.013669906013816737,0.0004576813841907588,0.0004576813841907588,2.0,0.0,1.0,1.0,0
2140,09/12/2015,JumboBasket,eCommerce returns etailer,,Chandigarh,Chandigarh Angels Network,Seed Funding,,,2015-12-09,,JumboBasket,jumbobasket,0.0,0.0,0,-1.0,1,0.0,1,0,Seed/Angel,E-Commerce,Tier-2/Other,0.00025031289111389235,0.0,1.54413417595609e-07,0.00016435886649189237,0.00016435886649189237,1.0,0.0,1.0,1.0,0
681,05/07/2017,Jumbotail,eCommerce,online marketplace for food and grocery,Bangalore,"Kalaari Capital, Nexus India Capital Advisors",Private Equity,"85,00,000",,2017-07-05,8500000.0,Jumbotail,jumbotail,0.0,0.0,0,-1.0,1,0.0,1,0,Private Equity,E-Commerce,Bengaluru,0.0025031289111389233,0.013397154605961893,0.0017630362707794693,0.0010197165577911919,0.0005850862710533032,2.0,1.0,1.0,2.0,1
941,06/03/2017,Juno Clinic,Consumer Internet,Online Counseling Platform,Mumbai,Atul Nishar,Seed Funding,"12,00,000",,2017-03-06,1200000.0,Juno Clinic,juno clinic,0.0,0.0,0,-1.0,1,0.0,1,0,Seed/Angel,Consumer Internet & Media,Mumbai,0.0,0.0,0.0,0.0,0.0,1.0,0.0,0.0,1.0,0
1998,25/02/2016,Juspay,Consumer Internet,Digital Payments solutions,Bangalore,"Accel Partners, Ashish Hemrajani, Parikshit Dar, Rajesh Balpande",Private Equity,"58,00,000",,2016-02-25,5800000.0,Juspay,juspay,0.0,0.0,0,-1.0,1,0.0,1,0,Private Equity,Consumer Internet & Media,Bengaluru,0.0025031289111389233,0.03180691231866443,0.01397423501569189,0.0009597977221441899,0.0004177181523516337,4.0,1.0,1.0,2.0,1
2476,03/08/2015,Jusride,Self Driven Car rental,,Mumbai,"Alok Mittal, Zeeshan Hayat, Niraj Singh, Nikunj Jain, Anirudh Damani, Punit Goyal",Seed Funding,,,2015-08-03,,Jusride,jusride,0.0,0.0,0,-1.0,1,0.0,1,0,Seed/Angel,Other,Mumbai,0.0,0.0,0.0,0.0,0.0,6.0,0.0,0.0,1.0,0
2069,20/01/2016,Just Buy Live,ECommerce,B2B Marketplace for Distributors,Mumbai,Alpha Capital,Private Equity,"2,00,00,000",,2016-01-20,20000000.0,Just Buy Live,just buy live,0.0,0.0,0,-1.0,1,0.0,1,0,Private Equity,E-Commerce,Mumbai,0.0,0.0,0.0,0.0,0.0,1.0,0.0,0.0,1.0,0
1186,29/12/2016,Justbooks,Consumer Internet,Library Chain Aggregator,Bangalore,CoCreate Ventures,Seed Funding,,,2016-12-29,,Justbooks,justbooks,0.0,0.0,0,-1.0,1,0.0,1,0,Seed/Angel,Consumer Internet & Media,Bengaluru,0.0,0.0,0.0,0.0,0.0,1.0,0.0,0.0,1.0,0
2021,06/01/2016,Justdakhila.com,Education,School Student admissions platform,New Delhi,Ankur Gupta,Seed Funding,"7,50,000",,2016-01-06,750000.0,Justdakhila.com,justdakhila,0.0,0.0,0,-1.0,1,0.0,1,0,Seed/Angel,EdTech,Delhi-NCR,0.0,0.0,0.0,0.0,0.0,1.0,0.0,0.0,1.0,0
2096,28/01/2016,JustDoc,Consumer Interne,Medical Video Consultation platform,Bangalore,"TV Mohandas Pai, Mohit Saxena, Raghunandan G, Singapore Angel Network, TracxnLabs",Seed Funding,,,2016-01-28,,JustDoc,justdoc,0.0,0.0,0,-1.0,1,0.0,1,0,Seed/Angel,Other,Bengaluru,0.00025031289111389235,0.0,2.1987016027543615e-06,0.00014618287768732643,0.00014618287768732643,5.0,0.0,1.0,1.0,0
1383,20/09/2016,JustLikeNew,eCommerce,Online gadget Repair Services Marketplace,Hyderabad,LetsVenture,Seed Funding,"5,00,000",,2016-09-20,500000.0,JustLikeNew,justlikenew,0.0,0.0,0,-1.0,1,0.0,1,0,Seed/Angel,E-Commerce,Hyderabad,0.00025031289111389235,0.0,0.0014541392121809268,0.00013664812728624517,0.00013664812728624517,1.0,0.0,1.0,1.0,0
2279,27/11/2015,JustRide,Self Driven Rental Car Platform,,Mumbai,,Private Equity,"20,00,000",Pre-Series A bridge round,2015-11-27,2000000.0,JustRide,justride,0.0,0.0,0,-1.0,1,0.0,3,1,Private Equity,Other,Mumbai,0.0,0.0,0.0,0.0,0.0,0.0,0.0,0.0,1.0,0
1855,09/03/2016,Justride,Consumer Internet,Self Drive Car Rental,Mumbai,Dheeraj Jain & Other angel investors,Seed Funding,"4,00,000",,2016-03-09,400000.0,Justride,justride,2000000.0,2000000.0,1,103.0,0,103.0,3,1,Seed/Angel,Consumer Internet & Media,Mumbai,0.000750938673341677,2.0055113960051465e-06,5.212874231067168e-07,0.00039636782498119144,0.00039636782498119144,1.0,0.0,1.0,1.0,0
1204,07/11/2016,JustRide,Consumer Internet,Online Car Sharing platform,Mumbai,"Justin Kan, Qasar Younis, Paul Bucche, Susa Ventures, Kima Ventures, Axan Venture, SCM Holdings",Private Equity,"30,00,000",,2016-11-07,3000000.0,JustRide,justride,2400000.0,400000.0,2,243.0,0,346.0,3,1,Private Equity,Consumer Internet & Media,Mumbai,0.0,0.0,0.0,0.0,0.0,7.0,0.0,0.0,1.0,0
2686,03/06/2015,KAARYAH,Women Lifestyle Marketplace,,Gurgaon,Ratan Tata,Seed Funding,,,2015-06-03,,KAARYAH,kaaryah,0.0,0.0,0,-1.0,1,0.0,2,1,Seed/Angel,E-Commerce,Delhi-NCR,0.0,0.0,0.0,0.0,0.0,1.0,0.0,0.0,1.0,0
2117,02/12/2015,Kaaryah,Womens Fashion Wear Portal,,New Delhi,"The Saha Fund, TV Mohandas Pai",Private Equity,,Pre-Series A,2015-12-02,,Kaaryah,kaaryah,0.0,0.0,1,182.0,0,182.0,2,1,Private Equity,Other,Delhi-NCR,0.0,0.0,0.0,0.0,0.0,2.0,0.0,0.0,1.0,0
1643,24/06/2016,KabadiExpress,Others,Free Door Step Scrap Pickup Service,New Delhi,Undisclosed investor,Seed Funding,"1,48,000",,2016-06-24,148000.0,KabadiExpress,kabadiexpress,0.0,0.0,0,-1.0,1,0.0,1,0,Seed/Angel,Other,Delhi-NCR,0.0,0.0,0.0,0.0,0.0,1.0,0.0,0.0,1.0,0
101,10/04/2019,Kabadiwala,E-commerce,Waste Management,Bhopal,"Unilever, Beehive Capital Advisor, ABCOM Investments, Parekh Marine Transport,",Private Equity,"4,30,665",,2019-04-10,430665.0,Kabadiwala,kabadiwala,0.0,0.0,0,-1.0,1,0.0,1,0,Private Equity,E-Commerce,Tier-2/Other,0.00025031289111389235,0.0,2.2213171803151287e-05,0.00015045598431541468,0.00015045598431541468,4.0,0.0,1.0,1.0,0
1412,30/09/2016,Kalaage,Consumer Internet,Social Networking Platform for Writers,Jaipur,Rajasthan Angel Innovators Network,Seed Funding,,,2016-09-30,,Kalaage,kalaage,0.0,0.0,0,-1.0,1,0.0,1,0,Seed/Angel,Consumer Internet & Media,Jaipur,0.0,0.0,0.0,0.0,0.0,1.0,0.0,0.0,1.0,0
288,09/04/2018,Kaleidofin,Fiinance,Digital Financial Services Platform,Chennai,Omidyar Network. Blume Ventures and Professor Shlomo Ben-Haim,Seed / Angel Funding,"28,00,000",,2018-04-09,2800000.0,Kaleidofin,kaleidofin,0.0,0.0,0,-1.0,1,0.0,1,0,Seed/Angel,Other,Chennai,0.0010012515644555694,0.007109553316259028,0.013758018688313459,0.0003983214631420374,0.0003983214631420374,1.0,1.0,1.0,1.0,0
477,03/11/2017,Kalpnik Technologies,Technology,VR based Spiritual platform,Bangalore,Venture Catalysts,Seed Funding,"5,00,000",,2017-11-03,500000.0,Kalpnik Technologies,kalpnik,0.0,0.0,0,-1.0,1,0.0,1,0,Seed/Angel,Technology & SaaS,Bengaluru,0.006508135168961201,0.04017278424458088,0.35498683772439593,0.0024836634434645655,0.0024836634434645655,1.0,0.0,1.0,1.0,0
501,17/11/2017,Kanhaiya,Inspiration,Storytelling platform,Hyderabad,Undisclosed Investors,Seed/Angel Funding,"2,00,000",,2017-11-17,200000.0,Kanhaiya,kanhaiya,0.0,0.0,0,-1.0,1,0.0,1,0,Seed/Angel,Other,Hyderabad,0.0,0.0,0.0,0.0,0.0,1.0,0.0,0.0,1.0,0
2678,02/06/2015,Karma Healthcare,Tech-enabled Rural Healthcare Services,,Udaipur,Ennovent Impact Investment Holding,Private Equity,,Series A,2015-06-02,,Karma Healthcare,karma healthcare,0.0,0.0,0,-1.0,1,0.0,2,1,Private Equity,Healthcare,Tier-2/Other,0.0,0.0,0.0,0.0,0.0,1.0,0.0,0.0,1.0,0
336,19/03/2018,Karma Healthcare,Healthcare,Technology enabled equitable healthcare for India,Udaipur,"1Crowd, Ankur Capital",Seed / Angel Funding,"5,00,000",,2018-03-19,500000.0,Karma Healthcare,karma healthcare,0.0,0.0,1,1021.0,0,1021.0,2,1,Seed/Angel,Healthcare,Tier-2/Other,0.0005006257822277847,0.0009472281012256808,0.011202745062981861,0.00023462760148550098,0.00017358196388930872,2.0,0.0,1.0,1.0,0
2710,16/06/2015,Karma Recycling,Electronic Goods recycling service,,Delhi,"Infuse Ventures, Low Carbon Enterprise Fund",Private Equity,,Series A,2015-06-16,,Karma Recycling,karma recycling,0.0,0.0,0,-1.0,1,0.0,1,0,Private Equity,Other,Delhi-NCR,0.0,0.0,0.0,0.0,0.0,2.0,0.0,0.0,1.0,0
1362,10/09/2016,KarmaCircles,Consumer Internet,Peer-to-peer Social Learning platform,New Delhi,"Harinder Takhar, Zain Raj, Dr. Prasad Kaipa, Abaran Deep, Aseem Sood, Mustafa Patni",Seed Funding,,,2016-09-10,,KarmaCircles,karmacircles,0.0,0.0,0,-1.0,1,0.0,1,0,Seed/Angel,Consumer Internet & Media,Delhi-NCR,0.0,0.0,0.0,0.0,0.0,6.0,0.0,0.0,1.0,0
930,02/03/2017,Karomi,Technology,Packaging Artwork Management software,Chennai,Ideaspring Capital,Seed Funding,"5,00,000",,2017-03-02,500000.0,Karomi,karomi,0.0,0.0,0,-1.0,1,0.0,1,0,Seed/Angel,Technology & SaaS,Chennai,0.0,0.0,0.0,0.0,0.0,1.0,0.0,0.0,1.0,0
2058,18/01/2016,Kartrocket,Consumer Internet,SAAS DIY\\xc2\\xa0 ECommerce Platform,New Delhi,"Bertelsmann India Investments, Nirvana Digital India Fund, Nirvana Digital Investment Holding, 500 Startups",Private Equity,"60,00,000",,2016-01-18,6000000.0,Kartrocket,kartrocket,0.0,0.0,0,-1.0,1,0.0,2,1,Private Equity,Consumer Internet & Media,Delhi-NCR,0.00025031289111389235,0.0,3.63414446275521e-08,0.00017390235357615433,0.00017390235357615433,4.0,0.0,1.0,1.0,0
1848,08/03/2016,Kartrocket,ECommerce,ECommerce SAAS platform,New Delhi,"Undisclosed Japanese investor, Bertelsmann India Investments, Nirvana Digital India Fund, Nirvana Digital Investment Holding Co Ltd, 500 Start-Ups",Private Equity,"80,00,000",,2016-03-08,8000000.0,Kartrocket,kartrocket,6000000.0,6000000.0,1,50.0,0,50.0,2,1,Private Equity,E-Commerce,Delhi-NCR,0.00025031289111389235,0.0,3.63414446275521e-08,0.00017390235357615433,0.00017390235357615433,5.0,0.0,1.0,1.0,0
228,04/06/2018,Kashmir Box,E-Commerce,"Online Marketplace For Handicrafts, Handlooms And Local Produce",Srinagar,"Bhairavi Jani, Alok Divatia, Namrata Kaul, Sohail Hashemi, Aijaz Saleem",Seed/ Angel Funding,,,2018-06-04,,Kashmir Box,kashmir box,0.0,0.0,0,-1.0,1,0.0,1,0,Seed/Angel,E-Commerce,Tier-2/Other,0.0,0.0,0.0,0.0,0.0,5.0,0.0,0.0,1.0,0
2813,04/04/2015,KeepTrax,Location Based App,,Dallas / Hyderabad,,Seed Funding,"10,00,000",,2015-04-04,1000000.0,KeepTrax,keeptrax,0.0,0.0,0,-1.0,1,0.0,1,0,Seed/Angel,Other,Hyderabad,0.0,0.0,0.0,0.0,0.0,0.0,0.0,0.0,1.0,0
1075,17/01/2017,Ketchupp,Consumer Internet,Food Discovery Platform,New Delhi,India Quotient and others,Seed Funding,"4,41,000",,2017-01-17,441000.0,Ketchupp,ketchupp,0.0,0.0,0,-1.0,1,0.0,1,0,Seed/Angel,Consumer Internet & Media,Delhi-NCR,0.0012515644555694616,0.0015831233045289707,0.0017614729921763422,0.000554745742038456,0.000554745742038456,1.0,0.0,1.0,1.0,0
2623,16/07/2015,Ketto,Crowd Funding Platform,,Mumbai,"Pradyumna Dalmia, Sudhir Rao & Others",Seed Funding,"7,00,000",,2015-07-16,700000.0,Ketto,ketto,0.0,0.0,0,-1.0,1,0.0,2,1,Seed/Angel,Other,Mumbai,0.0,0.0,0.0,0.0,0.0,2.0,0.0,0.0,1.0,0
2493,06/08/2015,Ketto,Crowd funding platform,,Mumbai,"Chennai Angels, Calcutta Angels, ah! Ventures, Intellecap Impact Investment Network, Indus Age Partners, Singapore Angel Network, India Internet Fund, LetsVenture",Seed Funding,"7,00,000",,2015-08-06,700000.0,Ketto,ketto,700000.0,700000.0,1,21.0,0,21.0,2,1,Seed/Angel,Other,Mumbai,0.0012515644555694616,0.0034676545481551486,0.0014541392121809268,0.0005595823330734198,0.00027119357508629215,8.0,0.0,1.0,1.0,0
1599,13/06/2016,KhanaGadi,Consumer Internet,Online Food Delivery for Train Travelers,Jaipur,50K Ventures,Seed Funding,,,2016-06-13,,KhanaGadi,khanagadi,0.0,0.0,0,-1.0,1,0.0,1,0,Seed/Angel,Consumer Internet & Media,Jaipur,0.0,0.0,0.0,0.0,0.0,1.0,0.0,0.0,1.0,0
1389,21/09/2016,Khel Now,Consumer Internet,Mobile-based social networking platform,New Delhi,Anglian Omega Network,Seed Funding,"3,50,000",,2016-09-21,350000.0,Khel Now,khel now,0.0,0.0,0,-1.0,1,0.0,2,1,Seed/Angel,Consumer Internet & Media,Delhi-NCR,0.0012515644555694616,0.004638772999889398,7.508484863299938e-05,0.0005537048140257201,0.0005537048140257201,1.0,0.0,1.0,1.0,0
1096,24/01/2017,Khel Now,Consumer Internet,Mobile-based Social Platform for Sports,Bangalore,Indochine International,Private Equity,"5,00,000",,2017-01-24,500000.0,Khel Now,khel now,350000.0,350000.0,1,125.0,0,125.0,2,1,Private Equity,Consumer Internet & Media,Bengaluru,0.0,0.0,0.0,0.0,0.0,1.0,0.0,0.0,1.0,0
1593,10/06/2016,Kickstart Jobs,Technology,Entry level hiring platform,Gurgaon,"Vivek Joshi, Mohit Satyanand, Amit Banati, Arun Khanna",Seed Funding,,,2016-06-10,,Kickstart Jobs,kickstart jobs,0.0,0.0,0,-1.0,1,0.0,1,0,Seed/Angel,Technology & SaaS,Delhi-NCR,0.0,0.0,0.0,0.0,0.0,4.0,0.0,0.0,1.0,0
214,24/07/2018,kidovators,Ed-Tech,Skill Learning Platform,Bengaluru,Gray Matters,Seed/ Angel Funding,"1,80,000",,2018-07-24,180000.0,kidovators,kidovators,0.0,0.0,0,-1.0,1,0.0,1,0,Seed/Angel,Other,Bengaluru,0.0,0.0,0.0,0.0,0.0,1.0,0.0,0.0,1.0,0
1299,14/10/2016,Kidsstoppress,Consumer Internet,Parenting and Baby care Platform,Mumbai,Karan Bhagat,Seed Funding,,,2016-10-14,,Kidsstoppress,kidsstoppress,0.0,0.0,0,-1.0,1,0.0,1,0,Seed/Angel,Consumer Internet & Media,Mumbai,0.0,0.0,0.0,0.0,0.0,1.0,0.0,0.0,1.0,0
199,10/07/2018,Kinara Capital,Finance,Lending Platform For Micro and Small Enterprises,Bengaluru,ResponsAbility,Private Equity,"50,00,000",,2018-07-10,5000000.0,Kinara Capital,kinara capital,0.0,0.0,0,-1.0,1,0.0,1,0,Private Equity,FinTech,Bengaluru,0.00025031289111389235,0.0,2.215989529591035e-05,0.0001379233305595085,0.0001379233305595085,1.0,0.0,1.0,1.0,1
397,09/01/2018,Kinsane Entertainment Inc,Entertainment,Digital Entertainment for Children,Mumbai,,Seed/Angel Funding,"25,00,000",,2018-01-09,2500000.0,Kinsane Entertainment Inc,kinsane entertainment inc,0.0,0.0,0,-1.0,1,0.0,1,0,Seed/Angel,Technology & SaaS,Mumbai,0.0,0.0,0.0,0.0,0.0,0.0,0.0,0.0,1.0,0
769,22/06/2017,Kissht,Consumer Internet,Consumer Lending platform,Mumbai,"Endiya Partners, Ventureast",Private Equity,"20,00,000",,2017-06-22,2000000.0,Kissht,kissht,0.0,0.0,0,-1.0,1,0.0,2,1,Private Equity,Consumer Internet & Media,Mumbai,0.001501877346683354,0.006678119493602958,0.00018976754291309922,0.0006322168844852831,0.0006322168844852831,2.0,0.0,1.0,1.0,0
164,12/09/2018,Kissht,Fin-Tech,Online lending Platform,Mumbai,"Vertex Ventures Southeast Asia (SEA) and India and Sistema Asia Fund, Fosun RZ Capital, Ventureast, and Endiya Partners.\\n\\n",Private Equity,"3,00,00,000",,2018-09-12,30000000.0,Kissht,kissht,2000000.0,2000000.0,1,447.0,0,447.0,2,1,Private Equity,Other,Mumbai,0.001501877346683354,0.006678119493602958,0.001091590874873286,0.0006322168844852831,0.00042875163981236666,4.0,0.0,1.0,1.0,0
2380,30/10/2015,Kleeto,Document Digitization platform,,Gurgaon,GREX,Seed Funding,"2,30,000",pre-Series A,2015-10-30,230000.0,Kleeto,kleeto,0.0,0.0,0,-1.0,1,0.0,1,0,Seed/Angel,Other,Delhi-NCR,0.0,0.0,0.0,0.0,0.0,1.0,0.0,0.0,1.0,0
2770,08/05/2015,KleverKid,Online Education Platform,,New Delhi,Aarin Capital Partners,Seed Funding,,,2015-05-08,,KleverKid,kleverkid,0.0,0.0,0,-1.0,1,0.0,1,0,Seed/Angel,EdTech,Delhi-NCR,0.00025031289111389235,0.0,5.436574580572323e-09,0.00019298932774467834,0.00019298932774467834,1.0,0.0,1.0,1.0,0
989,30/03/2017,Klinic App,Consumer Internet,Pathology & Diagnostic Tests Portal,Gurgaon,Om Chaudhry,Seed Funding,,,2017-03-30,,Klinic App,klinic app,0.0,0.0,0,-1.0,1,0.0,1,0,Seed/Angel,Consumer Internet & Media,Delhi-NCR,0.0,0.0,0.0,0.0,0.0,1.0,0.0,0.0,1.0,0
2972,20/02/2015,Klip.in,,,,"Calcutta Angels, Venture Nursery Angels Mumbai Angels",Seed\\nFunding,"5,00,000",,2015-02-20,500000.0,Klip.in,klip,0.0,0.0,0,-1.0,1,0.0,1,0,Seed/Angel,Other,Tier-2/Other,0.0017521902377972466,0.010975312042205362,0.00961306277325317,0.0007274642447918312,0.00044591155564186174,2.0,0.0,1.0,1.0,0
1245,28/11/2016,Kloseby,Consumer Internet,proximity based\\xc2\\xa0 Rewards platform,Bangalore,Undisclosed Investor,Seed Funding,"1,00,000",,2016-11-28,100000.0,Kloseby,kloseby,0.0,0.0,0,-1.0,1,0.0,1,0,Seed/Angel,Consumer Internet & Media,Bengaluru,0.0,0.0,0.0,0.0,0.0,1.0,0.0,0.0,1.0,0
2488,06/08/2015,Klozee,Luxury Apparel rental,,Bangalore,Tracxn Labs,Seed Funding,,,2015-08-06,,Klozee,klozee,0.0,0.0,0,-1.0,1,0.0,1,0,Seed/Angel,Other,Bengaluru,0.0,0.0,0.0,0.0,0.0,1.0,0.0,0.0,1.0,0
657,15/08/2017,KNAB Finance,Consumer Internet,Unsecured Small Business Loans,Bangalore,"InCred, Krishnakumar Natarajan, Ravi Bhardwaj",Seed Funding,"3,85,000",,2017-08-15,385000.0,KNAB Finance,knab finance,0.0,0.0,0,-1.0,1,0.0,1,0,Seed/Angel,Consumer Internet & Media,Bengaluru,0.00025031289111389235,0.0,0.0016330079151790668,0.00012816306208129945,0.00012816306208129945,3.0,0.0,1.0,1.0,0
3028,21/05/2015,Knit,,,,"Rohit Jain, Amit Rambhia & Others",Seed Funding,,,2015-05-21,,Knit,knit,0.0,0.0,0,-1.0,1,0.0,1,0,Seed/Angel,Other,Tier-2/Other,0.0,0.0,0.0,0.0,0.0,2.0,0.0,0.0,1.0,0
1802,22/04/2016,Knolskae,Consumer Internet,Educational Gamification & Simulation platform,Bangalore,"Inventus Capital Partners, HR Fund",Private Equity,,,2016-04-22,,Knolskae,knolskae,0.0,0.0,0,-1.0,1,0.0,1,0,Private Equity,Consumer Internet & Media,Bengaluru,0.0,0.0,0.0,0.0,0.0,2.0,0.0,0.0,1.0,0
1233,23/11/2016,Knowlarity,Consumer Internet,Cloud Telephony Platform,Bangalore,"Delta Partners, Sequoia India,\\xc2\\xa0 Mayfield, Blacksoil, Trifecta Capital",Private Equity,"2,00,00,000",,2016-11-23,20000000.0,Knowlarity,knowlarity,0.0,0.0,0,-1.0,1,0.0,1,0,Private Equity,Consumer Internet & Media,Bengaluru,0.000750938673341677,0.0036940218595162967,0.007851646982310443,0.00033164209477533563,0.0002185635703517092,5.0,1.0,1.0,1.0,0
2947,05/02/2015,Kobster.com,,,,Splice Advisors,Seed\\nFunding,,,2015-02-05,,Kobster.com,kobster,0.0,0.0,0,-1.0,1,0.0,1,0,Seed/Angel,Other,Tier-2/Other,0.0,0.0,0.0,0.0,0.0,1.0,0.0,0.0,1.0,0
1108,26/01/2017,Kochi Post,Consumer Internet,English Online News portal,Kochi,"Rajesh Yohannan, Puthen & Cole",Seed Funding,,,2017-01-26,,Kochi Post,kochi post,0.0,0.0,0,-1.0,1,0.0,1,0,Seed/Angel,Consumer Internet & Media,Tier-2/Other,0.0,0.0,0.0,0.0,0.0,2.0,0.0,0.0,1.0,0
2191,24/12/2015,Kolabro,Real Estate focused Tech platform,,Gurgaon,"Umang Kumar, Ruchir Arora & others",Seed Funding,,,2015-12-24,,Kolabro,kolabro,0.0,0.0,0,-1.0,1,0.0,1,0,Seed/Angel,Other,Delhi-NCR,0.0,0.0,0.0,0.0,0.0,2.0,0.0,0.0,1.0,0
865,04/04/2017,Konsult App,Consumer Internet,App based Doctor Consulting platform,New Delhi,"Koen Bouwers, Lomesh Agarwal, Jeroen Mensen, Pablo van den Bosch & Others",Seed Funding,"5,00,000",,2017-04-04,500000.0,Konsult App,konsult app,0.0,0.0,0,-1.0,1,0.0,1,0,Seed/Angel,Consumer Internet & Media,Delhi-NCR,0.0,0.0,0.0,0.0,0.0,4.0,0.0,0.0,1.0,0
2177,21/12/2015,KOOH Sports,Sports Education Platform,,Mumbai,"TCS, HDFC, Faering Capital, Elevate Sports",Private Equity,"20,00,000",Series A,2015-12-21,2000000.0,KOOH Sports,kooh sports,0.0,0.0,0,-1.0,1,0.0,2,1,Private Equity,EdTech,Mumbai,0.0005006257822277847,0.0018922000021308557,0.004169276821430136,0.0002293495466738097,0.0002293495466738097,4.0,0.0,1.0,1.0,0
1284,07/10/2016,KOOH Sports,Technology,Sports Training & Technology,Mumbai,"HDFC, Faering Capital, Elevate Sports",Private Equity,"22,00,000",,2016-10-07,2200000.0,KOOH Sports,kooh sports,2000000.0,2000000.0,1,291.0,0,291.0,2,1,Private Equity,Technology & SaaS,Mumbai,0.0005006257822277847,0.0018922000021308557,0.004169276821430136,0.0002293495466738097,0.0002293495466738097,3.0,0.0,1.0,1.0,0
2032,11/01/2016,Koovs,ECommerce,Online Fashion Apparel Retailer,Gurgaon,"Nahata Family, Waheed Alli",Private Equity,"54,00,000",,2016-01-11,5400000.0,Koovs,koovs,0.0,0.0,0,-1.0,1,0.0,3,1,Private Equity,E-Commerce,Delhi-NCR,0.0,0.0,0.0,0.0,0.0,2.0,0.0,0.0,1.0,0
1736,31/05/2016,Koovs,eCommerce,Apparel & Lifestyle eTailer,New Delhi,HT Media Ltd,Private Equity,"44,00,000",,2016-05-31,4400000.0,Koovs,koovs,5400000.0,5400000.0,1,141.0,0,141.0,3,1,Private Equity,E-Commerce,Delhi-NCR,0.0,0.0,0.0,0.0,0.0,1.0,0.0,0.0,1.0,0
1218,17/11/2016,Koovs,eCommerce,Fashion eTailer,New Delhi,Times of India Group & Existing investors,Private Equity,"1,35,00,000",,2016-11-17,13500000.0,Koovs,koovs,9800000.0,4400000.0,2,170.0,0,311.0,3,1,Private Equity,E-Commerce,Delhi-NCR,0.0,0.0,0.0,0.0,0.0,1.0,0.0,0.0,1.0,0
2447,22/09/2015,Korra,Private Label Apparel sales,,New Delhi,Asha Jadeja Motwani & Others,Seed Funding,"3,00,000",,2015-09-22,300000.0,Korra,korra,0.0,0.0,0,-1.0,1,0.0,1,0,Seed/Angel,Other,Delhi-NCR,0.0,0.0,0.0,0.0,0.0,1.0,0.0,0.0,1.0,0
2277,26/11/2015,KountMoney,Online Lending Marketplace,,Bangalore,"Tracxn, Ashish Goenka & Others",Seed Funding,,,2015-11-26,,KountMoney,kountmoney,0.0,0.0,0,-1.0,1,0.0,1,0,Seed/Angel,E-Commerce,Bengaluru,0.0,0.0,0.0,0.0,0.0,2.0,0.0,0.0,1.0,0
1078,18/01/2017,Kratikal,Technology,Cyber Security Solution provider,New Delhi,"Amajit Gupta, Praveen Dubey, J.P. Bhatt",Seed Funding,,,2017-01-18,,Kratikal,kratikal,0.0,0.0,0,-1.0,1,0.0,1,0,Seed/Angel,Technology & SaaS,Delhi-NCR,0.0,0.0,0.0,0.0,0.0,3.0,0.0,0.0,1.0,0
1576,07/06/2016,KrazyBee,Consumer Internet,Student Micro-Loan platform,Bangalore,"Yeahmobi, Fenqile",Private Equity,"20,00,000",,2016-06-07,2000000.0,KrazyBee,krazybee,0.0,0.0,0,-1.0,1,0.0,3,1,Private Equity,Consumer Internet & Media,Bengaluru,0.0,0.0,0.0,0.0,0.0,2.0,0.0,0.0,1.0,0
549,16/10/2017,KrazyBee,Consumer Internet,Micro-lending platform,Bangalore,"Xiaomi Technologies, Shunwei Capital",Private Equity,"80,00,000",,2017-10-16,8000000.0,KrazyBee,krazybee,2000000.0,2000000.0,1,496.0,0,496.0,3,1,Private Equity,Consumer Internet & Media,Bengaluru,0.0,0.0,0.0,0.0,0.0,2.0,0.0,0.0,1.0,0
110,19/04/2019,KrazyBee,E-commerce,Lending Platform,Bengaluru,"BAC Acquisitions, Unifi AIF, BRD Securities, Northern R Capital",Debt,"14,342,000+",,2019-04-19,14342000.0,KrazyBee,krazybee,10000000.0,8000000.0,2,550.0,0,1046.0,3,1,Debt,E-Commerce,Bengaluru,0.0,0.0,0.0,0.0,0.0,4.0,0.0,0.0,1.0,0
932,02/03/2017,Kreate Konnect,Technology,End-to-End Seller e-commerce solutions Provider,Vadodara,Langoor,Seed Funding,,,2017-03-02,,Kreate Konnect,kreate konnect,0.0,0.0,0,-1.0,1,0.0,1,0,Seed/Angel,Technology & SaaS,Tier-2/Other,0.0,0.0,0.0,0.0,0.0,1.0,0.0,0.0,1.0,0
1770,13/04/2016,kredX,eCommerce,Invoice discounting\\xc2\\xa0 Marketplace,Bangalore,"Prime Venture Partners,",Seed Funding,"7,50,000",,2016-04-13,750000.0,kredX,kredx,0.0,0.0,0,-1.0,1,0.0,2,1,Seed/Angel,E-Commerce,Bengaluru,0.00025031289111389235,0.0,0.0003495453046448737,0.00014071534285899344,0.00014071534285899344,1.0,0.0,1.0,1.0,0
1323,25/10/2016,Kredx,eCommerce,Invoice discounting marketplace,Bangalore,Sequoia Capital,Private Equity,"60,00,000",,2016-10-25,6000000.0,Kredx,kredx,750000.0,750000.0,1,195.0,0,195.0,2,1,Private Equity,E-Commerce,Bengaluru,0.004005006257822278,0.059859204892582674,0.09566198113272546,0.001413958516141685,0.001413958516141685,1.0,1.0,1.0,1.0,0
291,09/04/2018,Kriger Campus,Ed-Tech,Mobile-Based Education Network,Delhi,,Seed / Angel Funding,"46,140",,2018-04-09,46140.0,Kriger Campus,kriger campus,0.0,0.0,0,-1.0,1,0.0,1,0,Seed/Angel,Other,Delhi-NCR,0.0,0.0,0.0,0.0,0.0,0.0,0.0,0.0,1.0,0
402,12/01/2018,Kuants,Technology,Algorithmic Trading,Gurgaon,"Pankaj Chopra, Ankush Gupta",Angel / Seed Funding,"80,000",,2018-01-12,80000.0,Kuants,kuants,0.0,0.0,0,-1.0,1,0.0,1,0,Seed/Angel,Technology & SaaS,Delhi-NCR,0.0,0.0,0.0,0.0,0.0,2.0,0.0,0.0,1.0,0
2323,09/10/2015,Kulzy,Advertising & Marketing Community Networking platform,,New Delhi,"Seedfund, Bedrock Ventures",Seed Funding,"10,00,000",,2015-10-09,1000000.0,Kulzy,kulzy,0.0,0.0,0,-1.0,1,0.0,1,0,Seed/Angel,Other,Delhi-NCR,0.0,0.0,0.0,0.0,0.0,2.0,0.0,0.0,1.0,0
319,03/03/2018,Kuvera,Consumer Internet,Online Financial Planning,Bengaluru,"Baskar Subramanian, Saket Kumar, Gaurav Suri and Ankit Kesarwani",Seed / Angel Funding,"2,50,000",,2018-03-03,250000.0,Kuvera,kuvera,0.0,0.0,0,-1.0,1,0.0,2,1,Seed/Angel,Consumer Internet & Media,Bengaluru,0.0012515644555694616,0.004638772999889398,7.508484863299938e-05,0.0005537048140257201,0.0005537048140257201,3.0,0.0,1.0,1.0,0
99,16/04/2019,Kuvera,Finance,Wealth Management,Bengaluru,Eight Roads,Series A,"4,50,00,000",,2019-04-16,45000000.0,Kuvera,kuvera,250000.0,250000.0,1,409.0,0,409.0,2,1,Series A,FinTech,Bengaluru,0.0012515644555694616,0.006316536841184845,0.004537866606428548,0.0004983133807781689,0.0004983133807781689,1.0,0.0,1.0,1.0,0
2691,05/06/2015,kWatt Solutions,Renewable energy solutions,,Mumbai,,Seed Funding,"5,00,000",,2015-06-05,500000.0,kWatt Solutions,kwatt solutions,0.0,0.0,0,-1.0,1,0.0,1,0,Seed/Angel,Other,Mumbai,0.0,0.0,0.0,0.0,0.0,0.0,0.0,0.0,1.0,0
1591,10/06/2016,Kyazoonga,eCommerce,Online event ticketing Platform,Mumbai,Ratan Tata,Seed Funding,,,2016-06-10,,Kyazoonga,kyazoonga,0.0,0.0,0,-1.0,1,0.0,1,0,Seed/Angel,E-Commerce,Mumbai,0.0,0.0,0.0,0.0,0.0,1.0,0.0,0.0,1.0,0
2705,12/06/2015,La Renon,Global Healthcare products,,Ahmedabad,Sequoia Capital,Private Equity,"1,60,00,000",Series A,2015-06-12,16000000.0,La Renon,la renon,0.0,0.0,0,-1.0,1,0.0,1,0,Private Equity,Healthcare,Ahmedabad,0.004005006257822278,0.059859204892582674,0.09566198113272546,0.001413958516141685,0.001413958516141685,1.0,1.0,1.0,1.0,0
2734,24/06/2015,LabInApp,Science Learning App,,Bangalore,Unitus Seed Fund,Seed Funding,,,2015-06-24,,LabInApp,labinapp,0.0,0.0,0,-1.0,1,0.0,1,0,Seed/Angel,Other,Bengaluru,0.0,0.0,0.0,0.0,0.0,1.0,0.0,0.0,1.0,0
2543,20/08/2015,LabsAdvisor,Online Diagnostic Tests Marketplace,,New Delhi,Group of Angel Investors,Seed Funding,"1,56,000",,2015-08-20,156000.0,LabsAdvisor,labsadvisor,0.0,0.0,0,-1.0,1,0.0,1,0,Seed/Angel,E-Commerce,Delhi-NCR,0.000750938673341677,2.0055113960051465e-06,5.212874231067168e-07,0.00039636782498119144,0.00039636782498119144,1.0,0.0,1.0,1.0,0
2433,18/09/2015,LabStreet,Diagnostic Labs aggregator platform,,Gurgaon,Multiple investors,Seed Funding,"1,50,000",,2015-09-18,150000.0,LabStreet,labstreet,0.0,0.0,0,-1.0,1,0.0,1,0,Seed/Angel,Other,Delhi-NCR,0.0,0.0,0.0,0.0,0.0,1.0,0.0,0.0,1.0,0
2438,21/09/2015,LafaLafa,coupons and cashback aggregator app,,Mumbai,500 Startups,Seed Funding,"1,25,000",thru Accelerator,2015-09-21,125000.0,LafaLafa,lafalafa,0.0,0.0,0,-1.0,1,0.0,2,1,Seed/Angel,Other,Mumbai,0.0,0.0,0.0,0.0,0.0,1.0,0.0,0.0,1.0,0
2186,23/12/2015,LafaLafa,"Digital Coupons, Deal & Cashback aggregator app",,Mumbai,Vectr Ventures,Private Equity,,,2015-12-23,,LafaLafa,lafalafa,125000.0,125000.0,1,93.0,0,93.0,2,1,Private Equity,Other,Mumbai,0.0,0.0,0.0,0.0,0.0,1.0,0.0,0.0,1.0,0
2181,22/12/2015,LatestOne,Mobile accessories online store,,Hyderabad,Palred Technologies Ltd,Private Equity,"30,00,000",Additional investment from parent company,2015-12-22,3000000.0,LatestOne,latestone,0.0,0.0,0,-1.0,1,0.0,2,1,Private Equity,Other,Hyderabad,0.0,0.0,0.0,0.0,0.0,1.0,0.0,0.0,1.0,0
960,15/03/2017,LatestOne,eCommerce,Tech Accessories e-tailer,Hyderabad,"Florintree, Mathew Cyriac, Chidambaram Palaniappan, Bharat Sheth",Private Equity,"33,50,000",,2017-03-15,3350000.0,LatestOne,latestone,3000000.0,3000000.0,1,449.0,0,449.0,2,1,Private Equity,E-Commerce,Hyderabad,0.0,0.0,0.0,0.0,0.0,4.0,0.0,0.0,1.0,0
1190,02/11/2016,LaundryAnna,Consumer Internet,On-Demand Washing & Dry Cleaning Services,Bangalore,Undisclosed Investors,Seed Funding,"1,50,000",,2016-11-02,150000.0,LaundryAnna,laundryanna,0.0,0.0,0,-1.0,1,0.0,1,0,Seed/Angel,Consumer Internet & Media,Bengaluru,0.0,0.0,0.0,0.0,0.0,1.0,0.0,0.0,1.0,0
957,10/03/2017,Lavelle Networks,Technology,SDN Solutions,Bangalore,Ideaspring Capital,Seed Funding,"6,00,000",,2017-03-10,600000.0,Lavelle Networks,lavelle networks,0.0,0.0,0,-1.0,1,0.0,1,0,Seed/Angel,Technology & SaaS,Bengaluru,0.0,0.0,0.0,0.0,0.0,1.0,0.0,0.0,1.0,0
1219,17/11/2016,Lawrato,Consumer Internet,Free Legal Advice,New Delhi,Indian Angel Network,Seed Funding,,,2016-11-17,,Lawrato,lawrato,0.0,0.0,0,-1.0,1,0.0,1,0,Seed/Angel,Consumer Internet & Media,Delhi-NCR,0.002002503128911139,0.01032696862918804,0.03555811791464255,0.0008020854002554353,0.0008020854002554353,1.0,0.0,1.0,1.0,0
2663,31/07/2015,LazyLad,Hyperlocal Grocery App,,Gurgaon,"Jai Choi, Kiyohiro Sugashita, Hirokazu",Private Equity,"5,00,000",pre-Series A,2015-07-31,500000.0,LazyLad,lazylad,0.0,0.0,0,-1.0,1,0.0,1,0,Private Equity,Other,Delhi-NCR,0.0,0.0,0.0,0.0,0.0,3.0,0.0,0.0,1.0,0
1068,16/01/2017,Leadburg,Consumer Internet,Personality Development Mobile App,Bangalore,"Harsh V. Pant, Ratheesh Raveendran",Seed Funding,,,2017-01-16,,Leadburg,leadburg,0.0,0.0,0,-1.0,1,0.0,1,0,Seed/Angel,Consumer Internet & Media,Bengaluru,0.0,0.0,0.0,0.0,0.0,2.0,0.0,0.0,1.0,0
2939,02/02/2015,Leaf,,,,Group of Angel Investors,Seed\\nFunding,"16,600",At the 10 minute million event,2015-02-02,16600.0,Leaf,leaf,0.0,0.0,0,-1.0,1,0.0,1,0,Seed/Angel,Other,Tier-2/Other,0.000750938673341677,2.0055113960051465e-06,5.212874231067168e-07,0.00039636782498119144,0.00039636782498119144,1.0,0.0,1.0,1.0,0
2131,07/12/2015,Leaf Wearables,Smart Safety Wearable Devices,,New Delhi,"Ajeet Khurana Jinesh Shah, Vikram Chachra, Dr. Aniruddha Malpani",Seed Funding,"2,50,000",,2015-12-07,250000.0,Leaf Wearables,leaf wearables,0.0,0.0,0,-1.0,1,0.0,1,0,Seed/Angel,Other,Delhi-NCR,0.0,0.0,0.0,0.0,0.0,3.0,0.0,0.0,1.0,0
1642,24/06/2016,LEAP India,Others,Supply Chain Equipment & Services provider,Mumbai,Mayfield Ventures,Private Equity,"30,00,000",,2016-06-24,3000000.0,LEAP India,leap india,0.0,0.0,0,-1.0,1,0.0,2,1,Private Equity,Other,Mumbai,0.0,0.0,0.0,0.0,0.0,1.0,0.0,0.0,1.0,1
1051,06/01/2017,Leap India,Logistics,Supply Chain Solutions Provider,Mumbai,"India Nivesh Growth Fund, Sixth Sense, TCI Ventures",Private Equity,"1,30,00,000",,2017-01-06,13000000.0,Leap India,leap india,3000000.0,3000000.0,1,196.0,0,196.0,2,1,Private Equity,Logistics & Mobility,Mumbai,0.002753441802252816,0.028204996195751897,0.0041782685465482075,0.0010610833567829554,0.0010610833567829554,3.0,0.0,1.0,1.0,1
2356,23/10/2015,Leaping Caravan,Online food ordering & Delivery service,,Gurgaon,Group of Angel investors,Seed Funding,"1,50,000",,2015-10-23,150000.0,Leaping Caravan,leaping caravan,0.0,0.0,0,-1.0,1,0.0,1,0,Seed/Angel,Logistics & Mobility,Delhi-NCR,0.000750938673341677,2.0055113960051465e-06,5.212874231067168e-07,0.00039636782498119144,0.00039636782498119144,1.0,0.0,1.0,1.0,0
2281,27/11/2015,LearnOn,Clud based Learning platform,,Chennai,JMR Infotech India Pvt Ltd,Seed Funding,,,2015-11-27,,LearnOn,learnon,0.0,0.0,0,-1.0,1,0.0,1,0,Seed/Angel,Other,Chennai,0.0,0.0,0.0,0.0,0.0,1.0,0.0,0.0,1.0,0
1048,04/01/2017,LearnTron,Technology,Blended Learning Delivery App for Schools & Corporates,Chennai,Kae Capital,Seed Funding,,,2017-01-04,,LearnTron,learntron,0.0,0.0,0,-1.0,1,0.0,1,0,Seed/Angel,Technology & SaaS,Chennai,0.0005006257822277847,0.0022066892579169126,0.00030628027223875305,0.00022405951589119736,0.00022405951589119736,1.0,0.0,1.0,1.0,0
89,04/06/2019,Leegality,Services,Digital Documentation,Mumbai/Bengaluru,Mumbai Angels,Series A,"34,00,000",,2019-06-04,3400000.0,Leegality,leegality,0.0,0.0,0,-1.0,1,0.0,1,0,Series A,Other,Bengaluru,0.0017521902377972466,0.010975312042205362,0.00961306277325317,0.0007274642447918312,0.0007274642447918312,1.0,0.0,1.0,1.0,1
190,01/07/2018,Leena AI,Technology,HR Virtual Agent For Employees,Gurugram,Y Combinator,Seed/ Angel Funding,,,2018-07-01,,Leena AI,leena ai,0.0,0.0,0,-1.0,1,0.0,1,0,Seed/Angel,Technology & SaaS,Delhi-NCR,0.00425531914893617,0.03704616522382135,0.1137077548087308,0.0015893753600148012,0.0015893753600148012,1.0,0.0,1.0,2.0,1
818,12/05/2017,Legal Raasta,Consumer Internet,Legal Services to SMEs & Individuals,New Delhi,Impanix Capital,Private Equity,"50,00,000",,2017-05-12,5000000.0,Legal Raasta,legal raasta,0.0,0.0,0,-1.0,1,0.0,1,0,Private Equity,Consumer Internet & Media,Delhi-NCR,0.0,0.0,0.0,0.0,0.0,1.0,0.0,0.0,1.0,0
1767,13/04/2016,Legalraasta,Consumer Internet,Online legal Services for Startups,New Delhi,"Pravin Khandelwal, Yatin Kumar Jain",Seed Funding,"10,00,000",,2016-04-13,1000000.0,Legalraasta,legalraasta,0.0,0.0,0,-1.0,1,0.0,1,0,Seed/Angel,Consumer Internet & Media,Delhi-NCR,0.0,0.0,0.0,0.0,0.0,2.0,0.0,0.0,1.0,0
1957,15/02/2016,Legistify,Consumer Internet,Online Legal services platform,New Delhi,Ranjit Singh,Seed Funding,,,2016-02-15,,Legistify,legistify,0.0,0.0,0,-1.0,1,0.0,1,0,Seed/Angel,Consumer Internet & Media,Delhi-NCR,0.0,0.0,0.0,0.0,0.0,1.0,0.0,0.0,1.0,0
1425,04/08/2016,lehlehsports,Others,Sports Arena discovery,New Delhi,Anglian Omega Network,Seed Funding,,,2016-08-04,,lehlehsports,lehlehsports,0.0,0.0,0,-1.0,1,0.0,1,0,Seed/Angel,Other,Delhi-NCR,0.0012515644555694616,0.004638772999889398,7.508484863299938e-05,0.0005537048140257201,0.0005537048140257201,1.0,0.0,1.0,1.0,0
555,18/10/2017,LenDen Club,Consumer Internet,Online peer-to-peer lending platform,Mumbai,Undisclosed Investor,Seed Funding,"5,00,000",,2017-10-18,500000.0,LenDen Club,lenden club,0.0,0.0,0,-1.0,1,0.0,1,0,Seed/Angel,Consumer Internet & Media,Mumbai,0.0,0.0,0.0,0.0,0.0,1.0,0.0,0.0,1.0,0
1765,12/04/2016,LenDenClub,Finance,Peer-to-Peer Lending Platform,Mumbai,"Anirudh Damani, Daud Ali, Narendra Karnavat, Vikas Kapoor, Vikram Lakhotia, Krishna Jhunjhunwaala, Jayesh Shah",Seed Funding,,,2016-04-12,,LenDenClub,lendenclub,0.0,0.0,0,-1.0,1,0.0,1,0,Seed/Angel,FinTech,Mumbai,0.0,0.0,0.0,0.0,0.0,7.0,0.0,0.0,2.0,1
581,06/09/2017,Lending Kart,Consumer Internet,Online Lending Platform,Ahmedabad,"Bertelsmann India, Mayfield Capital, Saama Capital, Darrin Capital",Private Equity,"1,07,50,000",,2017-09-06,10750000.0,Lending Kart,lending kart,0.0,0.0,0,-1.0,1,0.0,1,0,Private Equity,Consumer Internet & Media,Ahmedabad,0.0012515644555694616,0.002722547121846088,0.018116329309672413,0.0004584976891476841,0.0003162000213619192,4.0,0.0,1.0,1.0,0
2600,08/07/2015,Lendingkart,Online Finance lending platform,,Ahmedabad,"Saama Capital, Mayfield, Ashvin Chadha, Shailesh Mehta",Private Equity,"1,00,00,000",Series A,2015-07-08,10000000.0,Lendingkart,lendingkart,0.0,0.0,0,-1.0,1,0.0,6,1,Private Equity,FinTech,Ahmedabad,0.0012515644555694616,0.002722547121846088,0.018116329309672413,0.0004584976891476841,0.0003162000213619192,4.0,0.0,1.0,2.0,1
1650,28/06/2016,LendingKart,Consumer Internet,Online Working Capital Business Loans Platform,Ahmedabad,"Bertelsmann India Investments, Mayfield India, Saama Capital, India Quotient",Private Equity,"3,20,00,000",,2016-06-28,32000000.0,LendingKart,lendingkart,10000000.0,10000000.0,1,356.0,0,356.0,6,1,Private Equity,Consumer Internet & Media,Ahmedabad,0.0012515644555694616,0.002722547121846088,0.018116329309672413,0.000554745742038456,0.00039571526158743145,4.0,0.0,1.0,2.0,1
898,17/04/2017,LendingKart,Consumer Internet,Lending platform for small businesses,Ahmedabad,Anicut Capital,Private Equity,"46,50,000",,2017-04-17,4650000.0,LendingKart,lendingkart,42000000.0,32000000.0,2,293.0,0,649.0,6,1,Private Equity,Consumer Internet & Media,Ahmedabad,0.0,0.0,0.0,0.0,0.0,1.0,0.0,0.0,2.0,1
741,12/06/2017,LendingKart,Consumer Internet,Online Lending platform,Ahmedabad,Yes Bank,Debt Funding,"78,00,000",,2017-06-12,7800000.0,LendingKart,lendingkart,46650000.0,4650000.0,3,56.0,0,705.0,6,1,Debt,Consumer Internet & Media,Ahmedabad,0.00025031289111389235,0.0,3.63414446275521e-08,0.00017390235357615433,0.00017390235357615433,1.0,0.0,1.0,2.0,1
396,09/01/2018,Lendingkart,Finance,Online Lending,Ahmedabad,Nederlandse Financierings-Maatschappij voor Ontwikkelingslanden N.V.,Debt Funding,"47,00,000",,2018-01-09,4700000.0,Lendingkart,lendingkart,54450000.0,7800000.0,4,211.0,0,916.0,6,1,Debt,FinTech,Ahmedabad,0.0,0.0,0.0,0.0,0.0,1.0,0.0,0.0,2.0,1
365,12/02/2018,Lendingkart,Finance,Online Lending Platform,Bengaluru,Fullerton Financial Holdings Pte Ltd & Others,Private Equity,"8,70,00,000",,2018-02-12,87000000.0,Lendingkart,lendingkart,59150000.0,4700000.0,5,34.0,0,950.0,6,1,Private Equity,FinTech,Bengaluru,0.00025031289111389235,0.0,5.058810771655725e-05,0.0001460421248890726,0.0001460421248890726,1.0,0.0,1.0,2.0,1
2990,02/01/2015,LensKart,,,,"TPG Growth, TR Capital, IDG Ventures",Private Equity,"21,50,000",,2015-01-02,2150000.0,LensKart,lenskart,0.0,0.0,0,-1.0,1,0.0,7,1,Private Equity,Other,Tier-2/Other,0.0005006257822277847,0.001577460057420298,0.0007500960949444108,0.0002312924162741266,0.0002312924162741266,3.0,0.0,1.0,2.0,1
1789,19/04/2016,LensKart,eCommerce,Eyewear etailing platform,New Delhi,Ratan Tata,Private Equity,,,2016-04-19,,LensKart,lenskart,2150000.0,2150000.0,1,473.0,0,473.0,7,1,Private Equity,E-Commerce,Delhi-NCR,0.0,0.0,0.0,0.0,0.0,1.0,0.0,0.0,2.0,1
1673,04/05/2016,Lenskart,eCommerce,Eyewear & Accessories etailer,New Delhi,"International Finance Corp, TPG Growth, Adveq Management, IDG Ventures, Ratan Tata, Kris Gopalakrishnan",Private Equity,"6,00,00,000",,2016-05-04,60000000.0,Lenskart,lenskart,2150000.0,2150000.0,2,15.0,0,488.0,7,1,Private Equity,E-Commerce,Delhi-NCR,0.0005006257822277847,0.001577460057420298,0.0007500960949444108,0.0002312924162741266,0.00021214087200940247,6.0,0.0,1.0,2.0,1
1349,06/09/2016,Lenskart,eCommerce,Online Eyewear eTailer,New Delhi,PremjiInvest,Private Equity,,,2016-09-06,,Lenskart,lenskart,62150000.0,60000000.0,3,125.0,0,613.0,7,1,Private Equity,E-Commerce,Delhi-NCR,0.00025031289111389235,0.0,7.877190823253357e-05,0.00014071596607836376,0.00014071596607836376,1.0,0.0,1.0,2.0,1
1059,10/01/2017,LensKart,eCommerce,Online eyewear retailer,Bangalore,Ronnie Screwvala,Private Equity,"35,00,000",,2017-01-10,3500000.0,LensKart,lenskart,62150000.0,60000000.0,4,126.0,0,739.0,7,1,Private Equity,E-Commerce,Bengaluru,0.0,0.0,0.0,0.0,0.0,1.0,0.0,0.0,2.0,1
300,19/04/2018,Lenskart,Consumer Internet,Online Eyewear Retailer,Faridabad,TR Capital,Private Equity,,,2018-04-19,,Lenskart,lenskart,65650000.0,3500000.0,5,464.0,0,1203.0,7,1,Private Equity,Consumer Internet & Media,Delhi-NCR,0.0,0.0,0.0,0.0,0.0,1.0,0.0,0.0,2.0,1
17,20/12/2019,Lenskart.com,E-Commerce,Online Eyewear Shopping Portal,Faridabad,SoftBank Vision Fund,Series G,"23,10,00,000",,2019-12-20,231000000.0,Lenskart.com,lenskart,65650000.0,3500000.0,6,610.0,0,1813.0,7,1,Late Stage (C+),E-Commerce,Delhi-NCR,0.000750938673341677,0.0017101211245292814,0.0032531152155108644,0.0003100500256790823,0.0003100500256790823,1.0,1.0,1.0,2.0,1
1373,14/09/2016,LensPick,eCommerce,eyewear eTailer,Bangalore,Scadea Solutions Inc,Private Equity,,,2016-09-14,,LensPick,lenspick,0.0,0.0,0,-1.0,1,0.0,1,0,Private Equity,E-Commerce,Bengaluru,0.0,0.0,0.0,0.0,0.0,1.0,0.0,0.0,1.0,0
1031,17/02/2017,Leopetra,eCommerce,Solution provider for pet needs,Mumbai,Facebook FBStart,Seed Funding,"40,000",,2017-02-17,40000.0,Leopetra,leopetra,0.0,0.0,0,-1.0,1,0.0,1,0,Seed/Angel,E-Commerce,Mumbai,0.0,0.0,0.0,0.0,0.0,1.0,0.0,0.0,1.0,0
1399,26/09/2016,Let\xe2\x80\x99s Barter,Consumer Internet,Goods & Services Barter Platform,New Delhi,Scale Ventures Funds,Seed Funding,,,2016-09-26,,Let\xe2\x80\x99s Barter,let\xe2\x80\x99s barter,0.0,0.0,0,-1.0,1,0.0,1,0,Seed/Angel,Consumer Internet & Media,Delhi-NCR,0.0,0.0,0.0,0.0,0.0,1.0,0.0,0.0,1.0,0
1819,29/04/2016,LetReach,eCommerce,ECommerce SAAS Solutions,New Delhi,vCommission,Private Equity,"1,00,000",,2016-04-29,100000.0,LetReach,letreach,0.0,0.0,0,-1.0,1,0.0,2,1,Private Equity,E-Commerce,Delhi-NCR,0.0,0.0,0.0,0.0,0.0,1.0,0.0,0.0,1.0,0
1654,29/06/2016,LetReach,eCommerce,ECommerce SAAS Solutions,New Delhi,vCommission,Private Equity,"1,00,000",,2016-06-29,100000.0,LetReach,letreach,100000.0,100000.0,1,61.0,0,61.0,2,1,Private Equity,E-Commerce,Delhi-NCR,0.0,0.0,0.0,0.0,0.0,1.0,0.0,0.0,1.0,0
2908,20/03/2015,Lets Corp,,,,Wu Chay Chin,Seed Funding,"30,00,000",,2015-03-20,3000000.0,Lets Corp,lets corp,0.0,0.0,0,-1.0,1,0.0,1,0,Seed/Angel,Other,Tier-2/Other,0.0,0.0,0.0,0.0,0.0,1.0,0.0,0.0,1.0,0
934,03/03/2017,Lets Endorse,Consumer Internet,Online Ecosystem of social innovators,Bangalore,"Chandigarh Angels Network, Social Alpha and other unnamed angel investors",Seed Funding,,,2017-03-03,,Lets Endorse,lets endorse,0.0,0.0,0,-1.0,1,0.0,1,0,Seed/Angel,Consumer Internet & Media,Bengaluru,0.000750938673341677,0.011751210726884771,0.00010608120407765597,0.00031889076925649786,0.00024162481787419512,2.0,0.0,1.0,1.0,0
1037,23/02/2017,Lets Reap,Consumer Internet,B2B Mobile App for Pharmacies,Mumbai,"Kunal Shah, Sandeep Tandon, Nitin Saluja, Gagan Goyal",Seed Funding,,,2017-02-23,,Lets Reap,lets reap,0.0,0.0,0,-1.0,1,0.0,1,0,Seed/Angel,Consumer Internet & Media,Mumbai,0.0,0.0,0.0,0.0,0.0,4.0,0.0,0.0,1.0,0
1098,24/01/2017,Lets Transport,Consumer Internet,Online transport vehicle booking platform,Bangalore,"GMO Japan, Neelesh Bhatnagar",Private Equity,"40,00,000",,2017-01-24,4000000.0,Lets Transport,lets transport,0.0,0.0,0,-1.0,1,0.0,1,0,Private Equity,Consumer Internet & Media,Bengaluru,0.0,0.0,0.0,0.0,0.0,2.0,0.0,0.0,1.0,0
1191,02/11/2016,LetsMD,Consumer Internet,Healthcare Services Comparison Platform,New Delhi,"Calcutta Angels Network, LetsVenture, Anupam Mittal, Currae Healthtech Fund",Seed Funding,,,2016-11-02,,LetsMD,letsmd,0.0,0.0,0,-1.0,1,0.0,3,1,Seed/Angel,Consumer Internet & Media,Delhi-NCR,0.00025031289111389235,0.0,0.0014541392121809268,0.00016435886649189237,0.00015050349688906876,4.0,0.0,1.0,1.0,0
1185,29/12/2016,LetsMD,Consumer Internet,Healthcare plan comparison platform,New Delhi,"WaterBridge Ventures,",Seed Funding,,,2016-12-29,,LetsMD,letsmd,0.0,0.0,1,57.0,0,57.0,3,1,Seed/Angel,Consumer Internet & Media,Delhi-NCR,0.000750938673341677,0.0038751109825472126,0.0016567159888903201,0.0003034714183840077,0.0003034714183840077,1.0,0.0,1.0,1.0,0
294,12/04/2018,Letsmd,Healthcare,Platform To Discover Healthcare Financing Options,Delhi,"SRI Capital, Waterbridge Ventures and ThinKuvate",Seed / Angel Funding,"10,00,000",,2018-04-12,1000000.0,Letsmd,letsmd,0.0,0.0,2,469.0,0,526.0,3,1,Seed/Angel,Healthcare,Delhi-NCR,0.000750938673341677,0.0038751109825472126,0.0016567159888903201,0.0003034714183840077,0.00022304875780906802,2.0,0.0,1.0,1.0,0
538,09/10/2017,Letsservice,Consumer Internet,Auto Service Logistics & SAAS platform,Bangalore,Aequs Group,Private Equity,,,2017-10-09,,Letsservice,letsservice,0.0,0.0,0,-1.0,1,0.0,1,0,Private Equity,Consumer Internet & Media,Bengaluru,0.0,0.0,0.0,0.0,0.0,1.0,0.0,0.0,1.0,0
2482,05/08/2015,LetsTransport,Logistics Tech Platform,,Bangalore,"Rebright Partners, Ankush Nijhawan, Gaurav Bhatnagar, Manish Dhingra",Seed Funding,"13,00,000",,2015-08-05,1300000.0,LetsTransport,letstransport,0.0,0.0,0,-1.0,1,0.0,2,1,Seed/Angel,Logistics & Mobility,Bengaluru,0.000750938673341677,0.003196220928343446,0.004700096284675348,0.00032056487406524517,0.00032056487406524517,4.0,0.0,1.0,1.0,0
151,12/10/2018,LetsTransport,Logistics Tech,Book Trucks Online,Bengaluru,Fosun International,Series C,"1,20,00,000",,2018-10-12,12000000.0,LetsTransport,letstransport,1300000.0,1300000.0,1,1164.0,0,1164.0,2,1,Series C,Logistics & Mobility,Bengaluru,0.0,0.0,0.0,0.0,0.0,1.0,0.0,0.0,1.0,0
2342,19/10/2015,LetsVenture,Startup Funding Marketplace,,Bangalore,"Accel Partners, Anupam Mittal & other marquee investors",Private Equity,,Series A,2015-10-19,,LetsVenture,letsventure,0.0,0.0,0,-1.0,1,0.0,1,0,Private Equity,E-Commerce,Bengaluru,0.0025031289111389233,0.03180691231866443,0.01397423501569189,0.0009597977221441899,0.0006295717031226123,2.0,1.0,1.0,1.0,0
635,02/08/2017,Leverage Edu,Consumer Internet,Online platform for Higher Education Services,New Delhi,"Kashyap Deorah, Anand Sankeshwar, Deepak Jain, Sadashiva NT, Arjun Mehta, Satish Kaul, Anindya Ghose",Seed Funding,,,2017-08-02,,Leverage Edu,leverage edu,0.0,0.0,0,-1.0,1,0.0,2,1,Seed/Angel,Consumer Internet & Media,Delhi-NCR,0.0,0.0,0.0,0.0,0.0,7.0,0.0,0.0,1.0,1
480,06/11/2017,Leverage Edu,ECommerce,Online platform for Higher Education Services,New Delhi,"Alok Mittal, Deepak Jain, Ritesh Malik, Jim Schimdktke",Seed Funding,,,2017-11-06,,Leverage Edu,leverage edu,0.0,0.0,1,96.0,0,96.0,2,1,Seed/Angel,E-Commerce,Delhi-NCR,0.00025031289111389235,0.0,0.015404604139267346,0.00012420412971409308,0.00012420412971409308,4.0,0.0,1.0,1.0,1
1177,23/12/2016,LexComply,Consumer Internet,Compliance Management Software,New Delhi,Ajay Relan,Seed Funding,,,2016-12-23,,LexComply,lexcomply,0.0,0.0,0,-1.0,1,0.0,1,0,Seed/Angel,Consumer Internet & Media,Delhi-NCR,0.0,0.0,0.0,0.0,0.0,1.0,0.0,0.0,1.0,0
2589,07/07/2015,Liases Foras,Real Estate Rating & Analysis,,New Delhi,DMG information Asia Pacific,Private Equity,"50,00,000",Series A,2015-07-07,5000000.0,Liases Foras,liases foras,0.0,0.0,0,-1.0,1,0.0,1,0,Private Equity,Other,Delhi-NCR,0.0,0.0,0.0,0.0,0.0,1.0,0.0,0.0,1.0,0
2456,24/09/2015,Licious,Online Meat Ordering platform,,Bangalore,"Kanwaljit Singh, TV Mohandas Pai",Seed Funding,"10,00,000",,2015-09-24,1000000.0,Licious,licious,0.0,0.0,0,-1.0,1,0.0,4,1,Seed/Angel,Other,Bengaluru,0.0,0.0,0.0,0.0,0.0,2.0,0.0,0.0,2.0,1
1801,22/04/2016,Licious,eCommerce,Mobile based Meat ordering App,Bangalore,Mayfield India II Management Ltd,Private Equity,"30,00,000",,2016-04-22,3000000.0,Licious,licious,1000000.0,1000000.0,1,211.0,0,211.0,4,1,Private Equity,E-Commerce,Bengaluru,0.0,0.0,0.0,0.0,0.0,1.0,0.0,0.0,2.0,1
985,29/03/2017,Licious,ECommerce,Online Meat Ordering platform,Bangalore,"Mayfield India, 3one4 Capital, Sistema Asia Fund, Neoplux Technology Fund",Private Equity,"1,00,00,000",,2017-03-29,10000000.0,Licious,licious,4000000.0,3000000.0,2,341.0,0,552.0,4,1,Private Equity,E-Commerce,Bengaluru,0.001501877346683354,0.023785097432873104,0.008421220328907532,0.0005483948331491189,0.00033979267312800787,4.0,0.0,1.0,2.0,1
13,16/12/2019,Licious,E-Commerce,Online Meat And Seafood Ordering Startup,Bengaluru,Vertex Growth Fund,Series E,"3,00,00,000",,2019-12-16,30000000.0,Licious,licious,14000000.0,10000000.0,3,992.0,0,1544.0,4,1,Late Stage (C+),E-Commerce,Bengaluru,0.0,0.0,0.0,0.0,0.0,1.0,0.0,0.0,2.0,1
1885,22/03/2016,LifCare,Consumer Internet,Online Pharmacy portal,Jaipur,"Rajul Garg, Alok Mittal, Kunal Shah, Rishi Mandawat, Dheeraj Jain, Sandeep Tandon, Dexter Angel Circle",Seed Funding,,,2016-03-22,,LifCare,lifcare,0.0,0.0,0,-1.0,1,0.0,1,0,Seed/Angel,Consumer Internet & Media,Jaipur,0.0,0.0,0.0,0.0,0.0,7.0,0.0,0.0,1.0,0
1699,12/05/2016,Life Circle,Healthcare,Senior Healthcare Services,Hyderabad,GROUPE SOS,Private Equity,"1,50,000",,2016-05-12,150000.0,Life Circle,life circle,0.0,0.0,0,-1.0,1,0.0,1,0,Private Equity,Healthcare,Hyderabad,0.0,0.0,0.0,0.0,0.0,1.0,0.0,0.0,1.0,0
1210,11/11/2016,Life in Control,Consumer Internet,Online Diabetes Management platform,Gurgaon,RoundGlass Partners,Private Equity,,,2016-11-11,,Life in Control,life in control,0.0,0.0,0,-1.0,1,0.0,1,0,Private Equity,Consumer Internet & Media,Delhi-NCR,0.0,0.0,0.0,0.0,0.0,1.0,0.0,0.0,1.0,0
1875,17/03/2016,Liftiee,Consumer Internet,Car/ bike Pooling App,Mumbai,"Rannvijay Singh, Anita Hassanandani",Seed Funding,"1,08,000",,2016-03-17,108000.0,Liftiee,liftiee,0.0,0.0,0,-1.0,1,0.0,1,0,Seed/Angel,Consumer Internet & Media,Mumbai,0.0,0.0,0.0,0.0,0.0,2.0,0.0,0.0,1.0,0
2377,30/10/2015,LiftO,Ridesharing Mobile app,,Mumbai,"Rajesh Bhatia, Dheeraj Mehta & Others",Seed Funding,"1,30,000",,2015-10-30,130000.0,LiftO,lifto,0.0,0.0,0,-1.0,1,0.0,1,0,Seed/Angel,Other,Mumbai,0.0,0.0,0.0,0.0,0.0,2.0,0.0,0.0,1.0,0
642,04/08/2017,Lime Tray,Technology,Restaurant Management Solutions,New Delhi,JSW Ventures,Private Equity,,,2017-08-04,,Lime Tray,lime tray,0.0,0.0,0,-1.0,1,0.0,1,0,Private Equity,Technology & SaaS,Delhi-NCR,0.00025031289111389235,0.0,0.00011420396627358316,0.00013968573708715763,0.00013968573708715763,1.0,0.0,1.0,1.0,0
2927,28/03/2015,LimeRoad.com,,,,"Tiger Global, Matrix Partners, Lightspeed Venture Partners",Private Equity,"3,00,00,000",,2015-03-28,30000000.0,LimeRoad.com,limeroad,0.0,0.0,0,-1.0,1,0.0,1,0,Private Equity,Other,Tier-2/Other,0.005006257822277847,0.07287536754319783,0.18527724887454788,0.0017164247516392465,0.0007277062762582823,3.0,1.0,1.0,1.0,0
1570,02/06/2016,Limo,Consumer Internet,Bus Aggregator Mobile app,Mumbai,Rainmaker Ventures,Private Equity,"10,00,000",,2016-06-02,1000000.0,Limo,limo,0.0,0.0,0,-1.0,1,0.0,1,0,Private Equity,Consumer Internet & Media,Mumbai,0.0,0.0,0.0,0.0,0.0,1.0,0.0,0.0,1.0,0
1380,19/09/2016,Liqvid,Technology,Integrated eLearning content solutions,New Delhi,Gray Matters Capital,Private Equity,,,2016-09-19,,Liqvid,liqvid,0.0,0.0,0,-1.0,1,0.0,1,0,Private Equity,Technology & SaaS,Delhi-NCR,0.0,0.0,0.0,0.0,0.0,1.0,0.0,0.0,1.0,0
1581,08/06/2016,ListUp,eCommerce,Location based Classified Mobile app,Mumbai,"Kae Capital, Kunal Shah, Sandeep Tandon",Seed Funding,"5,00,000",,2016-06-08,500000.0,ListUp,listup,0.0,0.0,0,-1.0,1,0.0,1,0,Seed/Angel,E-Commerce,Mumbai,0.0005006257822277847,0.0022066892579169126,0.00030628027223875305,0.00022405951589119736,0.00022405951589119736,3.0,0.0,1.0,1.0,0
2079,22/01/2016,Little,Consumer Internet,Deal Discovery App,Bangalore,GIC,Private Equity,,,2016-01-22,,Little,little,0.0,0.0,0,-1.0,1,0.0,1,0,Private Equity,Consumer Internet & Media,Bengaluru,0.0005006257822277847,0.001962034289606808,0.009224563305798345,0.00021437120617860534,0.00021437120617860534,1.0,0.0,1.0,1.0,0
1756,08/04/2016,Little Black Book,Consumer Internet,"Curated Food, event & Lifestyle guide",New Delhi,"IDG, Indian Angel Network",Seed Funding,,,2016-04-08,,Little Black Book,little black book,0.0,0.0,0,-1.0,1,0.0,2,1,Seed/Angel,Consumer Internet & Media,Delhi-NCR,0.002002503128911139,0.01032696862918804,0.03555811791464255,0.0008020854002554353,0.0006057057373312857,2.0,0.0,1.0,1.0,0
528,05/10/2017,Little Black Book,Consumer Internet,Local Recommendations and Discoveries Platform,New Delhi,"Blume Ventures, IDG Ventures & Indian Angel Network",Private Equity,"10,00,000",,2017-10-05,1000000.0,Little Black Book,little black book,0.0,0.0,1,545.0,0,545.0,2,1,Private Equity,Consumer Internet & Media,Delhi-NCR,0.002002503128911139,0.01032696862918804,0.03555811791464255,0.0008020854002554353,0.00047370213514532164,2.0,1.0,1.0,1.0,0
2683,03/06/2015,Little Black Book Delhi,Online City & Lifestyle Guide,,New Delhi,"Rajan Anandan, Niraj Singh, Sachin Bhatia, Singapore Angel Network & Aseem Vadehra",Seed Funding,"1,50,000",,2015-06-03,150000.0,Little Black Book Delhi,little black book delhi,0.0,0.0,0,-1.0,1,0.0,1,0,Seed/Angel,Other,Delhi-NCR,0.00025031289111389235,0.0,2.1987016027543615e-06,0.00014618287768732643,0.00014618287768732643,4.0,0.0,1.0,1.0,0
371,14/02/2018,Littlemore,Ed-Tech,Online Education Platform,Chennai,Kalpavriksh,Private Equity,"30,00,000",,2018-02-14,3000000.0,Littlemore,littlemore,0.0,0.0,0,-1.0,1,0.0,1,0,Private Equity,Other,Chennai,0.0,0.0,0.0,0.0,0.0,1.0,0.0,0.0,1.0,0
325,04/03/2018,Livehealth,Consumer Internet,Health Service Aggregator Platform,Pune,Nexus Venture Partners,Seed / Angel Funding,"11,00,000",,2018-03-04,1100000.0,Livehealth,livehealth,0.0,0.0,0,-1.0,1,0.0,1,0,Seed/Angel,Consumer Internet & Media,Pune,0.00025031289111389235,0.0,0.004643633114189387,0.00012013188825083282,0.00012013188825083282,1.0,1.0,1.0,1.0,0
1926,06/02/2016,LiveNutriFit,Healthcare,Weight loss & Healthcare Info portal,New Delhi,"Mohit Goel, Vinod Jain & Others",Seed Funding,,,2016-02-06,,LiveNutriFit,livenutrifit,0.0,0.0,0,-1.0,1,0.0,1,0,Seed/Angel,Healthcare,Delhi-NCR,0.0,0.0,0.0,0.0,0.0,2.0,0.0,0.0,1.0,0
1759,11/04/2016,Living Local,Consumer Internet,Social discovery platform,Mumbai,Rattan Chadha,Seed Funding,"2,00,000",,2016-04-11,200000.0,Living Local,living local,0.0,0.0,0,-1.0,1,0.0,1,0,Seed/Angel,Consumer Internet & Media,Mumbai,0.0,0.0,0.0,0.0,0.0,1.0,0.0,0.0,1.0,0
2509,11/08/2015,Livspace,Home Design & D\\xc3\\xa9cor solutions,,Bangalore,"Helion Ventures, Jungle Ventures & Bessemer Venture Partners",Private Equity,"80,00,000",Series A,2015-08-11,8000000.0,Livspace,livspace,0.0,0.0,0,-1.0,1,0.0,2,1,Private Equity,Other,Bengaluru,0.001501877346683354,0.013589173215773223,0.010289474729885855,0.0005614148492715481,0.0005614148492715481,2.0,0.0,1.0,1.0,0
1491,29/08/2016,LivSpace,Consumer Internet,Online portal for Home Design,Bangalore,"Bessemer Venture Partners, Jungle Ventures, Helion Ventures",Private Equity,"1,50,00,000",,2016-08-29,15000000.0,LivSpace,livspace,8000000.0,8000000.0,1,384.0,0,384.0,2,1,Private Equity,Consumer Internet & Media,Bengaluru,0.001501877346683354,0.013589173215773223,0.010289474729885855,0.0005614148492715481,0.0005320199991529137,3.0,0.0,1.0,1.0,0
54,23/08/2019,Lo! Foods,Consumer Goods,Low carb food for Diabetics,Bengaluru,"Rashmi Daga (founder, FreshMenu), Raveen Sastry (co-founder, Myntra) and Mitesh Shah (finance chief, BookMyShow)",Seed Round,"5,00,000",,2019-08-23,500000.0,Lo! Foods,lo! foods,0.0,0.0,0,-1.0,1,0.0,1,0,Seed/Angel,Other,Bengaluru,0.0,0.0,0.0,0.0,0.0,5.0,0.0,0.0,1.0,0
848,30/05/2017,Loadshare,Logistics,Express Logistics Network,Bangalore,Matrix Partners,Seed Funding,,,2017-05-30,,Loadshare,loadshare,0.0,0.0,0,-1.0,1,0.0,1,0,Seed/Angel,Logistics & Mobility,Bengaluru,0.00025031289111389235,0.0,0.0011995984420673335,0.00012986659567895903,0.00012986659567895903,1.0,1.0,1.0,1.0,0
1056,10/01/2017,Loan Frame,Consumer Internet,Small Business Loans Marketplace platform,Gurgaon,"Vedanta Capital, William Campbell, Toos N Daruvala",Private Equity,"22,50,000",,2017-01-10,2250000.0,Loan Frame,loan frame,0.0,0.0,0,-1.0,1,0.0,1,0,Private Equity,Consumer Internet & Media,Delhi-NCR,0.0,0.0,0.0,0.0,0.0,3.0,0.0,0.0,1.0,0
193,05/072018,Loan Tap,Consumer Internet,Online Lending Platform For Salaried Professionals,Mumbai,"Shunwei Capital, Tuscan Ventures, Ashish Goenka, VC firms India Quotient and Kae Capital",Private Equity,"62,50,000",,2018-07-05,6250000.0,Loan Tap,loan tap,0.0,0.0,0,-1.0,1,0.0,1,0,Private Equity,Consumer Internet & Media,Mumbai,0.0012515644555694616,0.0015831233045289707,0.0017614729921763422,0.000554745742038456,0.0003531012329032588,4.0,0.0,1.0,1.0,0
2205,03/11/2015,LoanBaba,Online Loans Marketplace,,Mumbai,,Seed Funding,"3,20,000",,2015-11-03,320000.0,LoanBaba,loanbaba,0.0,0.0,0,-1.0,1,0.0,1,0,Seed/Angel,E-Commerce,Mumbai,0.0,0.0,0.0,0.0,0.0,0.0,0.0,0.0,1.0,0
2466,29/09/2015,LoanCircle,Consumer lending marketplace,,Bangalore,"Zishaan Hayath, Rahul Khanna & Others",Seed Funding,,,2015-09-29,,LoanCircle,loancircle,0.0,0.0,0,-1.0,1,0.0,1,0,Seed/Angel,E-Commerce,Bengaluru,0.0,0.0,0.0,0.0,0.0,2.0,0.0,0.0,1.0,0
740,12/06/2017,Loanmeet,Consumer Internet,Online peer-to-peer lending platform,Bangalore,"Cao Yibin, Huang Wei, Madhusudan E,",Seed Funding,,,2017-06-12,,Loanmeet,loanmeet,0.0,0.0,0,-1.0,1,0.0,1,0,Seed/Angel,Consumer Internet & Media,Bengaluru,0.0,0.0,0.0,0.0,0.0,3.0,0.0,0.0,1.0,0
1487,29/08/2016,LoanTap,Consumer Internet,Lending platform for Salaried professionals,Mumbai,"Dr. Abhishek Pandey, Jaysukh Sapra",Private Equity,"30,00,000",,2016-08-29,3000000.0,LoanTap,loantap,0.0,0.0,0,-1.0,1,0.0,2,1,Private Equity,Consumer Internet & Media,Mumbai,0.0,0.0,0.0,0.0,0.0,2.0,0.0,0.0,1.0,0
771,23/06/2017,Loantap,Consumer Internet,Lending platform for salaried professionals,Mumbai,"Kae Capital, India Quotient, IFMR, and MAS Financial Services Ltd",Private Equity,"40,00,000",,2017-06-23,4000000.0,Loantap,loantap,3000000.0,3000000.0,1,298.0,0,298.0,2,1,Private Equity,Consumer Internet & Media,Mumbai,0.0012515644555694616,0.0022066892579169126,0.013632807247657515,0.000554745742038456,0.00029788720265705345,4.0,0.0,1.0,1.0,0
1991,24/02/2016,LoanZen,Consumer Internet,Peer to peer Lending marketplace,Bangalore,Tracxn Syndicate,Seed Funding,,,2016-02-24,,LoanZen,loanzen,0.0,0.0,0,-1.0,1,0.0,2,1,Seed/Angel,Consumer Internet & Media,Bengaluru,0.0,0.0,0.0,0.0,0.0,1.0,0.0,0.0,1.0,0
292,10/04/2018,Loanzen,Finance,Digital Lending Platform In Logistics,Bengaluru,Kae Capital Management,Seed / Angel Funding,,,2018-04-10,,Loanzen,loanzen,0.0,0.0,1,776.0,0,776.0,2,1,Seed/Angel,FinTech,Bengaluru,0.0005006257822277847,0.0022066892579169126,0.00030628027223875305,0.00022405951589119736,0.00022405951589119736,1.0,0.0,1.0,1.0,0
2883,10/03/2015,Localbanya,,,,Shrem Strategies,Private Equity,,Series B,2015-03-10,,Localbanya,localbanya,0.0,0.0,0,-1.0,1,0.0,1,0,Private Equity,Other,Tier-2/Other,0.0,0.0,0.0,0.0,0.0,1.0,0.0,0.0,1.0,0
2150,11/12/2015,LocalCircles,Citizens Engagement Platform,,Noida,Anand Mahindra,Private Equity,,,2015-12-11,,LocalCircles,localcircles,0.0,0.0,0,-1.0,1,0.0,1,0,Private Equity,Other,Delhi-NCR,0.0,0.0,0.0,0.0,0.0,1.0,0.0,0.0,1.0,0
2835,14/04/2015,LocalOye,Hyper-local Online Services,,Mumbai,"Tiger Global Management, Lightspeed Venture Partners",Private Equity,"50,00,000",Series A,2015-04-14,5000000.0,LocalOye,localoye,0.0,0.0,0,-1.0,1,0.0,1,0,Private Equity,Other,Mumbai,0.005006257822277847,0.07287536754319783,0.18527724887454788,0.0017164247516392465,0.001026626116547944,2.0,1.0,1.0,1.0,0
1980,19/02/2016,LocalRamu,Consumer Internet,mobile based aggregator for local service providers,Bangalore,3 undisclosed investors,Seed Funding,,,2016-02-19,,LocalRamu,localramu,0.0,0.0,0,-1.0,1,0.0,1,0,Seed/Angel,Consumer Internet & Media,Bengaluru,0.0,0.0,0.0,0.0,0.0,1.0,0.0,0.0,1.0,0
1649,28/06/2016,Locanix,Technology,GPS based SaaS Solutions,Ahmedabad,Undisclosed investors,Seed Funding,"3,00,000",,2016-06-28,300000.0,Locanix,locanix,0.0,0.0,0,-1.0,1,0.0,1,0,Seed/Angel,Technology & SaaS,Ahmedabad,0.0,0.0,0.0,0.0,0.0,1.0,0.0,0.0,1.0,0
2646,27/07/2015,Locus,Logistics Automation Platform,,Bangalore,"growX ventures,\\xc2\\xa0 Manish Singhal",Seed Funding,,,2015-07-27,,Locus,locus,0.0,0.0,0,-1.0,1,0.0,2,1,Seed/Angel,Logistics & Mobility,Bengaluru,0.00025031289111389235,0.0,9.55861469935405e-07,0.00014934135773833068,0.00014934135773833068,2.0,0.0,1.0,2.0,1
1686,09/05/2016,Locus,Technology,Logistics Intelligence platform,Bangalore,"Exfinity Venture Partners, Blume Ventures, BeeNext, Rajesh Ranavat",Private Equity,"27,50,000",,2016-05-09,2750000.0,Locus,locus,0.0,0.0,1,287.0,0,287.0,2,1,Private Equity,Technology & SaaS,Bengaluru,0.002252816020025031,0.026666534645510814,0.01377356864908714,0.0008378082004402911,0.0004013981553500131,4.0,1.0,1.0,2.0,1
819,12/05/2017,Log 9 Materials,Technology,NanoTech product developer,Bangalore,GEMs,Seed Funding,,,2017-05-12,,Log 9 Materials,log 9 materials,0.0,0.0,0,-1.0,1,0.0,1,0,Seed/Angel,Technology & SaaS,Bengaluru,0.0,0.0,0.0,0.0,0.0,1.0,0.0,0.0,2.0,1
213,23/07/2018,Log9 Materials,Technology,Nanotechnology Company Specializing In Graphene,Bengaluru,"Metaform Ventures, Hemant Luthra, Micro venture capital firm GEMS Partners and Others",Seed/ Angel Funding,"4,36,000",,2018-07-23,436000.0,Log9 Materials,log9 materials,0.0,0.0,0,-1.0,1,0.0,1,0,Seed/Angel,Technology & SaaS,Bengaluru,0.00025031289111389235,0.0,0.001687993830765646,0.00013940520971337638,0.00013940520971337638,3.0,0.0,1.0,1.0,0
442,11/12/2017,Logic Roots,Technology,Educational Platform to Learn Mathematics,Mumbai,Village Capital,Seed/Angel Funding,"50,000",,2017-12-11,50000.0,Logic Roots,logic roots,0.0,0.0,0,-1.0,1,0.0,1,0,Seed/Angel,Technology & SaaS,Mumbai,0.0,0.0,0.0,0.0,0.0,1.0,0.0,0.0,1.0,0
2861,27/04/2015,LogicRoots,Interactive Educational Games,,Jaipur,"Ah! Ventures, Calcutta Angels,\\xc2\\xa0 91SpringBoard",Seed Funding,"4,00,000",,2015-04-27,400000.0,LogicRoots,logicroots,0.0,0.0,0,-1.0,1,0.0,1,0,Seed/Angel,EdTech,Jaipur,0.0012515644555694616,0.0034676545481551486,0.00024930596051947864,0.0005595823330734198,0.00036197059978265614,3.0,0.0,1.0,1.0,0
2818,07/04/2015,LogiNext,Logistics Tech,,Mumbai,"Ajit Surana, Sanjay Mehta",Seed Funding,,,2015-04-07,,LogiNext,loginext,0.0,0.0,0,-1.0,1,0.0,2,1,Seed/Angel,Logistics & Mobility,Mumbai,0.0,0.0,0.0,0.0,0.0,2.0,0.0,0.0,1.0,0
2446,22/09/2015,LogiNext,End-to-end Logistics platform,,Mumbai,Paytm,Private Equity,"1,00,00,000",Series A,2015-09-22,10000000.0,LogiNext,loginext,0.0,0.0,1,168.0,0,168.0,2,1,Private Equity,Logistics & Mobility,Mumbai,0.00025031289111389235,0.0,5.436574580572323e-09,0.00019298932774467834,0.00019298932774467834,1.0,0.0,1.0,1.0,0
387,27/02/2018,Lollypop,Technology,Digital Design,Bengaluru,Dr Devi Shetty,Seed / Angel Funding,,,2018-02-27,,Lollypop,lollypop,0.0,0.0,0,-1.0,1,0.0,1,0,Seed/Angel,Technology & SaaS,Bengaluru,0.0,0.0,0.0,0.0,0.0,1.0,0.0,0.0,1.0,0
1127,07/12/2016,LookAtMe,Consumer Internet,Mobile App based Fashion Network,Singapore,Eros Labs,Seed Funding,,,2016-12-07,,LookAtMe,lookatme,0.0,0.0,0,-1.0,1,0.0,1,0,Seed/Angel,Consumer Internet & Media,Tier-2/Other,0.0,0.0,0.0,0.0,0.0,1.0,0.0,0.0,1.0,0
2992,05/01/2015,Lookup,,,,"DeNA Co., Japan & Teruhide Sato (in Addition to MKS Switzerland & Kris GopalKrishnan)",Seed\\nFunding,"3,80,000",,2015-01-05,380000.0,Lookup,lookup,0.0,0.0,0,-1.0,1,0.0,3,1,Seed/Angel,Other,Tier-2/Other,0.0005006257822277847,0.0006054020460706204,0.00028908065558850936,0.00022238816584291052,0.00022238816584291052,2.0,0.0,1.0,1.0,0
2793,20/05/2015,Lookup,B2C Messaging App,,Bangalore,Biz Stone,Private Equity,"30,00,000",Series A,2015-05-20,3000000.0,Lookup,lookup,380000.0,380000.0,1,135.0,0,135.0,3,1,Private Equity,Other,Bengaluru,0.0,0.0,0.0,0.0,0.0,1.0,0.0,0.0,1.0,0
2332,13/10/2015,Lookup,Mobile Messaging Assistant App,,Bangalore,"Khosla Impact, Biz Stone, Catamaran Ventures, Global Founders Capital, European investment fund",Private Equity,"25,00,000",Series A,2015-10-13,2500000.0,Lookup,lookup,3380000.0,3000000.0,2,146.0,0,281.0,3,1,Private Equity,Other,Bengaluru,0.0010012515644555694,0.003536739188806664,0.013159604614410363,0.00037416218548865226,0.00037416218548865226,5.0,0.0,1.0,1.0,0
2491,06/08/2015,LoudShout,anonymous bulletin board app,,New Delhi,"Sanjay Sethi, Ravi Jaipuria & others",Seed Funding,,,2015-08-06,,LoudShout,loudshout,0.0,0.0,0,-1.0,1,0.0,1,0,Seed/Angel,Other,Delhi-NCR,0.0,0.0,0.0,0.0,0.0,2.0,0.0,0.0,1.0,0
1847,08/03/2016,LoveCycles,Consumer Internet,Women\\xe2\\x80\\x99s health Tracker,Bangalore,Prime Venture Partners,Seed Funding,"7,50,000",,2016-03-08,750000.0,LoveCycles,lovecycles,0.0,0.0,0,-1.0,1,0.0,1,0,Seed/Angel,Consumer Internet & Media,Bengaluru,0.00025031289111389235,0.0,0.0003495453046448737,0.00014071534285899344,0.00014071534285899344,1.0,0.0,1.0,1.0,0
1102,25/01/2017,LoyaltyPrime,Technology,Loyalty program management solutions,New Delhi,"Senovo, Unternehmertum Venture Capital, Alexander Bruehl",Private Equity,,,2017-01-25,,LoyaltyPrime,loyaltyprime,0.0,0.0,0,-1.0,1,0.0,1,0,Private Equity,Technology & SaaS,Delhi-NCR,0.0,0.0,0.0,0.0,0.0,3.0,0.0,0.0,1.0,0
1343,01/09/2016,Lucideus,Technology,IT Risk Assessment and Digital Security Services provider.,New Delhi,Amit Choudhary,Seed Funding,,,2016-09-01,,Lucideus,lucideus,0.0,0.0,0,-1.0,1,0.0,2,1,Seed/Angel,Technology & SaaS,Delhi-NCR,0.0,0.0,0.0,0.0,0.0,1.0,0.0,0.0,1.0,0
810,10/05/2017,Lucideus,Technology,Cyber Security Startup,New Delhi,"Vellayan Subbiah, Jonathan Boutelle, Rajan Anandan,\\xc2\\xa0 Rahul Chawla, Salil Donde, Amit Ranjan, Govind Rajan & Others",Seed Funding,,,2017-05-10,,Lucideus,lucideus,0.0,0.0,1,251.0,0,251.0,2,1,Seed/Angel,Technology & SaaS,Delhi-NCR,0.0,0.0,0.0,0.0,0.0,7.0,0.0,0.0,1.0,0
2031,09/01/2016,Lumiere,ECommerce,Organic Food eTailer,Bangalore,Undisclosed investors,Private Equity,,,2016-01-09,,Lumiere,lumiere,0.0,0.0,0,-1.0,1,0.0,1,0,Private Equity,E-Commerce,Bengaluru,0.0,0.0,0.0,0.0,0.0,1.0,0.0,0.0,1.0,0
2386,01/09/2015,Luxuryhues,Luxury goods\\xc2\\xa0 Shopping Platform,,Gurgaon,Reliance Capital,Private Equity,"9,00,000",Series A,2015-09-01,900000.0,Luxuryhues,luxuryhues,0.0,0.0,0,-1.0,1,0.0,1,0,Private Equity,Other,Delhi-NCR,0.0012515644555694616,0.004638772999889398,7.508484863299938e-05,0.0005537048140257201,0.0005537048140257201,1.0,0.0,1.0,1.0,0
2601,08/07/2015,Lybrate,Healthcare Mobile App,,New Delhi,"Tiger Global Management, Ratan Tata, Nexus Venture Partners",Private Equity,"1,02,00,000",Series A,2015-07-08,10200000.0,Lybrate,lybrate,0.0,0.0,0,-1.0,1,0.0,1,0,Private Equity,Healthcare,Delhi-NCR,0.005006257822277847,0.07287536754319783,0.18527724887454788,0.0017164247516392465,0.0009182783199450397,3.0,1.0,1.0,1.0,0
2283,28/11/2015,M-TAXI,Two-Wheeler Taxi Service,,Gurgaon,"Mandeep Singh, Jairaj Singh",Seed Funding,,,2015-11-28,,M-TAXI,m-taxi,0.0,0.0,0,-1.0,1,0.0,1,0,Seed/Angel,Other,Delhi-NCR,0.0,0.0,0.0,0.0,0.0,2.0,0.0,0.0,1.0,0
1797,21/04/2016,m.paani,Consumer Internet,Loyalty rewards platform,Mumbai,"Blume Ventures, Adil Allana, Aprameya Radhakrishna, Gautam Ivatury, Signal Point Partners",Seed Funding,,,2016-04-21,,m.paani,m.paani,0.0,0.0,0,-1.0,1,0.0,1,0,Seed/Angel,Consumer Internet & Media,Mumbai,0.00025031289111389235,0.0,2.4573577241560827e-06,0.00017390235357615433,0.00015961061180568117,5.0,1.0,1.0,1.0,0
1453,17/08/2016,MaalGaadi,Logistics,Online Logistics Marketplace,Indore,"Swan Angel Network,Sachin Khandelwal and others",Seed Funding,"3,75,000",,2016-08-17,375000.0,MaalGaadi,maalgaadi,0.0,0.0,0,-1.0,1,0.0,1,0,Seed/Angel,Logistics & Mobility,Tier-2/Other,0.0,0.0,0.0,0.0,0.0,2.0,0.0,0.0,1.0,0
1909,02/02/2016,MaaxMarket,Consumer Internet,Marketing Automation platform,,Multiple investors through Ten Minute Million competition,Seed Funding,"22,500",,2016-02-02,22500.0,MaaxMarket,maaxmarket,0.0,0.0,0,-1.0,1,0.0,1,0,Seed/Angel,Consumer Internet & Media,Tier-2/Other,0.0,0.0,0.0,0.0,0.0,1.0,0.0,0.0,1.0,0
1740,31/05/2016,MachaDalo,Consumer Internet,Hyperlocal Advertising Platform,Mumbai,Undisclosed Investors,Seed Funding,"1,75,000",,2016-05-31,175000.0,MachaDalo,machadalo,0.0,0.0,0,-1.0,1,0.0,1,0,Seed/Angel,Consumer Internet & Media,Mumbai,0.0,0.0,0.0,0.0,0.0,1.0,0.0,0.0,1.0,0
3042,30/01/2015,Mad Street Den,,,,"Exfinity Fund, GrowX Ventures.",Private Equity,"15,00,000",,2015-01-30,1500000.0,Mad Street Den,mad street den,0.0,0.0,0,-1.0,1,0.0,3,1,Private Equity,Other,Tier-2/Other,0.00025031289111389235,0.0,9.55861469935405e-07,0.00014934135773833068,0.00014934135773833068,2.0,0.0,1.0,1.0,0
1340,01/09/2016,Mad Street Den,Technology,Artificial Intelligence platform,Chennai,"Sequoia India, Exfinity Ventures, growX ventures,",Private Equity,,,2016-09-01,,Mad Street Den,mad street den,1500000.0,1500000.0,1,580.0,0,580.0,3,1,Private Equity,Technology & SaaS,Chennai,0.000750938673341677,0.0036940218595162967,0.007362732465128354,0.00033164209477533563,0.00024049172625683317,3.0,1.0,1.0,1.0,0
158,05/09/2018,Mad Street Den,Technology,Computer Vision And Artificial Intelligence (Ai) Platform,Chennai,KDDI\\xc2\\xa0,Private Equity,,,2018-09-05,,Mad Street Den,mad street den,1500000.0,1500000.0,2,734.0,0,1314.0,3,1,Private Equity,Technology & SaaS,Chennai,0.0,0.0,0.0,0.0,0.0,1.0,0.0,0.0,1.0,0
2659,30/07/2015,MadRat Games,Educational Board Games,,Bangalore,"Kunal Bahl, Rohit Bansal",Seed Funding,"1,68,000",,2015-07-30,168000.0,MadRat Games,madrat games,0.0,0.0,0,-1.0,1,0.0,2,1,Seed/Angel,EdTech,Bengaluru,0.00025031289111389235,0.0,0.00017941689575689057,0.0001301985770115292,0.0001301985770115292,2.0,0.0,1.0,1.0,0
1595,10/06/2016,MadRat Games,Technology,Wearable Gaming Platform,Bangalore,"Ratan Tata, Bhavish Aggarwal, Ankit Bhati, Binny Bansal, Girish Mathrubootham",Seed Funding,,,2016-06-10,,MadRat Games,madrat games,168000.0,168000.0,1,316.0,0,316.0,2,1,Seed/Angel,Technology & SaaS,Bengaluru,0.0012515644555694616,0.010687931577880288,0.01213914455110461,0.0004861118041767175,0.0004861118041767175,5.0,0.0,1.0,1.0,0
1917,05/02/2016,Magic Crate,Education,Children Education Platform,Bangalore,"TV Mohandas Pai, Aarin Capital",Seed Funding,,,2016-02-05,,Magic Crate,magic crate,0.0,0.0,0,-1.0,1,0.0,1,0,Seed/Angel,EdTech,Bengaluru,0.00025031289111389235,0.0,5.436574580572323e-09,0.00019298932774467834,0.00019298932774467834,2.0,0.0,1.0,1.0,0
954,09/03/2017,MagicBricks,Consumer Internet,Online Real Estate Portal,Mumbai,Times Internet Ltd,Private Equity,"45,00,000",,2017-03-09,4500000.0,MagicBricks,magicbricks,0.0,0.0,0,-1.0,1,0.0,1,0,Private Equity,Consumer Internet & Media,Mumbai,0.0,0.0,0.0,0.0,0.0,1.0,0.0,0.0,1.0,0
1982,22/02/2016,Magicpin,Consumer Internet,Hyperlocal Discover Mobile App,New Delhi,Lightspeed India,Private Equity,"30,00,000",,2016-02-22,3000000.0,Magicpin,magicpin,0.0,0.0,0,-1.0,1,0.0,4,1,Private Equity,Consumer Internet & Media,Delhi-NCR,0.000750938673341677,0.002140516295368845,0.0010745970944144054,0.0003368274814566413,0.0003368274814566413,1.0,1.0,1.0,1.0,0
838,23/05/2017,Magicpin,Consumer Internet,Hyperlocal discovery platform,Gurgaon,"Lightspeed Venture Partners, Vy Capital,",Private Equity,"66,00,000",,2017-05-23,6600000.0,Magicpin,magicpin,3000000.0,3000000.0,1,456.0,0,456.0,4,1,Private Equity,Consumer Internet & Media,Delhi-NCR,0.000750938673341677,0.002140516295368845,0.0010745970944144054,0.0003368274814566413,0.00028541465720757303,2.0,1.0,1.0,1.0,0
853,31/05/2017,Magicpin,Consumer Internet,Hyperlocal Discovery\\xc2\\xa0 & Rewards platform,Gurgaon,"Lightspeed India Partners, Waterbridge Ventures",Private Equity,"70,00,000",,2017-05-31,7000000.0,Magicpin,magicpin,9600000.0,6600000.0,2,8.0,0,464.0,4,1,Private Equity,Consumer Internet & Media,Delhi-NCR,0.000750938673341677,0.0038751109825472126,0.0016567159888903201,0.0003368274814566413,0.0003201494499203245,2.0,1.0,1.0,1.0,0
329,08/03/2018,Magicpin,Consumer Internet,Hyperlocal Discovery,Gurugram,Trifecta Capital,Debt Funding,"10,00,000",,2018-03-08,1000000.0,Magicpin,magicpin,16600000.0,7000000.0,3,281.0,0,745.0,4,1,Debt,Consumer Internet & Media,Delhi-NCR,0.00025031289111389235,0.0,0.007851646982310443,0.00013105928853511366,0.00013105928853511366,1.0,0.0,1.0,1.0,0
1763,12/04/2016,MagicX,Consumer Internet,On-Demand Task Management App,Bangalore,"Kris Gopalakrishnan, Dr. Ranjan Pai",Seed Funding,"10,00,000",,2016-04-12,1000000.0,MagicX,magicx,0.0,0.0,0,-1.0,1,0.0,1,0,Seed/Angel,Consumer Internet & Media,Bengaluru,0.0,0.0,0.0,0.0,0.0,2.0,0.0,0.0,1.0,0
2910,20/03/2015,Mahindra First Choice,,,,Valiant Capital,Private Equity,"1,50,00,000",Series B,2015-03-20,15000000.0,Mahindra First Choice,mahindra first choice,0.0,0.0,0,-1.0,1,0.0,1,0,Private Equity,Other,Tier-2/Other,0.0012515644555694616,0.004638772999889398,7.508484863299938e-05,0.0005537048140257201,0.0005537048140257201,1.0,0.0,1.0,1.0,0
2026,07/01/2016,MakeMyTrip,Consumer Internet,Online Travel/Hotel Booking platform,Gurgaon,Ctrip.com International Ltd,Private Equity,"18,00,00,000",,2016-01-07,180000000.0,MakeMyTrip,makemytrip,0.0,0.0,0,-1.0,1,0.0,2,1,Private Equity,Consumer Internet & Media,Delhi-NCR,0.0,0.0,0.0,0.0,0.0,1.0,0.0,0.0,1.0,0
171,07/08/2018,MakeMyTrip,Consumer Internet,Online Travel Aggregator,Gurugram,MakeMyTrip Limited,Private Equity,"1,00,00,000",,2018-08-07,10000000.0,MakeMyTrip,makemytrip,180000000.0,180000000.0,1,943.0,0,943.0,2,1,Private Equity,Consumer Internet & Media,Delhi-NCR,0.0,0.0,0.0,0.0,0.0,1.0,0.0,0.0,1.0,0
1451,16/08/2016,Makkajai,Technology,Online & Mobile learning for kids,Pune,"Anand Chandrasekaran, Ananth Narayanan, Mekin Maheshwari, Ravi Garikipati, Divyesh Shah, Swastika Company Ltd",Seed Funding,"2,50,000",,2016-08-16,250000.0,Makkajai,makkajai,0.0,0.0,0,-1.0,1,0.0,1,0,Seed/Angel,Technology & SaaS,Pune,0.0,0.0,0.0,0.0,0.0,6.0,0.0,0.0,1.0,0
1168,21/12/2016,MamaEarth,eCommerce,Babycare Products seller,New Delhi,Fireside Ventures & Others,Seed Funding,,,2016-12-21,,MamaEarth,mamaearth,0.0,0.0,0,-1.0,1,0.0,5,1,Seed/Angel,E-Commerce,Delhi-NCR,0.0005006257822277847,3.7603338675096497e-07,9.534617301620764e-08,0.0003074012149302045,0.0003074012149302045,1.0,0.0,1.0,2.0,1
589,07/09/2017,MamaEarth,eCommerce,online babycare products marketplace,Gurgaon,Fireside Ventures,Seed Funding,,,2017-09-07,,MamaEarth,mamaearth,0.0,0.0,1,260.0,0,260.0,5,1,Seed/Angel,E-Commerce,Delhi-NCR,0.0005006257822277847,3.7603338675096497e-07,9.534617301620764e-08,0.0003074012149302045,0.0003074012149302045,1.0,0.0,1.0,2.0,1
301,19/04/2018,mamaearth,Healthcare,Online Baby care Products,Gurugram,Shilpa Shetty Kundra,Private Equity,,,2018-04-19,,mamaearth,mamaearth,0.0,0.0,2,224.0,0,484.0,5,1,Private Equity,Healthcare,Delhi-NCR,0.0,0.0,0.0,0.0,0.0,1.0,0.0,0.0,2.0,1
160,10/09/2018,MamaEarth,Healthcare,Online Marketplace For Mother and Babycare Products,Gurugram,Stellaris Ventures & Others,Private Equity,"40,00,000",,2018-09-10,4000000.0,MamaEarth,mamaearth,0.0,0.0,3,144.0,0,628.0,5,1,Private Equity,Healthcare,Delhi-NCR,0.0,0.0,0.0,0.0,0.0,1.0,0.0,0.0,2.0,1
3,09/01/2020,Mamaearth,E-commerce,Retailer of baby and toddler products,Bengaluru,Sequoia Capital India,Series B,"1,83,58,860",,2020-01-09,18358860.0,Mamaearth,mamaearth,4000000.0,4000000.0,4,486.0,0,1114.0,5,1,Series B,E-Commerce,Bengaluru,0.004005006257822278,0.059859204892582674,0.09566198113272546,0.001413958516141685,0.001413958516141685,1.0,1.0,1.0,2.0,1
2644,27/07/2015,ManageMySpa,Spa & Salon Management Software,,Hyderabad,Accel Partners,Private Equity,"60,00,000",Series A,2015-07-27,6000000.0,ManageMySpa,managemyspa,0.0,0.0,0,-1.0,1,0.0,1,0,Private Equity,Technology & SaaS,Hyderabad,0.0025031289111389233,0.03180691231866443,0.01397423501569189,0.0009597977221441899,0.0009597977221441899,1.0,1.0,1.0,1.0,0
120,04/12/2018,Manch,Social Media,Hyperlocal Content,Delhi,Stellaris Venture Partners,Seed Funding,"7,00,000",,2018-12-04,700000.0,Manch,manch,0.0,0.0,0,-1.0,1,0.0,1,0,Seed/Angel,Consumer Internet & Media,Delhi-NCR,0.0025031289111389233,0.009284405205667146,0.0026777303065239127,0.0010012613196776867,0.0010012613196776867,1.0,0.0,1.0,1.0,0
2946,03/02/2015,Manthan,,,,"Temasek, Norwest Venture Partners",Private Equity,"6,00,00,000",Series D,2015-02-03,60000000.0,Manthan,manthan,0.0,0.0,0,-1.0,1,0.0,1,0,Private Equity,Other,Tier-2/Other,0.0010012515644555694,0.005143101508529839,0.0051028062146093655,0.0003916403585052038,0.00039015043554295746,2.0,1.0,1.0,1.0,0
2880,06/03/2015,MapMyGenome,,,,Rajan Anandan & other angel investors,Private Equity,"12,00,000",,2015-03-06,1200000.0,MapMyGenome,mapmygenome,0.0,0.0,0,-1.0,1,0.0,1,0,Private Equity,Other,Tier-2/Other,0.000750938673341677,2.0055113960051465e-06,5.212874231067168e-07,0.00039636782498119144,0.00039636782498119144,1.0,0.0,1.0,1.0,0
1112,30/01/2017,Maptags,Consumer Internet,Smart Online address tags,Bangalore,The Ten Minute Million,Seed Funding,"18,000",,2017-01-30,18000.0,Maptags,maptags,0.0,0.0,0,-1.0,1,0.0,1,0,Seed/Angel,Consumer Internet & Media,Bengaluru,0.0,0.0,0.0,0.0,0.0,1.0,0.0,0.0,1.0,0
1253,30/11/2016,MarianaIQ,Technology,AI-driven B2B marketing platform,Bangalore,Exfinity Venture Partners,Private Equity,"20,00,000",,2016-11-30,2000000.0,MarianaIQ,marianaiq,0.0,0.0,0,-1.0,1,0.0,1,0,Private Equity,Technology & SaaS,Bengaluru,0.0005006257822277847,5.640500801264474e-07,0.002369353481933205,0.00022106739557454014,0.00022106739557454014,1.0,0.0,1.0,1.0,0
973,23/03/2017,Markets and Markets,Technology,Marketing Research Company,Pune,"FTV Capital, Zodius Capital",Private Equity,"5,60,00,000",,2017-03-23,56000000.0,Markets and Markets,markets and markets,0.0,0.0,0,-1.0,1,0.0,1,0,Private Equity,Technology & SaaS,Pune,0.0,0.0,0.0,0.0,0.0,2.0,0.0,0.0,1.0,0
2520,13/08/2015,Massblurb,Digital Marketing automation solution,,Mumbai,"LetsVenture, Mumbai Angels",Seed Funding,,,2015-08-13,,Massblurb,massblurb,0.0,0.0,0,-1.0,1,0.0,1,0,Seed/Angel,Other,Mumbai,0.0017521902377972466,0.010975312042205362,0.00961306277325317,0.0007274642447918312,0.0004320561860390382,2.0,0.0,1.0,1.0,0
1256,30/11/2016,Math Buddy,Consumer Internet,Online Math Learn,Vadodara,Menterra Social Impact Fund,Seed Funding,"4,40,000",,2016-11-30,440000.0,Math Buddy,math buddy,0.0,0.0,0,-1.0,1,0.0,1,0,Seed/Angel,Consumer Internet & Media,Tier-2/Other,0.0,0.0,0.0,0.0,0.0,1.0,0.0,0.0,1.0,0
1601,13/06/2016,Matrubharti,Consumer Internet,e-Book Publisher,,Viridian Capital,Seed Funding,"30,000",,2016-06-13,30000.0,Matrubharti,matrubharti,0.0,0.0,0,-1.0,1,0.0,1,0,Seed/Angel,Consumer Internet & Media,Tier-2/Other,0.0012515644555694616,0.004638772999889398,7.508484863299938e-05,0.0005537048140257201,0.0005537048140257201,1.0,0.0,1.0,1.0,0
724,05/06/2017,MaxMyWealth,Consumer Internet,Online Wealth Management & Savings platform,Mumbai,"lockchain ecosystem Global Advisors, Horseferry",Private Equity,,,2017-06-05,,MaxMyWealth,maxmywealth,0.0,0.0,0,-1.0,1,0.0,1,0,Private Equity,Consumer Internet & Media,Mumbai,0.0,0.0,0.0,0.0,0.0,2.0,0.0,0.0,1.0,0
1293,13/10/2016,Maya,Consumer Internet,Womens Health Tracker App,Bangalore,Rajan Anandan,Seed Funding,,,2016-10-13,,Maya,maya,0.0,0.0,0,-1.0,1,0.0,1,0,Seed/Angel,Consumer Internet & Media,Bengaluru,0.0,0.0,0.0,0.0,0.0,1.0,0.0,0.0,1.0,1
1912,03/02/2016,Mazkara,Consumer Internet,Beauty & Wellness Platform,Pune / Dubai,Dunamis Ventures Pte Ltd.,Seed Funding,"10,00,000",,2016-02-03,1000000.0,Mazkara,mazkara,0.0,0.0,0,-1.0,1,0.0,1,0,Seed/Angel,Consumer Internet & Media,Pune,0.0,0.0,0.0,0.0,0.0,1.0,0.0,0.0,1.0,0
1172,22/12/2016,MCaffeine,eCommerce,Personal care product etailer,Bangalore,"Kaushal Agarwal, Harminder Sahani, KK Mehra, Pranay Jivrajka, Navjot Saini",Seed Funding,"3,00,000",,2016-12-22,300000.0,MCaffeine,mcaffeine,0.0,0.0,0,-1.0,1,0.0,1,0,Seed/Angel,E-Commerce,Bengaluru,0.0,0.0,0.0,0.0,0.0,5.0,0.0,0.0,1.0,0
1732,26/05/2016,mChamp,Consumer Internet,Celebrity Entertainment Contest App,New Delhi,MoMagic Technologies,Seed Funding,"4,75,000",,2016-05-26,475000.0,mChamp,mchamp,0.0,0.0,0,-1.0,1,0.0,1,0,Seed/Angel,Consumer Internet & Media,Delhi-NCR,0.000750938673341677,0.005316817904266545,0.0035094163416045663,0.0003029236949897748,0.0003029236949897748,1.0,0.0,1.0,1.0,0
2352,21/10/2015,MealHopper,Home Made Food Marketplace,,Gurgaon,"Alok Bajpai, Rajnish Kumar, Amit Dey",Seed Funding,"1,00,000",,2015-10-21,100000.0,MealHopper,mealhopper,0.0,0.0,0,-1.0,1,0.0,1,0,Seed/Angel,E-Commerce,Delhi-NCR,0.0,0.0,0.0,0.0,0.0,3.0,0.0,0.0,1.0,0
2542,19/08/2015,MebelKart,Online Furniture Marketplace,,Bangalore,AskMe,Private Equity,"2,00,00,000",,2015-08-19,20000000.0,MebelKart,mebelkart,0.0,0.0,0,-1.0,1,0.0,1,0,Private Equity,E-Commerce,Bengaluru,0.0,0.0,0.0,0.0,0.0,1.0,0.0,0.0,1.0,0
2187,23/12/2015,Mech Mocha,Mobile Game development & Design platform,,Bangalore,"Blume Ventures, Flipkart",Seed Funding,"10,00,000",,2015-12-23,1000000.0,Mech Mocha,mech mocha,0.0,0.0,0,-1.0,1,0.0,2,1,Seed/Angel,Other,Bengaluru,0.00025031289111389235,0.0,0.007045835078804396,0.00014531887003520802,0.00013930866547906242,2.0,1.0,1.0,1.0,0
870,06/04/2017,Mech Mocha,Consumer Internet,Mobile gaming startup,Bangalore,"Accel Partners, Shunwei Capital",Private Equity,"50,00,000",,2017-04-06,5000000.0,Mech Mocha,mech mocha,1000000.0,1000000.0,1,470.0,0,470.0,2,1,Private Equity,Consumer Internet & Media,Bengaluru,0.0025031289111389233,0.03180691231866443,0.01397423501569189,0.0009597977221441899,0.0009597977221441899,2.0,1.0,1.0,1.0,0
2355,23/10/2015,Medd,Personal Diagnostic Mobile App,,Mumbai,Group of Angel investors,Seed Funding,"1,50,000",Bridge Round,2015-10-23,150000.0,Medd,medd,0.0,0.0,0,-1.0,1,0.0,1,0,Seed/Angel,Other,Mumbai,0.000750938673341677,2.0055113960051465e-06,5.212874231067168e-07,0.00039636782498119144,0.00039636782498119144,1.0,0.0,1.0,1.0,0
1837,04/03/2016,medECUBE,Healthcare,Healthcare related Services provider,Gurgaon,Artiman Ventures,Private Equity,"40,00,000",,2016-03-04,4000000.0,medECUBE,medecube,0.0,0.0,0,-1.0,1,0.0,1,0,Private Equity,Healthcare,Delhi-NCR,0.0,0.0,0.0,0.0,0.0,1.0,0.0,0.0,1.0,0
2636,23/07/2015,MedGenome,Clinical Genomics Provider,,Bangalore,Sequoia Capital,Private Equity,"2,00,00,000",Series B,2015-07-23,20000000.0,MedGenome,medgenome,0.0,0.0,0,-1.0,1,0.0,3,1,Private Equity,Other,Bengaluru,0.004005006257822278,0.059859204892582674,0.09566198113272546,0.001413958516141685,0.001413958516141685,1.0,1.0,1.0,1.0,0
677,30/08/2017,MedGenome,Technology,Genomics Research and Diagnostics Solutions,Bangalore,"Sequoia India, Sofina s.a., Zodius Capital, Kris Gopalakrishnan, Lakshmi Narayanan,",Private Equity,"3,00,00,000",,2017-08-30,30000000.0,MedGenome,medgenome,20000000.0,20000000.0,1,769.0,0,769.0,3,1,Private Equity,Technology & SaaS,Bengaluru,0.000750938673341677,0.0036940218595162967,0.007362732465128354,0.00033164209477533563,0.0002227067005125032,5.0,1.0,1.0,1.0,0
322,05/03/2018,MedGenome,Healthcare,"Genetic Screening, DNA Diagnostics Labs & Research Centers",Bengaluru,"HDFC Life, HDFC Asset Management",Private Equity,"1,00,00,000",,2018-03-05,10000000.0,MedGenome,medgenome,50000000.0,30000000.0,2,187.0,0,956.0,3,1,Private Equity,Healthcare,Bengaluru,0.00025031289111389235,0.0,0.013632807247657515,0.00011485635004150704,0.00011485635004150704,2.0,0.0,1.0,1.0,0
1843,07/03/2016,Medidaili,Consumer Internet,Medical Support service platform,Bangalore,Undisclosed private investors,Seed Funding,"1,00,000",,2016-03-07,100000.0,Medidaili,medidaili,0.0,0.0,0,-1.0,1,0.0,1,0,Seed/Angel,Consumer Internet & Media,Bengaluru,0.0,0.0,0.0,0.0,0.0,1.0,0.0,0.0,1.0,0
29,18/11/2019,Medikabazaar,Healthcare,B2B platform for medical supplies,Mumbai,"Ackermans & van Haaren, HealthQuad, Rebright Partners, Toppan Printing",Series B,"1,58,00,000",,2019-11-18,15800000.0,Medikabazaar,medikabazaar,0.0,0.0,0,-1.0,1,0.0,1,0,Series B,Healthcare,Mumbai,0.000750938673341677,0.003196220928343446,0.004700096284675348,0.00032056487406524517,0.00032056487406524517,4.0,0.0,1.0,2.0,1
2265,23/11/2015,Medikoe,Healthcare Services Discovery platform,,Bangalore,Anil Menon,Seed Funding,"1,00,000",,2015-11-23,100000.0,Medikoe,medikoe,0.0,0.0,0,-1.0,1,0.0,1,0,Seed/Angel,Healthcare,Bengaluru,0.0,0.0,0.0,0.0,0.0,1.0,0.0,0.0,1.0,0
2258,20/11/2015,Medinfi,Health-Tech platform,,Bangalore,"Ram Kumar Kakani, Pradeep K Jaisingh, Sunil T V, Vijay Ghadge, Hemant Kaul, Gurmeet Chahal & Others",Seed Funding,"3,05,000",,2015-11-20,305000.0,Medinfi,medinfi,0.0,0.0,0,-1.0,1,0.0,6,1,Seed/Angel,Healthcare,Bengaluru,0.00025031289111389235,0.0,5.005742896119195e-07,0.00015863277424133518,0.00015863277424133518,6.0,0.0,1.0,1.0,0
1963,16/02/2016,Medinfi,Consumer Internet,Doctor & Clinics Discovery platform,Bangalore,"Rajnish Sinha, Prijit Debnath, Kanchan Ghoshal",Seed Funding,,,2016-02-16,,Medinfi,medinfi,305000.0,305000.0,1,88.0,0,88.0,6,1,Seed/Angel,Consumer Internet & Media,Bengaluru,0.0,0.0,0.0,0.0,0.0,3.0,0.0,0.0,1.0,0
1414,01/08/2016,Medinfi,Consumer Internet,Doctor & Clinic\\xc2\\xa0 Discovery Platform,Bangalore,"Mudit Saxena, Evan Lim",Seed Funding,"2,00,000",,2016-08-01,200000.0,Medinfi,medinfi,305000.0,305000.0,2,167.0,0,255.0,6,1,Seed/Angel,Consumer Internet & Media,Bengaluru,0.0,0.0,0.0,0.0,0.0,2.0,0.0,0.0,1.0,0
1058,10/01/2017,Medinfi,Consumer Internet,Doctor & Clinic Discovery portal,Bangalore,"Vinod Martin, Evan Lim, Kanchan Ghoshal, Ram Kumar Kakani",Seed Funding,"1,00,000",,2017-01-10,100000.0,Medinfi,medinfi,505000.0,200000.0,3,162.0,0,417.0,6,1,Seed/Angel,Consumer Internet & Media,Bengaluru,0.0,0.0,0.0,0.0,0.0,4.0,0.0,0.0,1.0,0
986,29/03/2017,Medinfi,Consumer Internet,Doctor & Hospital search Platform,Bangalore,"Vinod Martin, Hemant Kaul, Prof. Ram Kumar Kakani & Others",Seed Funding,"50,000",,2017-03-29,50000.0,Medinfi,medinfi,605000.0,100000.0,4,78.0,0,495.0,6,1,Seed/Angel,Consumer Internet & Media,Bengaluru,0.0,0.0,0.0,0.0,0.0,3.0,0.0,0.0,1.0,0
671,25/08/2017,Medinfi,Consumer Internet,Online Doctor Discovery Platform,Bangalore,"PBS Srinivas, Vinod Martin,",Seed Funding,"1,25,000",,2017-08-25,125000.0,Medinfi,medinfi,655000.0,50000.0,5,149.0,0,644.0,6,1,Seed/Angel,Consumer Internet & Media,Bengaluru,0.0,0.0,0.0,0.0,0.0,2.0,0.0,0.0,1.0,0
100,12/04/2019,Medlife,E-commerce,Online Medicine,Bengaluru,Prasid Uno Family Trust,Private Equity,"1,70,00,000",,2019-04-12,17000000.0,Medlife,medlife,0.0,0.0,0,-1.0,1,0.0,1,0,Private Equity,E-Commerce,Bengaluru,0.0,0.0,0.0,0.0,0.0,1.0,0.0,0.0,1.0,0
362,09/02/2018,MedTel,Healthcare,Virtual health clinics,Bhubaneswar,British and Indian Governments,Private Equity,,,2018-02-09,,MedTel,medtel,0.0,0.0,0,-1.0,1,0.0,1,0,Private Equity,Healthcare,Tier-2/Other,0.0012515644555694616,0.004638772999889398,7.508484863299938e-05,0.0005537048140257201,0.0005537048140257201,1.0,0.0,1.0,1.0,0
2692,05/06/2015,Medwell Ventures,Healthcare\\nService provider,,Bangalore,"Fidelity Growth Partners, Fidelity Biosciences",Private Equity,"1,00,00,000",Series A,2015-06-05,10000000.0,Medwell Ventures,medwell ventures,0.0,0.0,0,-1.0,1,0.0,2,1,Private Equity,Healthcare,Bengaluru,0.000750938673341677,0.001737645276581539,0.0004948050760799399,0.0002954922615291378,0.0002954922615291378,2.0,0.0,1.0,1.0,0
869,06/04/2017,Medwell Ventures,Healthcare,Home-Based Healthcare provider,Bangalore,"Mahindra Partners, Eight Roads Ventures, F-Prime Capital Partners",Private Equity,"2,10,00,000",,2017-04-06,21000000.0,Medwell Ventures,medwell ventures,10000000.0,10000000.0,1,671.0,0,671.0,2,1,Private Equity,Healthcare,Bengaluru,0.0012515644555694616,0.006316536841184845,0.004537866606428548,0.0004983133807781689,0.0003219067949412383,3.0,0.0,1.0,1.0,0
1201,05/11/2016,Medzin,eCommerce,Online ordering & Delivery of medicines,New Delhi,A M Sikander,Seed Funding,"45,000",,2016-11-05,45000.0,Medzin,medzin,0.0,0.0,0,-1.0,1,0.0,1,0,Seed/Angel,E-Commerce,Delhi-NCR,0.0,0.0,0.0,0.0,0.0,1.0,0.0,0.0,1.0,0
1684,06/05/2016,Meesho,eCommerce,Social commerce platform,Bangalore,Rajul Garg & Others,Seed Funding,,,2016-05-06,,Meesho,meesho,0.0,0.0,0,-1.0,1,0.0,6,1,Seed/Angel,E-Commerce,Bengaluru,0.0,0.0,0.0,0.0,0.0,1.0,0.0,0.0,2.0,1
1457,18/08/2016,Meesho,eCommerce,Mobile based eCommerce SAAS platform,Bangalore,"Kashyap Deorah, Rajul Garg, Maninder Gulati",Seed Funding,,,2016-08-18,,Meesho,meesho,0.0,0.0,1,104.0,0,104.0,6,1,Seed/Angel,E-Commerce,Bengaluru,0.0,0.0,0.0,0.0,0.0,3.0,0.0,0.0,2.0,1
543,11/10/2017,Meesho,ECommerce,Online Reseller Network,Bangalore,"SAIF Partners, YCombinator, Venture Highway",Private Equity,"31,00,000",,2017-10-11,3100000.0,Meesho,meesho,0.0,0.0,2,419.0,0,523.0,6,1,Private Equity,E-Commerce,Bengaluru,0.001501877346683354,0.009489956416459439,0.0014112094183159625,0.0005817174715755811,0.00038071045333971427,3.0,1.0,1.0,2.0,1
232,07/06/2018,Meesho,Consumer Internet,Online Marketplace For Resellers,Bengaluru,"Sequoia Capital India, SAIF Partners, Y Combinator and Venture Highway",Private Equity,"1,15,00,000",,2018-06-07,11500000.0,Meesho,meesho,3100000.0,3100000.0,3,239.0,0,762.0,6,1,Private Equity,Consumer Internet & Media,Bengaluru,0.00425531914893617,0.059859204892582674,0.1137077548087308,0.0015893753600148012,0.0010985353739792836,3.0,1.0,1.0,2.0,1
129,06/11/2018,Meesho,Ecommerce,Social Commerce,Bengaluru,"Shunwei Capital, DST Partners and RPS Ventures",Series C,"5,00,00,000",,2018-11-06,50000000.0,Meesho,meesho,14600000.0,11500000.0,4,152.0,0,914.0,6,1,Series C,E-Commerce,Bengaluru,0.0,0.0,0.0,0.0,0.0,2.0,0.0,0.0,2.0,1
50,12/08/2019,Meesho,E-Commerce,Social Commerce,Bengaluru,Naspers,Series D,"12,50,00,000",,2019-08-12,125000000.0,Meesho,meesho,64600000.0,50000000.0,5,279.0,0,1193.0,6,1,Late Stage (C+),E-Commerce,Bengaluru,0.0,0.0,0.0,0.0,0.0,1.0,0.0,0.0,2.0,1
2789,19/05/2015,MeetUniv,Online Ed-Tech Platform,,Noida,Peesh Venture Capital,Seed Funding,"10,00,000",,2015-05-19,1000000.0,MeetUniv,meetuniv,0.0,0.0,0,-1.0,1,0.0,1,0,Seed/Angel,Other,Delhi-NCR,0.0,0.0,0.0,0.0,0.0,1.0,0.0,0.0,1.0,0
2027,08/01/2016,Melorra,ECommerce,Online/ Mobile Jewellery Retailer,Bangalore,Lightbox Ventures,Private Equity,"50,00,000",,2016-01-08,5000000.0,Melorra,melorra,0.0,0.0,0,-1.0,1,0.0,1,0,Private Equity,E-Commerce,Bengaluru,0.0005006257822277847,3.384300480758685e-06,3.1608915707521845e-06,0.00025844990621239083,0.00025844990621239083,1.0,0.0,1.0,1.0,1
204,13/07/2018,MEngage,Healthcare,A Doctor-Patient Engagement Platform,Jaipur,"Siddharth Agarwal, Mahavir Sharma, Amit Singal, 100 Co-founders Lab and others.",Seed/ Angel Funding,"1,75,000",,2018-07-13,175000.0,MEngage,mengage,0.0,0.0,0,-1.0,1,0.0,1,0,Seed/Angel,Healthcare,Jaipur,0.00025031289111389235,0.0,1.54413417595609e-07,0.00016435886649189237,0.00016435886649189237,4.0,0.0,1.0,1.0,0
2391,03/09/2015,MeraDoctor,Doctor consultancy Mobile App,,Mumbai,India Quotient & other investors,Seed Funding,,,2015-09-03,,MeraDoctor,meradoctor,0.0,0.0,0,-1.0,1,0.0,2,1,Seed/Angel,Other,Mumbai,0.0012515644555694616,0.0015831233045289707,0.0017614729921763422,0.000554745742038456,0.000554745742038456,1.0,0.0,1.0,1.0,0
2166,16/12/2015,MeraDoctor,Virtual Health consultation app,,Mumbai,Unilazer,Private Equity,"12,00,000",Pre-Series A,2015-12-16,1200000.0,MeraDoctor,meradoctor,0.0,0.0,1,104.0,0,104.0,2,1,Private Equity,Healthcare,Mumbai,0.0005006257822277847,0.0006317360897416212,0.00014200954400772872,0.00025171097761001013,0.00025171097761001013,1.0,0.0,1.0,1.0,0
1260,03/10/2016,MeraKisan,eCommerce,Fruit & vegetable eTailer,Bangalore,Mahindra Univeg,Seed Funding,,,2016-10-03,,MeraKisan,merakisan,0.0,0.0,0,-1.0,1,0.0,1,0,Seed/Angel,E-Commerce,Bengaluru,0.0,0.0,0.0,0.0,0.0,1.0,0.0,0.0,1.0,0
880,11/04/2017,MergerWare,Technology,Software solutions for M&As,Bangalore,Philippe Bouchet,Seed Funding,"1,00,000",,2017-04-11,100000.0,MergerWare,mergerware,0.0,0.0,0,-1.0,1,0.0,1,0,Seed/Angel,Technology & SaaS,Bengaluru,0.0,0.0,0.0,0.0,0.0,1.0,0.0,0.0,1.0,0
2670,01/06/2015,Meritnation,Online Learning Platform,,New Delhi,InfoEdge,Private Equity,"40,00,000",Series C,2015-06-01,4000000.0,Meritnation,meritnation,0.0,0.0,0,-1.0,1,0.0,1,0,Private Equity,Other,Delhi-NCR,0.00025031289111389235,0.0,2.9947725806604264e-05,0.0001406289357091548,0.0001406289357091548,1.0,0.0,1.0,1.0,0
2900,16/03/2015,Meru Cabs,,,,Value Fund Advisors,Private Equity,"5,00,00,000",,2015-03-16,50000000.0,Meru Cabs,meru cabs,0.0,0.0,0,-1.0,1,0.0,2,1,Private Equity,Other,Tier-2/Other,0.0,0.0,0.0,0.0,0.0,1.0,0.0,0.0,1.0,0
1658,30/06/2016,Meru Cabs,Consumer Internet,Online/ Mobile Tax Cab booking,Mumbai,Brand Capital,Private Equity,"2,50,00,000",,2016-06-30,25000000.0,Meru Cabs,meru cabs,50000000.0,50000000.0,1,472.0,0,472.0,2,1,Private Equity,Consumer Internet & Media,Mumbai,0.0,0.0,0.0,0.0,0.0,1.0,0.0,0.0,1.0,0
1090,22/01/2017,MessaGif,Consumer Internet,social messaging platform,New Delhi,Undisclosed investor,Seed Funding,"50,000",,2017-01-22,50000.0,MessaGif,messagif,0.0,0.0,0,-1.0,1,0.0,1,0,Seed/Angel,Consumer Internet & Media,Delhi-NCR,0.0,0.0,0.0,0.0,0.0,1.0,0.0,0.0,1.0,0
173,08/08/2018,Metro Bikes,Consumer Internet,Online Bike Rental Marketplace,Bengaluru,"Sequoia Capital India Advisors, Accel Partners and G Raghunandan",Private Equity,"1,22,00,000",,2018-08-08,12200000.0,Metro Bikes,metro bikes,0.0,0.0,0,-1.0,1,0.0,1,0,Private Equity,Consumer Internet & Media,Bengaluru,0.004005006257822278,0.059859204892582674,0.09566198113272546,0.001413958516141685,0.0011868781191429374,2.0,1.0,1.0,1.0,0
2133,08/12/2015,mFicient,Cloud Enterprise Mobility Platform,,New Delhi,Undisclosed investors,Seed Funding,,,2015-12-08,,mFicient,mficient,0.0,0.0,0,-1.0,1,0.0,1,0,Seed/Angel,Other,Delhi-NCR,0.0,0.0,0.0,0.0,0.0,1.0,0.0,0.0,1.0,0
576,01/09/2017,MFine,Consumer Internet,Online Doctor Discovery platform,Bangalore,"Stellaris Venture Partners, Mayur Abhaya, Rohit MA",Private Equity,"15,00,000",,2017-09-01,1500000.0,MFine,mfine,0.0,0.0,0,-1.0,1,0.0,2,1,Private Equity,Consumer Internet & Media,Bengaluru,0.0025031289111389233,0.009284405205667146,0.0026777303065239127,0.0010012613196776867,0.0010012613196776867,3.0,0.0,1.0,3.0,1
265,16/05/2018,mfine,Healthcare,Doctor-Consultation App,Bengaluru,"Prime Venture Partners, Stellaris Venture Partners and Mayur Abhaya Srisrimal",Private Equity,4200000,,2018-05-16,4200000.0,mfine,mfine,1500000.0,1500000.0,1,257.0,0,257.0,2,1,Private Equity,Healthcare,Bengaluru,0.0025031289111389233,0.009284405205667146,0.0026777303065239127,0.0010012613196776867,0.00057098833126834,2.0,0.0,1.0,3.0,1
1341,01/09/2016,Mihup,Technology,Personal Digital Assistant,Kolkata,Accel Partners,Private Equity,"67,00,000",,2016-09-01,6700000.0,Mihup,mihup,0.0,0.0,0,-1.0,1,0.0,1,0,Private Equity,Technology & SaaS,Tier-2/Other,0.0025031289111389233,0.03180691231866443,0.01397423501569189,0.0009597977221441899,0.0009597977221441899,1.0,1.0,1.0,1.0,0
307,23/04/2018,Mihuru,Finance,Online Platform Providing Micro Loans For Air Travel,Mumbai,,Seed / Angel Funding,"1,50,000",,2018-04-23,150000.0,Mihuru,mihuru,0.0,0.0,0,-1.0,1,0.0,1,0,Seed/Angel,FinTech,Mumbai,0.0,0.0,0.0,0.0,0.0,0.0,0.0,0.0,1.0,0
664,23/08/2017,Milk Basket,Consumer Internet,Online Grocery platform,Gurgaon,Blume Ventures. Lenovo Capital and Incubator Group (LCIG),Seed Funding,,,2017-08-23,,Milk Basket,milk basket,0.0,0.0,0,-1.0,1,0.0,1,0,Seed/Angel,Consumer Internet & Media,Delhi-NCR,0.00025031289111389235,0.0,2.2213171803151287e-05,0.00015045598431541468,0.00015045598431541468,1.0,1.0,1.0,1.0,0
1811,27/04/2016,MilkBasket,Consumer Internet,Micro Grocery Delivery Platform,Gurgaon,EVC Ventures,Seed Funding,"5,00,000",,2016-04-27,500000.0,MilkBasket,milkbasket,0.0,0.0,0,-1.0,1,0.0,4,1,Seed/Angel,Consumer Internet & Media,Delhi-NCR,0.0,0.0,0.0,0.0,0.0,1.0,0.0,0.0,1.0,0
414,23/01/2018,Milkbasket,E-commerce,Online Grocery,Gurugram,Unilever Ventures,Private Equity,"30,00,000",,2018-01-23,3000000.0,Milkbasket,milkbasket,500000.0,500000.0,1,636.0,0,636.0,4,1,Private Equity,E-Commerce,Delhi-NCR,0.0,0.0,0.0,0.0,0.0,1.0,0.0,0.0,1.0,0
267,21/05/2018,MilkBasket,Technology,Micro-Delivery Grocery Startup,Gurugram,"Kalaari Capital, Unilever Ventures and Blume Ventures",Private Equity,"70,00,000",,2018-05-21,7000000.0,MilkBasket,milkbasket,3500000.0,3000000.0,2,118.0,0,754.0,4,1,Private Equity,Technology & SaaS,Delhi-NCR,0.0025031289111389233,0.013397154605961893,0.0017630362707794693,0.0010197165577911919,0.0005825177139131999,2.0,1.0,1.0,1.0,0
133,12/11/2018,MilkBAsket,Food,Micro-delivery grocery service,New Delhi,Mayfield Fund,Series B,"13,00,000",,2018-11-12,1300000.0,MilkBAsket,milkbasket,10500000.0,7000000.0,3,175.0,0,929.0,4,1,Series B,Food & Beverage,Delhi-NCR,0.00025031289111389235,0.0,3.63414446275521e-08,0.00017390235357615433,0.00017390235357615433,1.0,0.0,1.0,1.0,0
1379,19/09/2016,Milofy,Consumer Internet,Couple Socialization App,Bangalore,Accel Partners,Seed Funding,"7,50,000",,2016-09-19,750000.0,Milofy,milofy,0.0,0.0,0,-1.0,1,0.0,1,0,Seed/Angel,Consumer Internet & Media,Bengaluru,0.0025031289111389233,0.03180691231866443,0.01397423501569189,0.0009597977221441899,0.0009597977221441899,1.0,1.0,1.0,1.0,0
1778,15/04/2016,MInd Your Fleet,Consumer Internet,Car Rental Software,Noida,Undisclosed Investors,Seed Funding,,,2016-04-15,,MInd Your Fleet,mind your fleet,0.0,0.0,0,-1.0,1,0.0,1,0,Seed/Angel,Consumer Internet & Media,Delhi-NCR,0.0,0.0,0.0,0.0,0.0,1.0,0.0,0.0,1.0,0
1171,22/12/2016,Mindler,Consumer Internet,Career Planning & Assessment platform,New Delhi,Taxmann,Seed Funding,"3,24,000",,2016-12-22,324000.0,Mindler,mindler,0.0,0.0,0,-1.0,1,0.0,1,0,Seed/Angel,Consumer Internet & Media,Delhi-NCR,0.0,0.0,0.0,0.0,0.0,1.0,0.0,0.0,1.0,1
2256,20/11/2015,MindTickle,Sales & Productivity Software,,Pune / US,New Enterprise Associates,Private Equity,"1,25,00,000",Series A,2015-11-20,12500000.0,MindTickle,mindtickle,0.0,0.0,0,-1.0,1,0.0,2,1,Private Equity,Technology & SaaS,Pune,0.0,0.0,0.0,0.0,0.0,1.0,0.0,0.0,1.0,0
449,13/12/2017,MindTickle,Technology,Gamification Platform to train Sales People,Pune,Canaan Partners,Private Equity,"2,70,00,000",,2017-12-13,27000000.0,MindTickle,mindtickle,12500000.0,12500000.0,1,754.0,0,754.0,2,1,Private Equity,Technology & SaaS,Pune,0.0,0.0,0.0,0.0,0.0,1.0,0.0,0.0,1.0,0
1005,08/02/2017,MindYourFleet,Technology,Car Rental Software Solutions,Noida,"Japan Vyas, Tarun Adlakha",Seed Funding,,,2017-02-08,,MindYourFleet,mindyourfleet,0.0,0.0,0,-1.0,1,0.0,1,0,Seed/Angel,Technology & SaaS,Delhi-NCR,0.0,0.0,0.0,0.0,0.0,2.0,0.0,0.0,1.0,0
684,06/07/2017,Minjar,Technology,Cloud Solutions provider,Bangalore,"Blume Ventures, Contrarian Capital India Partners, Emergent Ventures India, Pallav Nadhani, Ashish Gupta, Sharad Sharma, Sirion Labs",Seed Funding,,,2017-07-06,,Minjar,minjar,0.0,0.0,0,-1.0,1,0.0,1,0,Seed/Angel,Technology & SaaS,Bengaluru,0.0012515644555694616,0.004638772999889398,0.0010952179751230122,0.0005537048140257201,0.000246288929591039,7.0,1.0,1.0,1.0,0
296,13/04/2018,mintifi,Finance,Online Lending Platform,Mumbai,Lok Capital,Seed / Angel Funding,"20,00,000",,2018-04-13,2000000.0,mintifi,mintifi,0.0,0.0,0,-1.0,1,0.0,1,0,Seed/Angel,FinTech,Mumbai,0.00025031289111389235,0.0,1.0088509383743179e-05,0.00014470780627127711,0.00014470780627127711,1.0,0.0,1.0,1.0,0
1528,12/07/2016,MintM,Consumer Internet,Digital Marketing & AdTech Platform,Bangalore,"Mumbai Angels,\\xc2\\xa0 Times Internet",Private Equity,,,2016-07-12,,MintM,mintm,0.0,0.0,0,-1.0,1,0.0,1,0,Private Equity,Consumer Internet & Media,Bengaluru,0.0017521902377972466,0.010975312042205362,0.00961306277325317,0.0007274642447918312,0.0007274642447918312,2.0,0.0,1.0,1.0,0
923,28/04/2017,Mintwalk,Consumer Internet,Financial advisory mobile app,Mumbai,Poshika Financial Ecosystem,Seed Funding,,,2017-04-28,,Mintwalk,mintwalk,0.0,0.0,0,-1.0,1,0.0,1,0,Seed/Angel,Consumer Internet & Media,Mumbai,0.0,0.0,0.0,0.0,0.0,1.0,0.0,0.0,1.0,0
59,19/08/2019,Mishry Reviews,Services,Product Review,Gurgaon,Vir Sanghvi,Series A,Undisclosed,,2019-08-19,,Mishry Reviews,mishry reviews,0.0,0.0,0,-1.0,1,0.0,1,0,Series A,Other,Delhi-NCR,0.0,0.0,0.0,0.0,0.0,1.0,0.0,0.0,1.0,0
1799,21/04/2016,mishTag,Consumer Internet,"Style, Fashion Discovery Mobile app",New Delhi,"M&Y Partners, SVG Media, Anthil Ventures & others",Seed Funding,,,2016-04-21,,mishTag,mishtag,0.0,0.0,0,-1.0,1,0.0,1,0,Seed/Angel,Consumer Internet & Media,Delhi-NCR,0.0,0.0,0.0,0.0,0.0,3.0,0.0,0.0,1.0,0
511,22/11/2017,MiStay,Technology,Online Hotel Reservation Platform,Bangalore,Axilor Ventures,Seed/Angel Funding,,,2017-11-22,,MiStay,mistay,0.0,0.0,0,-1.0,1,0.0,1,0,Seed/Angel,Technology & SaaS,Bengaluru,0.0010012515644555694,0.0028383000031962837,0.0014169998952540074,0.0004588750969253953,0.0004588750969253953,1.0,0.0,1.0,1.0,0
19,14/11/2019,Misters,Health and wellness,Men's Health and Wellness brand,Gurgaon,"Sauce.vc, Rainforest Ventures",Series B,"4,86,000",,2019-11-14,486000.0,Misters,misters,0.0,0.0,0,-1.0,1,0.0,1,0,Series B,Healthcare,Delhi-NCR,0.00025031289111389235,0.0,4.001867810813685e-05,0.00014091282349678713,0.00014091282349678713,2.0,0.0,1.0,1.0,0
1432,09/08/2016,MobiDent,Healthcare,Dental Protection Solution,Bangalore,Centre for Innovation Incubation and Entrepreneurship (CIIE),Seed Funding,,,2016-08-09,,MobiDent,mobident,0.0,0.0,0,-1.0,1,0.0,2,1,Seed/Angel,Healthcare,Bengaluru,0.0,0.0,0.0,0.0,0.0,1.0,0.0,0.0,1.0,0
1049,05/01/2017,MobiDent,Consumer Internet,Dentist Appointments booking platform,Bangalore,DanGold Investment Corp,Private Equity,,,2017-01-05,,MobiDent,mobident,0.0,0.0,1,149.0,0,149.0,2,1,Private Equity,Consumer Internet & Media,Bengaluru,0.0,0.0,0.0,0.0,0.0,1.0,0.0,0.0,1.0,0
2776,12/05.2015,Mobiefit,Mobile Fitness App,,Goa,Prototyze,Seed Funding,,,2015-05-12,,Mobiefit,mobiefit,0.0,0.0,0,-1.0,1,0.0,3,1,Seed/Angel,Other,Tier-2/Other,0.0,0.0,0.0,0.0,0.0,1.0,0.0,0.0,1.0,0
2185,22/12/2015,MobieFit,Mobile Fitness App,,Goa,Medi Assist,Private Equity,"10,00,000",Strategic Investment,2015-12-22,1000000.0,MobieFit,mobiefit,0.0,0.0,1,224.0,0,224.0,3,1,Private Equity,Other,Tier-2/Other,0.0,0.0,0.0,0.0,0.0,1.0,0.0,0.0,1.0,0
520,28/11/2017,MobieFit,Healthcare,Health and fitness based mobile App,Goa,"NB Ventures, MediAssist",Seed/Angel Funding,"13,50,000",,2017-11-28,1350000.0,MobieFit,mobiefit,1000000.0,1000000.0,2,707.0,0,931.0,3,1,Seed/Angel,Healthcare,Tier-2/Other,0.000750938673341677,0.006087087850197013,0.0008207148839012599,0.0003192251824759247,0.0003192251824759247,2.0,0.0,1.0,1.0,0
2620,15/07/2015,Mobikon,Restaurant customer engagement platform,,Pune,Jungle Ventures,Private Equity,"23,00,000",Series B,2015-07-15,2300000.0,Mobikon,mobikon,0.0,0.0,0,-1.0,1,0.0,3,1,Private Equity,Food & Beverage,Pune,0.001501877346683354,0.013589173215773223,0.010289474729885855,0.0005614148492715481,0.0005614148492715481,1.0,0.0,1.0,1.0,0
2315,08/10/2015,Mobikon,Hotel Mobile CRM Software platform,,Pune / Singapore,"Life.SREDA, Qualgro",Private Equity,,Series B,2015-10-08,,Mobikon,mobikon,2300000.0,2300000.0,1,85.0,0,85.0,3,1,Private Equity,Technology & SaaS,Pune,0.00025031289111389235,0.0,5.436574580572323e-09,0.00019298932774467834,0.00019298932774467834,2.0,0.0,1.0,1.0,0
672,28/08/2017,Mobikon,Technology,Restaurant & Hotel CRM platform,Pune,"Sistema Asia Fund, C31 Ventures, Qualgro.",Private Equity,"70,00,000",,2017-08-28,7000000.0,Mobikon,mobikon,2300000.0,2300000.0,2,690.0,0,775.0,3,1,Private Equity,Technology & SaaS,Pune,0.00025031289111389235,0.0,0.00013803840184575106,0.00019298932774467834,0.0001620899204257876,3.0,0.0,1.0,1.0,0
2820,08/04/2015,MobiKwik,Digital / Mobile Wallet,,Gurgaon,"Tree Line Asia, Cisco Investments, American Express, Sequoia Capital",Private Equity,"2,50,00,000",Series B,2015-04-08,25000000.0,MobiKwik,mobikwik,0.0,0.0,0,-1.0,1,0.0,4,1,Private Equity,Other,Delhi-NCR,0.004005006257822278,0.059859204892582674,0.09566198113272546,0.001413958516141685,0.001413958516141685,4.0,1.0,1.0,1.0,0
2196,29/12/2015,MobiKwik,Mobile Wallet,,Gurgaon,"Sequoia Capital, Tree Line Asia, Innoven Capital",Private Equity,"66,00,000",Additional Funding,2015-12-29,6600000.0,MobiKwik,mobikwik,25000000.0,25000000.0,1,265.0,0,265.0,4,1,Private Equity,Other,Delhi-NCR,0.004005006257822278,0.059859204892582674,0.09566198113272546,0.001413958516141685,0.0009698926021136546,3.0,1.0,1.0,1.0,0
1666,03/05/2016,Mobikwik,Consumer Internet,Mobile & Digital Wallet,Gurgaon,"GMO Payment Gateway, MediaTek",Private Equity,"5,00,00,000",,2016-05-03,50000000.0,Mobikwik,mobikwik,31600000.0,6600000.0,2,126.0,0,391.0,4,1,Private Equity,Consumer Internet & Media,Delhi-NCR,0.0,0.0,0.0,0.0,0.0,2.0,0.0,0.0,1.0,0
1484,26/08/2016,Mobikwik,Consumer Internet,Digital Wallet platform,Gurgaon,Net1 UEPS Technologies Inc,Private Equity,"4,00,00,000",,2016-08-26,40000000.0,Mobikwik,mobikwik,81600000.0,50000000.0,3,115.0,0,506.0,4,1,Private Equity,Consumer Internet & Media,Delhi-NCR,0.0,0.0,0.0,0.0,0.0,1.0,0.0,0.0,1.0,0
130,08/11/2018,Mobile Premier League,Gaming,Mobile e-Sports,Bengaluru,Undisclosed,Series A,"5,00,000",,2018-11-08,500000.0,Mobile Premier League,mobile premier league,0.0,0.0,0,-1.0,1,0.0,1,0,Series A,Consumer Internet & Media,Bengaluru,0.00025031289111389235,0.0,1.54413417595609e-07,0.00016435886649189237,0.00016435886649189237,1.0,0.0,1.0,1.0,0
490,09/11/2017,Mobiliz AR,Technology,Augmented Reality based Tech platform,Bangalore,"IDG Ventures, IDFC-Parampara Fund",Private Equity,,,2017-11-09,,Mobiliz AR,mobiliz ar,0.0,0.0,0,-1.0,1,0.0,1,0,Private Equity,Technology & SaaS,Bengaluru,0.00025031289111389235,0.0,0.006749369399702827,0.00013107607070514182,0.00013107607070514182,2.0,0.0,1.0,1.0,0
700,18/07/2017,MObiquest,Technology,Mobile Services & Solutions,Noida,One97 Communication Ltd,Private Equity,,,2017-07-18,,MObiquest,mobiquest,0.0,0.0,0,-1.0,1,0.0,1,0,Private Equity,Technology & SaaS,Delhi-NCR,0.0,0.0,0.0,0.0,0.0,1.0,0.0,0.0,1.0,0
433,05/12/2017,Mobycy,Technology,Bicycle sharing Platform,Gurgaon,Undisclosed Investors,Seed/Angel Funding,"5,00,000",,2017-12-05,500000.0,Mobycy,mobycy,0.0,0.0,0,-1.0,1,0.0,1,0,Seed/Angel,Technology & SaaS,Delhi-NCR,0.0,0.0,0.0,0.0,0.0,1.0,0.0,0.0,1.0,0
2401,08/09/2015,MockBank,Government Test Preparation platform,,Bangalore,Blume Ventures,Seed Funding,"4,00,000",,2015-09-08,400000.0,MockBank,mockbank,0.0,0.0,0,-1.0,1,0.0,1,0,Seed/Angel,Other,Bengaluru,0.00025031289111389235,0.0,2.4573577241560827e-06,0.00014531887003520802,0.00014531887003520802,1.0,1.0,1.0,1.0,0
2418,15/09/2015,MoEngage,Mobile Marketing Automation Platform,,Bangalore,"Helion Venture Partners, Exfinity Ventures",Private Equity,"42,50,000",Series A,2015-09-15,4250000.0,MoEngage,moengage,0.0,0.0,0,-1.0,1,0.0,2,1,Private Equity,Other,Bengaluru,0.0,0.0,0.0,0.0,0.0,2.0,0.0,0.0,2.0,1
1151,14/12/2016,MoEngage,Technology,User analytics and engagement platform,Bangalore,Anand Chandrasekaran,Seed Funding,,,2016-12-14,,MoEngage,moengage,4250000.0,4250000.0,1,456.0,0,456.0,2,1,Seed/Angel,Technology & SaaS,Bengaluru,0.0,0.0,0.0,0.0,0.0,1.0,0.0,0.0,2.0,1
2373,29/10/2015,Moglix,Industrial Toons Marketplace,,Noida,"Accel Partner, Jungle Ventures",Private Equity,,pre-Series A,2015-10-29,,Moglix,moglix,0.0,0.0,0,-1.0,1,0.0,5,1,Private Equity,E-Commerce,Delhi-NCR,0.0025031289111389233,0.03180691231866443,0.01397423501569189,0.0009597977221441899,0.0007606062857078691,2.0,1.0,1.0,1.0,0
1927,08/02/2016,Moglix,Ecommerce,Industrial & Home Products Marketplace,New Delhi,Ratan Tata,Private Equity,,,2016-02-08,,Moglix,moglix,0.0,0.0,1,102.0,0,102.0,5,1,Private Equity,E-Commerce,Delhi-NCR,0.0,0.0,0.0,0.0,0.0,1.0,0.0,0.0,1.0,0
1269,04/10/2016,Moglix,eCommerce,Industrial & Home products marketplace,Noida,"Accel Partners, Jungle Ventures, SeedPlus",Private Equity,"42,00,000",,2016-10-04,4200000.0,Moglix,moglix,0.0,0.0,2,239.0,0,341.0,5,1,Private Equity,E-Commerce,Delhi-NCR,0.0025031289111389233,0.03180691231866443,0.01397423501569189,0.0009597977221441899,0.0007606062857078691,3.0,1.0,1.0,1.0,0
682,05/07/2017,Moglix,eCommerce,B2B marketplace for Industrial products,Noida,"International Finance Corporation, Rocketship, Accel Partners, Jungle Ventures, Shailesh Rao, Venture Highway",Private Equity,"1,20,00,000",,2017-07-05,12000000.0,Moglix,moglix,4200000.0,4200000.0,3,274.0,0,615.0,5,1,Private Equity,E-Commerce,Delhi-NCR,0.0025031289111389233,0.03180691231866443,0.01397423501569189,0.0009597977221441899,0.00048235457001270874,6.0,1.0,1.0,1.0,0
69,11/07/2019,Moglix,E-Commerce,Industrial Tools and Equipments,Singapore,"Composite Capital Management, Sequoia Capital India, Tiger Global Management",Series D,"6,00,00,000",,2019-07-11,60000000.0,Moglix,moglix,16200000.0,12000000.0,4,736.0,0,1351.0,5,1,Late Stage (C+),E-Commerce,Tier-2/Other,0.005006257822277847,0.07287536754319783,0.18527724887454788,0.0017164247516392465,0.0015651916338904658,3.0,1.0,1.0,1.0,0
1430,08/08/2016,Mojarto,eCommerce,"Original Art, Digital Prints etailer",Gurgaon,Undisclosed Investors,Seed Funding,"4,45,000",,2016-08-08,445000.0,Mojarto,mojarto,0.0,0.0,0,-1.0,1,0.0,1,0,Seed/Angel,E-Commerce,Delhi-NCR,0.0,0.0,0.0,0.0,0.0,1.0,0.0,0.0,1.0,0
2286,30/11/2015,MoMagic,Mobile Application Developer,,New Delhi,FIH Mobile Ltd,Private Equity,,Strategic Investment,2015-11-30,,MoMagic,momagic,0.0,0.0,0,-1.0,1,0.0,1,0,Private Equity,Other,Delhi-NCR,0.0,0.0,0.0,0.0,0.0,1.0,0.0,0.0,1.0,0
1824,02/03/2016,MoMark,Consumer Internet,Mobile Wallet Aggregation platform,Noida,YourNest Angel Fund,Private Equity,"6,00,000",,2016-03-02,600000.0,MoMark,momark,0.0,0.0,0,-1.0,1,0.0,1,0,Private Equity,Consumer Internet & Media,Delhi-NCR,0.00025031289111389235,0.0,5.436574580572323e-09,0.00019298932774467834,0.00019298932774467834,1.0,0.0,1.0,1.0,0
2988,27/02/2015,Momoe,,,,"IDG Ventures India, Jungle Ventures, India Quotient.",Seed\\nFunding,"12,00,000",,2015-02-27,1200000.0,Momoe,momoe,0.0,0.0,0,-1.0,1,0.0,1,0,Seed/Angel,Other,Tier-2/Other,0.001501877346683354,0.013589173215773223,0.010289474729885855,0.0005614148492715481,0.0005580802956550021,3.0,0.0,1.0,1.0,0
426,30/01/2018,MoneyOnMobile,Technology,Mobile Payment Platform,Mumbai,Undisclosed Investors,Private Equity,"76,00,000",,2018-01-30,7600000.0,MoneyOnMobile,moneyonmobile,0.0,0.0,0,-1.0,1,0.0,2,1,Private Equity,Technology & SaaS,Mumbai,0.0,0.0,0.0,0.0,0.0,1.0,0.0,0.0,1.0,0
374,14/02/2018,MoneyOnMobile,Technology,mobile payment platform,Mumbai,S7 Group,Private Equity,"50,00,000",,2018-02-14,5000000.0,MoneyOnMobile,moneyonmobile,7600000.0,7600000.0,1,15.0,0,15.0,2,1,Private Equity,Technology & SaaS,Mumbai,0.0,0.0,0.0,0.0,0.0,1.0,0.0,0.0,1.0,0
752,15/06/2017,MoneyTap,Consumer Internet,Money Lending platform,Bangalore,"Sequoia India, NEA, Prime Venture Partners",Private Equity,"1,23,00,000",,2017-06-15,12300000.0,MoneyTap,moneytap,0.0,0.0,0,-1.0,1,0.0,1,0,Private Equity,Consumer Internet & Media,Bengaluru,0.000750938673341677,0.0036940218595162967,0.007362732465128354,0.00033164209477533563,0.00023617871881716454,3.0,1.0,1.0,1.0,0
1258,30/11/2016,MonkeyBox,Consumer Internet,Healthy Food Delivery platform,Bangalore,Blume Ventures & Others,Seed Funding,,,2016-11-30,,MonkeyBox,monkeybox,0.0,0.0,0,-1.0,1,0.0,2,1,Seed/Angel,Consumer Internet & Media,Bengaluru,0.00025031289111389235,0.0,2.4573577241560827e-06,0.00014531887003520802,0.00014531887003520802,1.0,1.0,1.0,1.0,0
711,21/07/2017,MonkeyBox,Consumer Internet,Healthy Food Delivery Platform,Bangalore,"Blume Ventures, NB Ventures, Nspira",Seed Funding,,,2017-07-21,,MonkeyBox,monkeybox,0.0,0.0,1,233.0,0,233.0,2,1,Seed/Angel,Consumer Internet & Media,Bengaluru,0.000750938673341677,0.006087087850197013,0.0008207148839012599,0.0003192251824759247,0.00023227202625556635,3.0,1.0,1.0,1.0,0
710,21/07/2017,Monsoon Fintech,Technology,Machine Learning Access platform,New Delhi,"Sunil Kalra, Aditya Singh, Rishi Srivastava, Rajan Anandan",Seed Funding,,,2017-07-21,,Monsoon Fintech,monsoon fintech,0.0,0.0,0,-1.0,1,0.0,1,0,Seed/Angel,Technology & SaaS,Delhi-NCR,0.00025031289111389235,0.0,5.436574580572323e-09,0.00019298932774467834,0.00019298932774467834,4.0,0.0,1.0,1.0,0
2071,20/01/2016,Moodoo,Consumer Internet,Social Meeting organizer App,Mumbai / UK,Sa\\xc3\\xafd Business School Seed Fund.,Seed Funding,"40,000",,2016-01-20,40000.0,Moodoo,moodoo,0.0,0.0,0,-1.0,1,0.0,1,0,Seed/Angel,Consumer Internet & Media,Mumbai,0.0,0.0,0.0,0.0,0.0,1.0,0.0,0.0,1.0,0
2889,12/03/2015,MoonFrog Labs,,,,"Tiger Global, Sequoia Capital.",Private Equity,"1,50,00,000",Series A,2015-03-12,15000000.0,MoonFrog Labs,moonfrog labs,0.0,0.0,0,-1.0,1,0.0,1,0,Private Equity,Other,Tier-2/Other,0.005006257822277847,0.07287536754319783,0.18527724887454788,0.0017164247516392465,0.0013011563770227365,2.0,1.0,1.0,1.0,0
653,11/08/2017,Moong Labs,Technology,Mobile games developer,New Delhi,Nazara Games,Private Equity,,,2017-08-11,,Moong Labs,moong labs,0.0,0.0,0,-1.0,1,0.0,1,0,Private Equity,Technology & SaaS,Delhi-NCR,0.0,0.0,0.0,0.0,0.0,1.0,0.0,0.0,1.0,0
2715,18/06/2015,Moovo,On-Demand Logistics Service,,New Delhi,YouWeCan Ventures,Seed Funding,,,2015-06-18,,Moovo,moovo,0.0,0.0,0,-1.0,1,0.0,1,0,Seed/Angel,Logistics & Mobility,Delhi-NCR,0.0,0.0,0.0,0.0,0.0,1.0,0.0,0.0,1.0,0
2913,23/03/2015,Mosambee,,,,RVCF and SIDBI,Private Equity,,Series B,2015-03-23,,Mosambee,mosambee,0.0,0.0,0,-1.0,1,0.0,1,0,Private Equity,Other,Tier-2/Other,0.0,0.0,0.0,0.0,0.0,1.0,0.0,0.0,1.0,0
1662,01/05/2016,MotoMojo,Consumer Internet,Mobile based Vehicle maintenance App,Mumbai,"Niloufer Dundh, Fauzan Rahim, Balamurugan Mani,",Seed Funding,,,2016-05-01,,MotoMojo,motomojo,0.0,0.0,0,-1.0,1,0.0,1,0,Seed/Angel,Consumer Internet & Media,Mumbai,0.0,0.0,0.0,0.0,0.0,3.0,0.0,0.0,1.0,0
962,16/03/2017,mPaani,Consumer Internet,Loyalty rewards app,Mumbai,"IDG Ventures, Blume Ventures, Saha Fund,",Private Equity,"13,50,000",,2017-03-16,1350000.0,mPaani,mpaani,0.0,0.0,0,-1.0,1,0.0,1,0,Private Equity,Consumer Internet & Media,Mumbai,0.00025031289111389235,0.0,2.4573577241560827e-06,0.00014531887003520802,0.00014531887003520802,3.0,1.0,1.0,1.0,0
1122,05/12/2016,Mr Hot Foods,Consumer Internet,Online Food Ordering & Delivery Portal,Indore,IvyCamp Ventures,Seed Funding,,,2016-12-05,,Mr Hot Foods,mr hot foods,0.0,0.0,0,-1.0,1,0.0,1,0,Seed/Angel,Consumer Internet & Media,Tier-2/Other,0.0,0.0,0.0,0.0,0.0,1.0,0.0,0.0,1.0,0
751,14/06/2017,MrNeeds,Consumer Internet,Micro Food Delivery platform,Noida,undisclosed investors,Seed Funding,"5,00,000",,2017-06-14,500000.0,MrNeeds,mrneeds,0.0,0.0,0,-1.0,1,0.0,1,0,Seed/Angel,Consumer Internet & Media,Delhi-NCR,0.0,0.0,0.0,0.0,0.0,1.0,0.0,0.0,1.0,0
574,31/10/2017,MSE,Finance,Equity Stock Exchange,Mumbai,"IL&FS, Trust Capital, Rosy Blue Securities, Radhakrishan Damani and Rakesh Jhunjhunwala",Private Equity,"3,20,00,000",,2017-10-31,32000000.0,MSE,mse,0.0,0.0,0,-1.0,1,0.0,1,0,Private Equity,FinTech,Mumbai,0.0,0.0,0.0,0.0,0.0,4.0,0.0,0.0,1.0,0
2339,16/10/2015,mShipper,Crowdsourced Delivery platform,,New Delhi,Vijai Laxmi,Seed Funding,,,2015-10-16,,mShipper,mshipper,0.0,0.0,0,-1.0,1,0.0,1,0,Seed/Angel,Logistics & Mobility,Delhi-NCR,0.0,0.0,0.0,0.0,0.0,1.0,0.0,0.0,1.0,0
2530,17/08/2015,MSM Box,Beauty & Lifestyle platform,,New Delhi,Rohit Goel,Seed Funding,,,2015-08-17,,MSM Box,msm box,0.0,0.0,0,-1.0,1,0.0,1,0,Seed/Angel,Other,Delhi-NCR,0.0,0.0,0.0,0.0,0.0,1.0,0.0,0.0,1.0,0
2633,23/07/2015,Mswipe,Mobile Point of Sale payment solution,,,"Falcon Edge Capital, Meru Capital, Ola, Matrix Partners, DSG Consumer Partners, Axis Bank",Private Equity,"2,50,00,000",Series B,2015-07-23,25000000.0,Mswipe,mswipe,0.0,0.0,0,-1.0,1,0.0,3,1,Private Equity,FinTech,Tier-2/Other,0.001501877346683354,0.006139893935334044,0.03494093435976817,0.0005554571776907639,0.00034903503641600995,6.0,1.0,1.0,1.0,0
766,21/06/2017,mSwipe,Technology,Point-of-Sale services,Mumbai,"UC-RNT Fund, Matrix Partners, alcon Edge Capital, DSG Consumer Partners",Private Equity,"3,10,00,000",,2017-06-21,31000000.0,mSwipe,mswipe,25000000.0,25000000.0,1,699.0,0,699.0,3,1,Private Equity,Technology & SaaS,Mumbai,0.001501877346683354,0.005746251505479102,0.030855919122090774,0.0005464575058024244,0.00038484208950170855,4.0,1.0,1.0,1.0,0
436,07/12/2017,Mswipe,Technology,Mobile point of sale services provider,Mumbai,Eduardo Saverin,Private Equity,"1,00,00,000",,2017-12-07,10000000.0,Mswipe,mswipe,56000000.0,31000000.0,2,169.0,0,868.0,3,1,Private Equity,Technology & SaaS,Mumbai,0.0,0.0,0.0,0.0,0.0,1.0,0.0,0.0,1.0,0
2419,15/09/2015,Mubble,Prepaid Mobile Bill Manager App,,Bangalore,Nandan Nilekani,Seed Funding,,,2015-09-15,,Mubble,mubble,0.0,0.0,0,-1.0,1,0.0,2,1,Seed/Angel,Technology & SaaS,Bengaluru,0.0,0.0,0.0,0.0,0.0,1.0,0.0,0.0,1.0,0
2330,12/10/2015,Mubble,Prepaid Bill manager App,,Bangalore,Accel Partners,Private Equity,,Series A,2015-10-12,,Mubble,mubble,0.0,0.0,1,27.0,0,27.0,2,1,Private Equity,Technology & SaaS,Bengaluru,0.0025031289111389233,0.03180691231866443,0.01397423501569189,0.0009597977221441899,0.0009597977221441899,1.0,1.0,1.0,1.0,0
1275,05/10/2016,MuhurtMaza,Consumer Internet,Online Puja Booking Service,Pune,Undisclosed Investor,Seed Funding,,,2016-10-05,,MuhurtMaza,muhurtmaza,0.0,0.0,0,-1.0,1,0.0,1,0,Seed/Angel,Consumer Internet & Media,Pune,0.0,0.0,0.0,0.0,0.0,1.0,0.0,0.0,1.0,0
626,26/09/2017,Multibhashi,Consumer Internet,Language learning Mobile App,Bangalore,"Aniruddha Malpani, Startup Oasis",Seed Funding,,,2017-09-26,,Multibhashi,multibhashi,0.0,0.0,0,-1.0,1,0.0,1,0,Seed/Angel,Consumer Internet & Media,Bengaluru,0.00025031289111389235,0.0,2.367858005417564e-05,0.00013319653882974886,0.00013319653882974886,2.0,0.0,1.0,1.0,0
735,08/06/2017,Multiplier Solutions,Technology,CRM Software for Healthcare space,Hyderabad,Norwest Venture Partners,Private Equity,"15,00,000",,2017-06-08,1500000.0,Multiplier Solutions,multiplier solutions,0.0,0.0,0,-1.0,1,0.0,1,0,Private Equity,Technology & SaaS,Hyderabad,0.0010012515644555694,0.0019344325116446817,0.004810399254406555,0.0003916403585052038,0.0003916403585052038,1.0,1.0,1.0,1.0,0
1815,27/04/2016,Murgency,Consumer Internet,Medical Emergency Response App,Mumbai,Axilor Ventures,Private Equity,,,2016-04-27,,Murgency,murgency,0.0,0.0,0,-1.0,1,0.0,2,1,Private Equity,Consumer Internet & Media,Mumbai,0.0010012515644555694,0.0028383000031962837,0.0014169998952540074,0.0004588750969253953,0.0004588750969253953,1.0,0.0,1.0,1.0,0
1708,17/05/2016,Murgency,Consumer Internet,Medical Emergency Response App,Mumbai,Rata Tata,Private Equity,,,2016-05-17,,Murgency,murgency,0.0,0.0,1,20.0,0,20.0,2,1,Private Equity,Consumer Internet & Media,Mumbai,0.0,0.0,0.0,0.0,0.0,1.0,0.0,0.0,1.0,0
2293,01/10/2015,Muvizz,Movie-on-demand platform,,Singapore,"Ashish Todi, Abhinav Patodia, Kumar Shwetabh",Seed Funding,"3,50,000",,2015-10-01,350000.0,Muvizz,muvizz,0.0,0.0,0,-1.0,1,0.0,1,0,Seed/Angel,Other,Tier-2/Other,0.0,0.0,0.0,0.0,0.0,3.0,0.0,0.0,1.0,0
647,08/08/2017,My Forex Eye,Consumer Internet,foreign exchange services,New Delhi,"Rahul Dev Kumar, Rajesh Mahajan, Ankit Sharma and others",Seed Funding,"2,20,000",,2017-08-08,220000.0,My Forex Eye,my forex eye,0.0,0.0,0,-1.0,1,0.0,1,0,Seed/Angel,Consumer Internet & Media,Delhi-NCR,0.0,0.0,0.0,0.0,0.0,3.0,0.0,0.0,1.0,0
109,19/04/2019,My Healthcare,E-commerce,Software Solutions,Bengaluru and Gurugram,Sixth Sense Ventures,Series A,"30,00,000",,2019-04-19,3000000.0,My Healthcare,my healthcare,0.0,0.0,0,-1.0,1,0.0,1,0,Series A,E-Commerce,Bengaluru,0.002753441802252816,0.028204996195751897,0.0041782685465482075,0.0010610833567829554,0.0010610833567829554,1.0,0.0,1.0,1.0,0
169,07/08/2018,My OmNamo,Consumer Internet,Holy Platform Offering Customised Puja Packages To Individuals and Corporates,Mumbai,,Seed/ Angel Funding,"10,00,000",,2018-08-07,1000000.0,My OmNamo,my omnamo,0.0,0.0,0,-1.0,1,0.0,1,0,Seed/Angel,Consumer Internet & Media,Mumbai,0.0,0.0,0.0,0.0,0.0,0.0,0.0,0.0,1.0,0
1175,23/12/2016,MyAdvo,Consumer Internet,Legal Advice Platform,New Delhi,"Pradyumna Dalmia, S. Somasegar & Others",Seed Funding,,,2016-12-23,,MyAdvo,myadvo,0.0,0.0,0,-1.0,1,0.0,1,0,Seed/Angel,Consumer Internet & Media,Delhi-NCR,0.0,0.0,0.0,0.0,0.0,2.0,0.0,0.0,1.0,0
2752,30/06/2015,MyCFO,Wealth Management Platform,,Mumbai,Sameer Koticha,Private Equity,"15,00,000",Series A,2015-06-30,1500000.0,MyCFO,mycfo,0.0,0.0,0,-1.0,1,0.0,1,0,Private Equity,Other,Mumbai,0.0,0.0,0.0,0.0,0.0,1.0,0.0,0.0,1.0,0
2011,05/01/2016,MyChild App,Education,Child Disorder Information & Education,Bhopal,"Samir Bangara, Anisha Mittal, Amit Gupta, Pallav Nadhani, Lalit Mangal, Arihant Patni, Dr. Ritesh Malik, Deobrat Singh, Saurab Paruthi, Singapore Angel Network.",Seed Funding,"1,00,000",,2016-01-05,100000.0,MyChild App,mychild app,0.0,0.0,0,-1.0,1,0.0,1,0,Seed/Angel,EdTech,Tier-2/Other,0.00025031289111389235,0.0,0.015404604139267346,0.00014618287768732643,0.00013395544190810925,10.0,0.0,1.0,1.0,0
2020,06/01/2016,MyCity4Kids,Education,Children Education & Information platform,Gurgaon,"SIDBI Venture Capital Limited, YourNest Angel Fund",Private Equity,"30,00,000",,2016-01-06,3000000.0,MyCity4Kids,mycity4kids,0.0,0.0,0,-1.0,1,0.0,2,1,Private Equity,EdTech,Delhi-NCR,0.00025031289111389235,0.0,5.436574580572323e-09,0.00019298932774467834,0.00019298932774467834,2.0,0.0,1.0,1.0,0
685,06/07/2017,MyCity4kids,Consumer Internet,parenting blog and kids\\xe2\\x80\\x99 events discovery platform,Gurgaon,,Seed Funding,,,2017-07-06,,MyCity4kids,mycity4kids,3000000.0,3000000.0,1,547.0,0,547.0,2,1,Seed/Angel,Consumer Internet & Media,Delhi-NCR,0.0,0.0,0.0,0.0,0.0,0.0,0.0,0.0,1.0,0
2780,13/05/2015,MyCuteOffice,Online Office Rental,,Mumbai,Lead Angels,Seed Funding,,,2015-05-13,,MyCuteOffice,mycuteoffice,0.0,0.0,0,-1.0,1,0.0,1,0,Seed/Angel,Other,Mumbai,0.0010012515644555694,0.006769913213594535,0.05549185359678784,0.00038032984394980706,0.00038032984394980706,1.0,0.0,1.0,1.0,0
2714,17/06/2015,MyDentist,Dental Clinic chain,,Mumbai,"LGT Group, Asian Healthcare fund, Seedfund",Private Equity,"82,00,000",Series C,2015-06-17,8200000.0,MyDentist,mydentist,0.0,0.0,0,-1.0,1,0.0,1,0,Private Equity,Technology & SaaS,Mumbai,0.0012515644555694616,0.004638772999889398,7.508484863299938e-05,0.0005537048140257201,0.0005537048140257201,3.0,0.0,1.0,1.0,0
1677,04/05/2016,MyDentistChoice,eCommerce,Medical Supplies eTailer,Hyderabad,Undisclosed investors,Seed Funding,"1,50,000",,2016-05-04,150000.0,MyDentistChoice,mydentistchoice,0.0,0.0,0,-1.0,1,0.0,1,0,Seed/Angel,E-Commerce,Hyderabad,0.0,0.0,0.0,0.0,0.0,1.0,0.0,0.0,1.0,0
959,14/03/2017,MyDermacy,Consumer Internet,Online Dermatology consultation platform,New Delhi,Cyber Carrier,Private Equity,,,2017-03-14,,MyDermacy,mydermacy,0.0,0.0,0,-1.0,1,0.0,1,0,Private Equity,Consumer Internet & Media,Delhi-NCR,0.0,0.0,0.0,0.0,0.0,1.0,0.0,0.0,1.0,0
1485,26/08/2016,MyDidi,Consumer Internet,"on-demand, hyper-local Cleaning services provider",Mumbai,Undisclosed Ex Mckinsey Directors and Partners,Seed Funding,"5,50,000",,2016-08-26,550000.0,MyDidi,mydidi,0.0,0.0,0,-1.0,1,0.0,1,0,Seed/Angel,Consumer Internet & Media,Mumbai,0.0,0.0,0.0,0.0,0.0,1.0,0.0,0.0,1.0,0
3009,12/01/2015,MyDreamStore,,,,Undisclosed Investors,Seed Funding,"2,90,000",,2015-01-12,290000.0,MyDreamStore,mydreamstore,0.0,0.0,0,-1.0,1,0.0,2,1,Seed/Angel,Other,Tier-2/Other,0.0,0.0,0.0,0.0,0.0,1.0,0.0,0.0,1.0,0
3027,21/01/2015,MyDreamStore,,,,Undisclosed Investors,Seed Funding,"3,25,000",,2015-01-21,325000.0,MyDreamStore,mydreamstore,290000.0,290000.0,1,9.0,0,9.0,2,1,Seed/Angel,Other,Tier-2/Other,0.0,0.0,0.0,0.0,0.0,1.0,0.0,0.0,1.0,0
2097,28/01/2016,Myeglu,Technology,Connected Smart Home Solutions,Bangalore,Foxconn Technology Group & Others,Seed Funding,,,2016-01-28,,Myeglu,myeglu,0.0,0.0,0,-1.0,1,0.0,1,0,Seed/Angel,Technology & SaaS,Bengaluru,0.0,0.0,0.0,0.0,0.0,1.0,0.0,0.0,1.0,0
41,04/09/2019,Myelin Foundry,Information Technology,Deep-technology,Bengaluru,Endiya Partners,Seed,"10,00,000",,2019-09-04,1000000.0,Myelin Foundry,myelin foundry,0.0,0.0,0,-1.0,1,0.0,1,0,Seed/Angel,Technology & SaaS,Bengaluru,0.001501877346683354,0.006678119493602958,0.00018976754291309922,0.0006322168844852831,0.0006322168844852831,1.0,0.0,1.0,3.0,1
1753,06/04/2016,MyGlamm,Consumer Internet,Mobile based on-demand Beauty Services platform,Mumbai,L\\xe2\\x80\\x99Occitane,Private Equity,"60,00,000",,2016-04-06,6000000.0,MyGlamm,myglamm,0.0,0.0,0,-1.0,1,0.0,2,1,Private Equity,Consumer Internet & Media,Mumbai,0.0,0.0,0.0,0.0,0.0,1.0,0.0,0.0,1.0,1
969,21/03/2017,MyGlamm,Consumer Internet,On-Demand Beauty Services,Mumbai,L\\xe2\\x80\\x99Occitane,Private Equity,"53,00,000",,2017-03-21,5300000.0,MyGlamm,myglamm,6000000.0,6000000.0,1,349.0,0,349.0,2,1,Private Equity,Consumer Internet & Media,Mumbai,0.0,0.0,0.0,0.0,0.0,1.0,0.0,0.0,1.0,1
803,08/05/2017,MyGreens,Food & Beverage,Cold-press Juices manufacturer,New Delhi,"Ajay Relan, LetsVenture",Seed Funding,"10,00,000",,2017-05-08,1000000.0,MyGreens,mygreens,0.0,0.0,0,-1.0,1,0.0,1,0,Seed/Angel,Food & Beverage,Delhi-NCR,0.00025031289111389235,0.0,0.0014541392121809268,0.00013664812728624517,0.00013664812728624517,2.0,0.0,1.0,1.0,0
1852,09/03/2016,MyGubbi,Real Estate,Interior Design & Home D\\xc3\\xa9cor Solutions,Bangalore,"Vipul Parekh, ajesh K Murthy,",Seed Funding,"25,00,000",,2016-03-09,2500000.0,MyGubbi,mygubbi,0.0,0.0,0,-1.0,1,0.0,2,1,Seed/Angel,Other,Bengaluru,0.0,0.0,0.0,0.0,0.0,2.0,0.0,0.0,1.0,0
536,09/10/2017,MyGubbi,eCommerce,Home Interior Designing Seller,Bangalore,"Firoze Irani, Vipul Parekh, Ananda Kallugadde, Rajesh K Murthy",Private Equity,"27,00,000",,2017-10-09,2700000.0,MyGubbi,mygubbi,2500000.0,2500000.0,1,579.0,0,579.0,2,1,Private Equity,E-Commerce,Bengaluru,0.0,0.0,0.0,0.0,0.0,4.0,0.0,0.0,1.0,0
2212,05/11/2015,MyIndianStay,Home Stay & room rentals platform,,Goa,Undisclosed investors,Seed Funding,"2,00,000",,2015-11-05,200000.0,MyIndianStay,myindianstay,0.0,0.0,0,-1.0,1,0.0,1,0,Seed/Angel,Other,Tier-2/Other,0.0,0.0,0.0,0.0,0.0,1.0,0.0,0.0,1.0,0
1303,15/10/2016,MyKindofJob,Consumer Internet,Internet & Fresher Job platform,Mumbai,"Mayank Shah, Shreyans Shah",Seed Funding,"10,00,000",,2016-10-15,1000000.0,MyKindofJob,mykindofjob,0.0,0.0,0,-1.0,1,0.0,1,0,Seed/Angel,Consumer Internet & Media,Mumbai,0.0,0.0,0.0,0.0,0.0,2.0,0.0,0.0,1.0,0
315,30/04/2018,MyLoanCare,Finance,B2C Online Loans Marketplace,Gurgaon,SAR Group,Seed / Angel Funding,"9,78,000",,2018-04-30,978000.0,MyLoanCare,myloancare,0.0,0.0,0,-1.0,1,0.0,1,0,Seed/Angel,FinTech,Delhi-NCR,0.0,0.0,0.0,0.0,0.0,1.0,0.0,0.0,1.0,0
2025,07/01/2016,Myly,Education,Mobile Based Education platform,Jaipur,Newbie Promoter Pvt Ltd,Seed Funding,"1,00,000",,2016-01-07,100000.0,Myly,myly,0.0,0.0,0,-1.0,1,0.0,2,1,Seed/Angel,EdTech,Jaipur,0.0,0.0,0.0,0.0,0.0,1.0,0.0,0.0,1.0,0
891,15/04/2017,Myly,Consumer Internet,Mobile App for Schools,Jaipur,mall Industries Development Bank of India (SIDBI),Seed Funding,"3,10,000",,2017-04-15,310000.0,Myly,myly,100000.0,100000.0,1,464.0,0,464.0,2,1,Seed/Angel,Consumer Internet & Media,Jaipur,0.0,0.0,0.0,0.0,0.0,1.0,0.0,0.0,1.0,0
2953,09/02/2015,MyNoticePeriod,,,,IDG Ventures,Private Equity,"30,00,000",Series A,2015-02-09,3000000.0,MyNoticePeriod,mynoticeperiod,0.0,0.0,0,-1.0,1,0.0,1,0,Private Equity,Other,Tier-2/Other,0.0,0.0,0.0,0.0,0.0,1.0,0.0,0.0,1.0,0
2634,23/07/2015,Myonsto,Online Grocers,,Ahmedabad,Jayant Bokadia,Seed Funding,"3,20,000",,2015-07-23,320000.0,Myonsto,myonsto,0.0,0.0,0,-1.0,1,0.0,1,0,Seed/Angel,Other,Ahmedabad,0.0,0.0,0.0,0.0,0.0,1.0,0.0,0.0,1.0,0
47,01/08/2019,MyPetrolPump,Retail,Fuel Delivery,Bengaluru,,Seed Funding Round,"16,00,000",,2019-08-01,1600000.0,MyPetrolPump,mypetrolpump,0.0,0.0,0,-1.0,1,0.0,1,0,Seed/Angel,E-Commerce,Bengaluru,0.0,0.0,0.0,0.0,0.0,0.0,0.0,0.0,1.0,0
2684,03/06/2015,MyPoolin,P2P Payments platform,,New Delhi,"Sharad Sharma, Rajan Anandan, Sunil Kalra, Amit Ranjan, Rohan Malhotra,\\xc2\\xa0 Arjun Malhotra, Gautam Gandhi",Seed Funding,,,2015-06-03,,MyPoolin,mypoolin,0.0,0.0,0,-1.0,1,0.0,2,1,Seed/Angel,FinTech,Delhi-NCR,0.0,0.0,0.0,0.0,0.0,7.0,0.0,0.0,1.0,0
2504,10/08/2015,MyPoolin,mobile social network,,New Delhi,QPrize from Qualcomm Ventures,Seed Funding,"2,50,000",QPrize Contest Winners,2015-08-10,250000.0,MyPoolin,mypoolin,0.0,0.0,1,68.0,0,68.0,2,1,Seed/Angel,Other,Delhi-NCR,0.0005006257822277847,0.0012624694237852398,0.0019601863479076207,0.00022612319656148215,0.00022612319656148215,1.0,0.0,1.0,1.0,0
913,26/04/2017,Myra,Consumer Internet,Online Pharmacy,Bangalore,"Times Internet,Matrix Partners",Private Equity,,,2017-04-26,,Myra,myra,0.0,0.0,0,-1.0,1,0.0,1,0,Private Equity,Consumer Internet & Media,Bengaluru,0.00025031289111389235,0.0,0.0011995984420673335,0.00012986659567895903,0.00012986659567895903,2.0,1.0,1.0,1.0,0
1587,08/06/2016,MySeniorDoctor,Consumer Internet,Online medical support platform,Gurgaon,BlackJag Partners,Seed Funding,"2,00,000",,2016-06-08,200000.0,MySeniorDoctor,myseniordoctor,0.0,0.0,0,-1.0,1,0.0,1,0,Seed/Angel,Consumer Internet & Media,Delhi-NCR,0.0,0.0,0.0,0.0,0.0,1.0,0.0,0.0,1.0,0
2613,14/07/2015,MySmartPrice,Online comparison engine,,Hyderabad,"Accel Partners, Helion Venture Partners",Private Equity,"1,00,00,000",Series B,2015-07-14,10000000.0,MySmartPrice,mysmartprice,0.0,0.0,0,-1.0,1,0.0,1,0,Private Equity,Other,Hyderabad,0.0025031289111389233,0.03180691231866443,0.01397423501569189,0.0009597977221441899,0.0009597977221441899,2.0,1.0,1.0,1.0,0
1261,03/10/2016,Mystifly,Consumer Internet,Airline Ticket Aggregator,Bangalore,Recruit Holdings,Private Equity,"50,00,000",,2016-10-03,5000000.0,Mystifly,mystifly,0.0,0.0,0,-1.0,1,0.0,1,0,Private Equity,Consumer Internet & Media,Bengaluru,0.0,0.0,0.0,0.0,0.0,1.0,0.0,0.0,1.0,0
1311,18/10/2016,MySUN,Technology,Solar Energy harnessing products marketplace,Noida,General Catalyst Partners,Private Equity,"25,00,000",,2016-10-18,2500000.0,MySUN,mysun,0.0,0.0,0,-1.0,1,0.0,1,0,Private Equity,Technology & SaaS,Delhi-NCR,0.0012515644555694616,0.013281980711769921,0.013669906013816737,0.0004576813841907588,0.0004576813841907588,1.0,0.0,1.0,1.0,1
1652,28/06/2016,MySuperBrain,Consumer Internet,Online Talent Discovery Platform for Kids,Hyderabad,Soniks Consulting,Seed Funding,,,2016-06-28,,MySuperBrain,mysuperbrain,0.0,0.0,0,-1.0,1,0.0,1,0,Seed/Angel,Consumer Internet & Media,Hyderabad,0.0,0.0,0.0,0.0,0.0,1.0,0.0,0.0,1.0,0
2681,03/06/2015,MyTaxiIndia,Online Car Rental Affiliates,,New Delhi,Green House Ventures,Seed Funding,"1,00,000",,2015-06-03,100000.0,MyTaxiIndia,mytaxiindia,0.0,0.0,0,-1.0,1,0.0,3,1,Seed/Angel,Other,Delhi-NCR,0.0,0.0,0.0,0.0,0.0,1.0,0.0,0.0,1.0,0
2501,10/08/2015,MyTaxiIndia,Taxi Rental platform,,Gurgaon,"Nihon Kotsu,",Private Equity,"5,00,000",Pre Series-A,2015-08-10,500000.0,MyTaxiIndia,mytaxiindia,100000.0,100000.0,1,68.0,0,68.0,3,1,Private Equity,Other,Delhi-NCR,0.0,0.0,0.0,0.0,0.0,1.0,0.0,0.0,1.0,0
1560,21/07/2016,MyTaxiIndia,Consumer Internet,Online Car rental booking platform,New Delhi,Nihon Kotsu Co,Private Equity,"10,00,000",,2016-07-21,1000000.0,MyTaxiIndia,mytaxiindia,600000.0,500000.0,2,346.0,0,414.0,3,1,Private Equity,Consumer Internet & Media,Delhi-NCR,0.0,0.0,0.0,0.0,0.0,1.0,0.0,0.0,1.0,0
631,27/09/2017,MyUpchar,Consumer Internet,Local Language Health Information portal,New Delhi,LetsVenture,Seed Funding,"3,00,000",,2017-09-27,300000.0,MyUpchar,myupchar,0.0,0.0,0,-1.0,1,0.0,2,1,Seed/Angel,Consumer Internet & Media,Delhi-NCR,0.00025031289111389235,0.0,0.0014541392121809268,0.00013664812728624517,0.00013664812728624517,1.0,0.0,1.0,1.0,0
187,27/08/2018,MyUpchar,Healthcare,Local Language Health Content App,Delhi,"Nexus Venture Partners, Omidyar Network and Shunwei Capital",Private Equity,"50,00,000",,2018-08-27,5000000.0,MyUpchar,myupchar,300000.0,300000.0,1,334.0,0,334.0,2,1,Private Equity,Healthcare,Delhi-NCR,0.0010012515644555694,0.007109553316259028,0.013758018688313459,0.0003983214631420374,0.0002592266756964351,2.0,1.0,1.0,1.0,0
2100,29/01/2016,N.O.W,Consumer Internet,Rental Bike Aggregator App,Noida,Maple Capital Advisors,Seed Funding,,,2016-01-29,,N.O.W,n.o.w,0.0,0.0,0,-1.0,1,0.0,2,1,Seed/Angel,Consumer Internet & Media,Delhi-NCR,0.00025031289111389235,0.0,2.2213171803151287e-05,0.00015045598431541468,0.00015045598431541468,1.0,0.0,1.0,1.0,0
1838,07/03/2016,N.O.W,Consumer Internet,Bike Taxi Service & Hyperlocal Delivery App,Noida,"Ruchirans Jaipuria, Anuj Sanghi",Seed Funding,"5,00,000",,2016-03-07,500000.0,N.O.W,n.o.w,0.0,0.0,1,38.0,0,38.0,2,1,Seed/Angel,Consumer Internet & Media,Delhi-NCR,0.0005006257822277847,5.013778490012866e-06,8.156065992668763e-07,0.0002527620453585312,0.0002527620453585312,2.0,0.0,1.0,1.0,0
2866,28/04/2015,Naaptol.com,Tele-Shopping / eCommerce,,Mumbai,Mitsui & Co & existing investors,Private Equity,"2,15,00,000",Series C,2015-04-28,21500000.0,Naaptol.com,naaptol,0.0,0.0,0,-1.0,1,0.0,2,1,Private Equity,E-Commerce,Mumbai,0.0,0.0,0.0,0.0,0.0,1.0,0.0,0.0,1.0,0
2268,24/11/2015,Naaptol,Online and TV Shopping Marketplace,,Mumbai,"Mitsui & Co., New Enterprise Associates, Canaan Partners, Silicon Valley Bank",Private Equity,"5,20,00,000",Late Stage,2015-11-24,52000000.0,Naaptol,naaptol,21500000.0,21500000.0,1,210.0,0,210.0,2,1,Private Equity,E-Commerce,Mumbai,0.0,0.0,0.0,0.0,0.0,4.0,0.0,0.0,1.0,0
936,03/03/2017,Nactus,Consumer Internet,Professional Tutors discovery & booking mobile app,Jaipur,"Sandeep Aggarwal, Gautam Chhaochharia, R Balachandar",Seed Funding,,,2017-03-03,,Nactus,nactus,0.0,0.0,0,-1.0,1,0.0,1,0,Seed/Angel,Consumer Internet & Media,Jaipur,0.0,0.0,0.0,0.0,0.0,3.0,0.0,0.0,1.0,0
124,04/12/2018,Nagpur Wholesale,Online Marketplace,eCommerce,Nagpur,Omphalos Ventures India LLP,Seed Funding,"1,43,000",,2018-12-04,143000.0,Nagpur Wholesale,nagpur wholesale,0.0,0.0,0,-1.0,1,0.0,1,0,Seed/Angel,E-Commerce,Tier-2/Other,0.00025031289111389235,0.0,0.000501958258746812,0.00013608437457529355,0.00013608437457529355,1.0,0.0,1.0,1.0,0
115,13/02/2019,NanoClean Global,Nanotechnology,Anti-Pollution,New Delhi,"LetsVenture, PitchRight Venture, 91SpringBoard, AL Nour International Holdings and Mark V Investments",Series A,"6,00,000",,2019-02-13,600000.0,NanoClean Global,nanoclean global,0.0,0.0,0,-1.0,1,0.0,1,0,Series A,Technology & SaaS,Delhi-NCR,0.00025031289111389235,0.0,0.0014541392121809268,0.00013664812728624517,0.00013664812728624517,4.0,0.0,1.0,1.0,0
188,28/08/2018,Narvar,IT,Post-Purchase Customer Engagement Platform\\xc2\\xa0,Bengaluru,Accel (formerly known as Accel Partners),Private Equity,"30,00,000",,2018-08-28,3000000.0,Narvar,narvar,0.0,0.0,0,-1.0,1,0.0,1,0,Private Equity,Other,Bengaluru,0.0025031289111389233,0.03180691231866443,0.01397423501569189,0.0009597977221441899,0.0009597977221441899,1.0,1.0,1.0,1.0,0
1084,19/01/2017,Native Special,eCommerce,Indian Sweets & Snacks etailer,Karur,"Indian Angel Network, Native Angels Network",Seed Funding,,,2017-01-19,,Native Special,native special,0.0,0.0,0,-1.0,1,0.0,1,0,Seed/Angel,E-Commerce,Tier-2/Other,0.002002503128911139,0.01032696862918804,0.03555811791464255,0.0008020854002554353,0.00048322213337366384,2.0,0.0,1.0,1.0,0
2309,07/10/2015,Naturally Yours,Organic Food etailer,,Mumbai,Sanjay Mehta,Seed Funding,,,2015-10-07,,Naturally Yours,naturally yours,0.0,0.0,0,-1.0,1,0.0,1,0,Seed/Angel,Food & Beverage,Mumbai,0.0,0.0,0.0,0.0,0.0,1.0,0.0,0.0,1.0,0
1629,21/06/2016,NatureNama,Consumer Internet,Online Outdoors & travel,Mumbai,Unicorn Venture,Seed Funding,"2,25,000",,2016-06-21,225000.0,NatureNama,naturenama,0.0,0.0,0,-1.0,1,0.0,1,0,Seed/Angel,Consumer Internet & Media,Mumbai,0.0,0.0,0.0,0.0,0.0,1.0,0.0,0.0,1.0,0
893,17/04/2017,Navia Life Care,Technology,Health Technology platform,New Delhi,Benori Ventures LLP,Seed Funding,,,2017-04-17,,Navia Life Care,navia life care,0.0,0.0,0,-1.0,1,0.0,1,0,Seed/Angel,Technology & SaaS,Delhi-NCR,0.0,0.0,0.0,0.0,0.0,1.0,0.0,0.0,3.0,1
2831,13/04/2015,Nayi Disha,Ed-Tech,,New Delhi,"Ajay Relan,",Seed Funding,"3,00,000",,2015-04-13,300000.0,Nayi Disha,nayi disha,0.0,0.0,0,-1.0,1,0.0,1,0,Seed/Angel,Other,Delhi-NCR,0.0,0.0,0.0,0.0,0.0,1.0,0.0,0.0,1.0,0
450,13/12/2017,Nazara Technologies,Technology,Mobile Games Development Firm,Mumbai,Rakesh Jhunjhunwala,Private Equity,"2,70,00,000",,2017-12-13,27000000.0,Nazara Technologies,nazara,0.0,0.0,0,-1.0,1,0.0,1,0,Private Equity,Technology & SaaS,Mumbai,0.0,0.0,0.0,0.0,0.0,1.0,0.0,0.0,1.0,0
2495,06/08/2015,NDTV ecommerce venture,Car & Bike ecommerce platform,,Mumbai,"Inflexionpoint, Pramod Bhasin, Sixth Sense Ventures, Vindi Banga, Hiro Mashita",Private Equity,,Series A,2015-08-06,,NDTV ecommerce venture,ndtv ecommerce venture,0.0,0.0,0,-1.0,1,0.0,1,0,Private Equity,E-Commerce,Mumbai,0.002753441802252816,0.028204996195751897,0.0041782685465482075,0.0010610833567829554,0.0010610833567829554,5.0,0.0,1.0,1.0,0
2125,04/12/2015,NDTV Wedding portal,Online Wedding Marketplace,,New Delhi,CerraCap,Private Equity,"2,00,00,000",Series A,2015-12-04,20000000.0,NDTV Wedding portal,ndtv wedding portal,0.0,0.0,0,-1.0,1,0.0,1,0,Private Equity,E-Commerce,Delhi-NCR,0.0,0.0,0.0,0.0,0.0,1.0,0.0,0.0,1.0,0
2995,06/01/2015,Near.in,,,,"Anupam Mittal, Manish Vij, Prashant Tandon, Gaurav Agarwal, Akash Agarwal, Himanshu Aggarwal, Kevin Parikh",Seed Funding,"2,85,000",,2015-01-06,285000.0,Near.in,near,0.0,0.0,0,-1.0,1,0.0,1,0,Seed/Angel,Other,Tier-2/Other,0.0,0.0,0.0,0.0,0.0,7.0,0.0,0.0,1.0,0
1370,13/09/2016,NearBuy,Consumer Internet,Online Deals & Discount platform,Gurgaon,BlackSoil Capital Pvt. Ltd.,Private Equity,"25,00,000",,2016-09-13,2500000.0,NearBuy,nearbuy,0.0,0.0,0,-1.0,1,0.0,1,0,Private Equity,Consumer Internet & Media,Delhi-NCR,0.00025031289111389235,0.0,5.436574580572323e-09,0.00019298932774467834,0.00019298932774467834,1.0,0.0,1.0,1.0,0
2505,10/08/2015,NearBuy (previously\\xc2\\xa0 groupon India),Hyper-Local Ecommerce,,New Delhi,Sequoia Capital,Private Equity,"1,60,00,000",Series A,2015-08-10,16000000.0,NearBuy (previously\\xc2\\xa0 groupon India),nearbuy (previously\\xc2\\xa0 groupon india),0.0,0.0,0,-1.0,1,0.0,1,0,Private Equity,E-Commerce,Delhi-NCR,0.004005006257822278,0.059859204892582674,0.09566198113272546,0.001413958516141685,0.001413958516141685,1.0,1.0,1.0,1.0,0
1481,25/08/2016,NearFox,Consumer Internet,Local Lifestyle Content and Discovery Platform,Mumbai,"Globevestor Angel Fund, Devendra Rane, Ravi Jain,\\xc2\\xa0 Arpan Nagdeve",Seed Funding,,,2016-08-25,,NearFox,nearfox,0.0,0.0,0,-1.0,1,0.0,1,0,Seed/Angel,Consumer Internet & Media,Mumbai,0.0,0.0,0.0,0.0,0.0,4.0,0.0,0.0,1.0,0
1467,23/08/2016,NearU,Consumer Internet,Marketing app for retailers,Mumbai,Dr. Goutam Challagalla,Seed Funding,,,2016-08-23,,NearU,nearu,0.0,0.0,0,-1.0,1,0.0,1,0,Seed/Angel,Consumer Internet & Media,Mumbai,0.0,0.0,0.0,0.0,0.0,1.0,0.0,0.0,1.0,0
1510,04/07/2016,NeoGrowth,Finance,SME Lending platform,Mumbai,"IIFL Wealth Management Seed Venture Fund, Omidyar Network, Khosla Impact, Aspada",Private Equity,"1,60,00,000",,2016-07-04,16000000.0,NeoGrowth,neogrowth,0.0,0.0,0,-1.0,1,0.0,1,0,Private Equity,FinTech,Mumbai,0.0010012515644555694,0.007109553316259028,0.014350896427841901,0.0003983214631420374,0.0003003187011179487,4.0,0.0,1.0,1.0,0
415,24/01/2018,NeoGrowth Credit,Finance,Digital Lending,Mumbai,"LeapFrog Investments, Aspada Investment, Quona Capital",Private Equity,"4,70,00,000",,2018-01-24,47000000.0,NeoGrowth Credit,neogrowth credit,0.0,0.0,0,-1.0,1,0.0,1,0,Private Equity,FinTech,Mumbai,0.00025031289111389235,0.0,0.0003744393720063739,0.00014759721226907955,0.0001425705249344929,3.0,0.0,1.0,1.0,0
1042,28/02/2017,NeoStencil,Consumer Internet,Live Online Coaching Classes,New Delhi,"Brand Capital, Paragon Trust",Private Equity,"10,00,000",,2017-02-28,1000000.0,NeoStencil,neostencil,0.0,0.0,0,-1.0,1,0.0,1,0,Private Equity,Consumer Internet & Media,Delhi-NCR,0.0,0.0,0.0,0.0,0.0,2.0,0.0,0.0,1.0,0
2436,21/09/2015,Neotrade Analytics,Real-Time stock data platform,,Bangalore,Rainmatter,Seed Funding,"2,35,000",,2015-09-21,235000.0,Neotrade Analytics,neotrade analytics,0.0,0.0,0,-1.0,1,0.0,1,0,Seed/Angel,Other,Bengaluru,0.00025031289111389235,0.0,0.002994561045724411,0.0001361996154533645,0.0001361996154533645,1.0,0.0,1.0,1.0,0
580,05/09/2017,Nest Education,Technology,EduTech Platform,Gurgaon,"Michael and Susan Dell Foundation, Anand Mahindra",Seed Funding,"6,00,000",,2017-09-05,600000.0,Nest Education,nest education,0.0,0.0,0,-1.0,1,0.0,1,0,Seed/Angel,Technology & SaaS,Delhi-NCR,0.0,0.0,0.0,0.0,0.0,2.0,0.0,0.0,1.0,0
2898,16/03/2015,NestAway,,,,"IDG Ventures, Naveen Tewari",Seed Funding,"13,00,000",,2015-03-16,1300000.0,NestAway,nestaway,0.0,0.0,0,-1.0,1,0.0,4,1,Seed/Angel,Other,Tier-2/Other,0.0,0.0,0.0,0.0,0.0,2.0,0.0,0.0,1.0,0
2632,23/07/2015,Nestaway,Luxury Rental Homes,,Bangalore,"Flipkart, Tiger Global",Private Equity,"1,27,50,000",Series A,2015-07-23,12750000.0,Nestaway,nestaway,1300000.0,1300000.0,1,129.0,0,129.0,4,1,Private Equity,Other,Bengaluru,0.005006257822277847,0.07287536754319783,0.18527724887454788,0.0017164247516392465,0.0009248616062810817,2.0,1.0,1.0,1.0,0
2002,29/02/2016,Nestaway,Consumer Internet,Online Home Rental Marketplace,Bangalore,Ratan Tata,Private Equity,,,2016-02-29,,Nestaway,nestaway,14050000.0,12750000.0,2,221.0,0,350.0,4,1,Private Equity,Consumer Internet & Media,Bengaluru,0.0,0.0,0.0,0.0,0.0,1.0,0.0,0.0,1.0,0
1779,15/04/2016,NestAway,Consumer Internet,Furnished Home Rental Platform,Bangalore,Tiger Global,Private Equity,"3,00,00,000",,2016-04-15,30000000.0,NestAway,nestaway,14050000.0,12750000.0,3,46.0,0,396.0,4,1,Private Equity,Consumer Internet & Media,Bengaluru,0.005006257822277847,0.07287536754319783,0.18527724887454788,0.0017164247516392465,0.0017164247516392465,1.0,1.0,1.0,1.0,0
1270,04/10/2016,NetLinx,Consumer Internet,Internet Service Provider,Hyderabad,"Xchange Investors NV, TransGlobal FZC",Private Equity,"30,00,000",,2016-10-04,3000000.0,NetLinx,netlinx,0.0,0.0,0,-1.0,1,0.0,1,0,Private Equity,Consumer Internet & Media,Hyderabad,0.0,0.0,0.0,0.0,0.0,2.0,0.0,0.0,1.0,0
2362,26/10/2015,Netmeds.com,Online Pharmacy,,Chennai,"OrbiMed, Pradip Dadha Group",Private Equity,"5,00,00,000",Series A,2015-10-26,50000000.0,Netmeds.com,netmeds,0.0,0.0,0,-1.0,1,0.0,3,1,Private Equity,Healthcare,Chennai,0.00025031289111389235,0.0,5.436574580572323e-09,0.00019298932774467834,0.00019298932774467834,2.0,0.0,1.0,1.0,0
573,31/10/2017,NetMeds,ECommerce,Online Pharmacy,Chennai,TannCam Investment & Sistema Asia Fund,Private Equity,"1,40,00,000",,2017-10-31,14000000.0,NetMeds,netmeds,50000000.0,50000000.0,1,736.0,0,736.0,3,1,Private Equity,E-Commerce,Chennai,0.00025031289111389235,0.0,0.00013803840184575106,0.00013119051310689684,0.00013119051310689684,1.0,0.0,1.0,1.0,0
152,01/09/2018,Netmeds,Consumer Internet,Online Pharmacy Chain,Chennai,"Sistema Asia Fund, Sistema JSFC and Tanncam Investment",Private Equity,"3,50,00,000",,2018-09-01,35000000.0,Netmeds,netmeds,64000000.0,14000000.0,2,305.0,0,1041.0,3,1,Private Equity,Consumer Internet & Media,Chennai,0.00025031289111389235,0.0,0.00013803840184575106,0.00013119051310689684,0.00013119051310689684,2.0,0.0,1.0,1.0,0
1128,07/12/2016,Netree,eCommerce,Mobile-only Retailers Engagement Solution,New Delhi,"The Chennai Angels, LetsVenture",Seed Funding,,,2016-12-07,,Netree,netree,0.0,0.0,0,-1.0,1,0.0,1,0,Seed/Angel,E-Commerce,Delhi-NCR,0.000750938673341677,0.002207942702539416,0.0014541392121809268,0.0003491956708925769,0.00024292189908941105,2.0,0.0,1.0,1.0,0
242,14/06/2018,Network Intelligence,Technology,Cybersecurity Specialist,Mumbai,Helix Investments,Private Equity,"48,00,000",,2018-06-14,4800000.0,Network Intelligence,network intelligence,0.0,0.0,0,-1.0,1,0.0,1,0,Private Equity,Technology & SaaS,Mumbai,0.0,0.0,0.0,0.0,0.0,1.0,0.0,0.0,1.0,0
1139,09/12/2016,NeuroEquilibrium,Technology,Health-Tech platform,Jaipur,Unicorn India Ventures,Seed Funding,"2,50,000",,2016-12-09,250000.0,NeuroEquilibrium,neuroequilibrium,0.0,0.0,0,-1.0,1,0.0,1,0,Seed/Angel,Technology & SaaS,Jaipur,0.00025031289111389235,0.0,3.9377968408257e-06,0.0001475271348715769,0.0001475271348715769,1.0,0.0,1.0,1.0,0
1277,05/10/2016,NeuroSynaptic,Technology,Remote Healthcare Delivery Solutions,Bangalore,"Indian Angel Network, Healthsquad, Axilor Ventures",Private Equity,,,2016-10-05,,NeuroSynaptic,neurosynaptic,0.0,0.0,0,-1.0,1,0.0,1,0,Private Equity,Technology & SaaS,Bengaluru,0.002002503128911139,0.01032696862918804,0.03555811791464255,0.0008020854002554353,0.0006304802485904153,3.0,0.0,1.0,1.0,0
646,08/08/2017,New Castle Technologies,Technology,Hospital Management Software,Chennai,Undisclosed investors,Seed Funding,"2,43,000",,2017-08-08,243000.0,New Castle Technologies,new castle,0.0,0.0,0,-1.0,1,0.0,1,0,Seed/Angel,Technology & SaaS,Chennai,0.0,0.0,0.0,0.0,0.0,1.0,0.0,0.0,1.0,0
2800,25/05/2015,Newgen Payments,Payments Solution Provider,,New Delhi,Jan Manten,Seed Funding,,,2015-05-25,,Newgen Payments,newgen payments,0.0,0.0,0,-1.0,1,0.0,1,0,Seed/Angel,FinTech,Delhi-NCR,0.0,0.0,0.0,0.0,0.0,1.0,0.0,0.0,1.0,0
406,15/01/2018,Newgen Software,Technology,IT,New Delhi,"Goldman Sachs, hedge fund & Others",Private Equity,"2,00,00,000",,2018-01-15,20000000.0,Newgen Software,newgen software,0.0,0.0,0,-1.0,1,0.0,1,0,Private Equity,Technology & SaaS,Delhi-NCR,0.00025031289111389235,0.0,3.63414446275521e-08,0.00017390235357615433,0.00017390235357615433,2.0,0.0,1.0,1.0,0
1377,16/09/2016,NewsDistill,Consumer Internet,City based News Aggregator App,Hyderabad,"Ganesh Narasimhan, Ramana Thumu, Sudhir Mallem",Seed Funding,"1,00,000",,2016-09-16,100000.0,NewsDistill,newsdistill,0.0,0.0,0,-1.0,1,0.0,1,0,Seed/Angel,Consumer Internet & Media,Hyderabad,0.0,0.0,0.0,0.0,0.0,3.0,0.0,0.0,1.0,0
2952,06/02/2015,NewsHunt,,,,"Falcon Edge Capital, Matrix Partners India, Sequoia Capital India and Omidyar Network",Private Equity,"4,00,00,000",Series C,2015-02-06,40000000.0,NewsHunt,newshunt,0.0,0.0,0,-1.0,1,0.0,1,0,Private Equity,Other,Tier-2/Other,0.004005006257822278,0.059859204892582674,0.09566198113272546,0.001413958516141685,0.0006997607631704693,3.0,1.0,1.0,1.0,0
2967,16/02/2015,NewsInShorts,,,,"Tiger Global, Rebright Partners, Sachin and Binny Bansal",Private Equity,"41,50,000",Series A,2015-02-16,4150000.0,NewsInShorts,newsinshorts,0.0,0.0,0,-1.0,1,0.0,1,0,Private Equity,Other,Tier-2/Other,0.005006257822277847,0.07287536754319783,0.18527724887454788,0.0017164247516392465,0.000841033809960403,3.0,1.0,1.0,1.0,0
1987,22/02/2016,NewsLaundry,Consumer Internet,Independent News Media Portal,New Delhi,"Omidyar Network,\\xc2\\xa0 Vikram Lal, Abhijit Bhandari, Mahesh Murthy, Shashank Bhagat",Private Equity,,,2016-02-22,,NewsLaundry,newslaundry,0.0,0.0,0,-1.0,1,0.0,1,0,Private Equity,Consumer Internet & Media,Delhi-NCR,0.0010012515644555694,0.007109553316259028,0.013758018688313459,0.0003983214631420374,0.0003983214631420374,5.0,0.0,1.0,1.0,0
1295,14/10/2016,Newspatrolling,Consumer Internet,Online News portal,New Delhi,Undisclosed,Seed Funding,"25,000",,2016-10-14,25000.0,Newspatrolling,newspatrolling,0.0,0.0,0,-1.0,1,0.0,1,0,Seed/Angel,Consumer Internet & Media,Delhi-NCR,0.00025031289111389235,0.0,1.54413417595609e-07,0.00016435886649189237,0.00016435886649189237,1.0,0.0,1.0,1.0,0
2969,17/02/2015,NextGen,,,,Mumbai Angels & Group of other investors,Seed\\nFunding,,,2015-02-17,,NextGen,nextgen,0.0,0.0,0,-1.0,1,0.0,1,0,Seed/Angel,Other,Tier-2/Other,0.0017521902377972466,0.010975312042205362,0.00961306277325317,0.0007274642447918312,0.0007274642447918312,1.0,0.0,1.0,1.0,0
2878,05/03/2015,Niffler,,,,SAIF Partners,Seed Funding,"10,00,000",,2015-03-05,1000000.0,Niffler,niffler,0.0,0.0,0,-1.0,1,0.0,1,0,Seed/Angel,Other,Tier-2/Other,0.000750938673341677,0.0042731615220654,0.0014112094183159625,0.00029227224578136433,0.00029227224578136433,1.0,1.0,1.0,1.0,0
2485,05/08/2015,NightStay,hotel booking app,,Noida,"BedRock Ventures, Rajesh Sawhney, Shailesh Singh",Seed Funding,"5,00,000",,2015-08-05,500000.0,NightStay,nightstay,0.0,0.0,0,-1.0,1,0.0,2,1,Seed/Angel,Other,Delhi-NCR,0.0,0.0,0.0,0.0,0.0,3.0,0.0,0.0,1.0,0
801,08/05/2017,Nightstay,Consumer Internet,Last minute hotel booking mobile app,New Delhi,"Indian Angels Network, LetsVenture",Seed Funding,,,2017-05-08,,Nightstay,nightstay,500000.0,500000.0,1,642.0,0,642.0,2,1,Seed/Angel,Consumer Internet & Media,Delhi-NCR,0.0012515644555694616,0.004638772999889398,0.0014541392121809268,0.0005537048140257201,0.00034517647065598266,2.0,0.0,1.0,1.0,0
2375,30/10/2015,Niki.ai,Artificial Intelligence Ecommerce Chatbot,,Bangalore,Unilazer Ventures,Seed Funding,,,2015-10-30,,Niki.ai,niki.ai,0.0,0.0,0,-1.0,1,0.0,4,1,Seed/Angel,E-Commerce,Bengaluru,0.0005006257822277847,0.0006317360897416212,0.00014200954400772872,0.00025171097761001013,0.00025171097761001013,1.0,0.0,1.0,1.0,0
1718,19/05/2016,Niki.ai,Technology,Artificial Intelligence Platform,Bangalore,Ratan Tata,Private Equity,,,2016-05-19,,Niki.ai,niki.ai,0.0,0.0,1,202.0,0,202.0,4,1,Private Equity,Technology & SaaS,Bengaluru,0.0,0.0,0.0,0.0,0.0,1.0,0.0,0.0,1.0,0
824,16/05/2017,Niki.ai,Technology,AI-based chatbot,Bangalore,SAP,Private Equity,,,2017-05-16,,Niki.ai,niki.ai,0.0,0.0,2,362.0,0,564.0,4,1,Private Equity,Technology & SaaS,Bengaluru,0.0,0.0,0.0,0.0,0.0,1.0,0.0,0.0,1.0,0
781,28/06/2017,Niki.ai,Consumer Internet,AI Based Personal Assistant,Bangalore,"SAP.iO, Unilazer Ventures",Private Equity,"20,00,000",,2017-06-28,2000000.0,Niki.ai,niki.ai,0.0,0.0,3,43.0,0,607.0,4,1,Private Equity,Consumer Internet & Media,Bengaluru,0.0005006257822277847,0.0006317360897416212,0.00014200954400772872,0.00025171097761001013,0.00025171097761001013,2.0,0.0,1.0,1.0,0
2959,11/02/2015,Nimble Wireless,,,,AngelPrime,Seed\\nFunding,"30,00,000",,2015-02-11,3000000.0,Nimble Wireless,nimble wireless,0.0,0.0,0,-1.0,1,0.0,1,0,Seed/Angel,Other,Tier-2/Other,0.0,0.0,0.0,0.0,0.0,1.0,0.0,0.0,1.0,0
1839,07/03/2016,Ninjacart,ECommerce,B2B marketplace for Farmers & Retailers,Bangalore,"Accel Partners, Qualcomm Ventures, M&S Partners, Zop Smart",Private Equity,"30,00,000",,2016-03-07,3000000.0,Ninjacart,ninjacart,0.0,0.0,0,-1.0,1,0.0,3,1,Private Equity,E-Commerce,Bengaluru,0.0025031289111389233,0.03180691231866443,0.01397423501569189,0.0009597977221441899,0.0005929604593528361,4.0,1.0,1.0,1.0,0
879,11/04/2017,Ninjacart,eCommerce,B2B agri-marketing platform,Bangalore,"Accel Partners, Nandan Nilekani\\xe2\\x80\\x99s NRJN Trust, Mistletoe, Qualcomm Ventures, M&S Partners",Private Equity,"55,00,000",,2017-04-11,5500000.0,Ninjacart,ninjacart,3000000.0,3000000.0,1,400.0,0,400.0,3,1,Private Equity,E-Commerce,Bengaluru,0.0025031289111389233,0.03180691231866443,0.01397423501569189,0.0009597977221441899,0.0005929604593528361,5.0,1.0,1.0,1.0,0
23,15/11/2019,Ninjacart,B2B Marketing,Agritech,Bengaluru,Trifecta Capital Advisors,Debt Funding,"2,60,00,000",,2019-11-15,26000000.0,Ninjacart,ninjacart,8500000.0,5500000.0,2,948.0,0,1348.0,3,1,Debt,Other,Bengaluru,0.00025031289111389235,0.0,2.2213171803151287e-05,0.00015045598431541468,0.00015045598431541468,1.0,0.0,1.0,1.0,0
909,24/04/2017,Niramai,Healthcare,Breast Cancer Screening Solutions,Bangalore,"pi Ventures, Axilor Ventures, 500 Startups, Binny Bansal",Seed Funding,,,2017-04-24,,Niramai,niramai,0.0,0.0,0,-1.0,1,0.0,1,0,Seed/Angel,Healthcare,Bengaluru,0.0012515644555694616,0.010687931577880288,0.01213914455110461,0.0004861118041767175,0.00036978192253133503,4.0,0.0,1.0,1.0,1
238,13/06/2018,NirogStreet,Healthcare,An Online Platform That Connects Ayurveda Doctors With Patients,Gurugram,"Spiral Ventures, Subho Ray and Samir Kumar",Seed/ Angel Funding,"3,000,00",,2018-06-13,300000.0,NirogStreet,nirogstreet,0.0,0.0,0,-1.0,1,0.0,1,0,Seed/Angel,Healthcare,Delhi-NCR,0.0,0.0,0.0,0.0,0.0,2.0,0.0,0.0,1.0,1
845,29/05/2017,Nivesh,Consumer Internet,Online MF investment platform,Noida,"PV Sahad, Sandeep Shroff, Rahul Gupta",Seed Funding,,,2017-05-29,,Nivesh,nivesh,0.0,0.0,0,-1.0,1,0.0,2,1,Seed/Angel,Consumer Internet & Media,Delhi-NCR,0.0,0.0,0.0,0.0,0.0,3.0,0.0,0.0,2.0,1
239,13/06/2018,Nivesh,Finance,Mass Market Mutual Fund Investment Platform,Noida,"LetsVenture, Rajan Anandan, Basab Pradhan, Vivek Khare and Bijoy George",Seed/ Angel Funding,"4,50,000",,2018-06-13,450000.0,Nivesh,nivesh,0.0,0.0,1,380.0,0,380.0,2,1,Seed/Angel,FinTech,Delhi-NCR,0.00025031289111389235,0.0,0.0014541392121809268,0.00013664812728624517,0.00013664812728624517,4.0,0.0,1.0,2.0,1
1555,19/07/2016,NiYO Solutions,Technology,Payroll & Benefits Software solutions,Bangalore,Prime Venture Partners,Private Equity,"10,00,000",,2016-07-19,1000000.0,NiYO Solutions,niyo solutions,0.0,0.0,0,-1.0,1,0.0,1,0,Private Equity,Technology & SaaS,Bengaluru,0.00025031289111389235,0.0,0.0003495453046448737,0.00014071534285899344,0.00014071534285899344,1.0,0.0,1.0,1.0,0
2978,23/02/2015,NoBroker,,,,"SAIF Partners, Fulcrum Ventures",Private Equity,"30,00,000",Series A,2015-02-23,3000000.0,NoBroker,nobroker,0.0,0.0,0,-1.0,1,0.0,6,1,Private Equity,Other,Tier-2/Other,0.000750938673341677,0.0042731615220654,0.0014112094183159625,0.00029227224578136433,0.00029227224578136433,2.0,1.0,1.0,1.0,0
1992,24/02/2016,NoBroker,Consumer Internet,Peer to peer property listing platform,Bangalore,"Beenext, Digital Garage, Beenos, Qualgro, Mamoru Taniya, SAIF Partners",Private Equity,"1,00,00,000",,2016-02-24,10000000.0,NoBroker,nobroker,3000000.0,3000000.0,1,366.0,0,366.0,6,1,Private Equity,Consumer Internet & Media,Bengaluru,0.002252816020025031,0.026666534645510814,0.01377356864908714,0.0008378082004402911,0.00044102325798877793,6.0,1.0,1.0,1.0,0
1358,09/09/2016,NoBroker,Consumer Internet,Online Home Rental platform,Bangalore,Anand Chandrasekaran,Seed Funding,,,2016-09-09,,NoBroker,nobroker,13000000.0,10000000.0,2,198.0,0,564.0,6,1,Seed/Angel,Consumer Internet & Media,Bengaluru,0.0,0.0,0.0,0.0,0.0,1.0,0.0,0.0,1.0,0
1213,15/11/2016,NoBroker,Consumer Internet,Online Rental discovery,Bangalore,Vijay Shekhar Sharma,Seed Funding,,,2016-11-15,,NoBroker,nobroker,13000000.0,10000000.0,3,67.0,0,631.0,6,1,Seed/Angel,Consumer Internet & Media,Bengaluru,0.000750938673341677,0.00471909365926236,0.0014597492225774918,0.0003333108063015668,0.0003333108063015668,1.0,0.0,1.0,1.0,0
1161,19/12/2016,NoBroker,Consumer Internet,Rental property search portal,Bangalore,"KTB Network, SAIF Partners, BEENEXT, Digital Garage",Private Equity,"74,00,000",,2016-12-19,7400000.0,NoBroker,nobroker,13000000.0,10000000.0,4,34.0,0,665.0,6,1,Private Equity,Consumer Internet & Media,Bengaluru,0.002252816020025031,0.026666534645510814,0.01377356864908714,0.0008378082004402911,0.0005650402231108277,4.0,1.0,1.0,1.0,0
75,05/06/2019,NoBroker,E-Commerce,Real Estate,Bengaluru,General Atlantic,Series C,"5,10,00,000",,2019-06-05,51000000.0,NoBroker,nobroker,20400000.0,7400000.0,5,898.0,0,1563.0,6,1,Series C,E-Commerce,Bengaluru,0.000750938673341677,0.0021879587457645606,0.019603099240975835,0.00029482419624864327,0.00029482419624864327,1.0,0.0,1.0,1.0,0
1232,22/11/2016,Noddapp,Consumer Internet,App based networking platform,Mumbai,Undisclosed multiple investors,Seed Funding,"1,47,000",,2016-11-22,147000.0,Noddapp,noddapp,0.0,0.0,0,-1.0,1,0.0,1,0,Seed/Angel,Consumer Internet & Media,Mumbai,0.0,0.0,0.0,0.0,0.0,1.0,0.0,0.0,1.0,0
2660,30/07/2015,Noodle Play,Chinese food delivery,,Mumbai,"Elliot Stechman, Gautam Sinha, Ambarish Ray",Seed Funding,"1,68,000",,2015-07-30,168000.0,Noodle Play,noodle play,0.0,0.0,0,-1.0,1,0.0,1,0,Seed/Angel,Logistics & Mobility,Mumbai,0.0,0.0,0.0,0.0,0.0,3.0,0.0,0.0,1.0,0
488,09/11/2017,NoPaperForms,Technology,Enrolment Management Platform,Delhi,Info Edge,Seed Funding,"8,72,000",,2017-11-09,872000.0,NoPaperForms,nopaperforms,0.0,0.0,0,-1.0,1,0.0,1,0,Seed/Angel,Technology & SaaS,Delhi-NCR,0.0010012515644555694,0.0017935092775083943,0.000998637359838791,0.0004433891403006348,0.0004433891403006348,1.0,0.0,1.0,1.0,0
145,01/10/2018,Northmist,Fashion,Mens Wear,Delhi,Prashant Jaiswal,Seed/ Angel Funding,,,2018-10-01,,Northmist,northmist,0.0,0.0,0,-1.0,1,0.0,1,0,Seed/Angel,Other,Delhi-NCR,0.0,0.0,0.0,0.0,0.0,1.0,0.0,0.0,1.0,0
1966,17/02/2016,Notary Mama,Consumer Internet,On-demand Legal documentation and registration service,Bangalore,"Dr Nandish Domlur, Amit Sandill",Seed Funding,,,2016-02-17,,Notary Mama,notary mama,0.0,0.0,0,-1.0,1,0.0,1,0,Seed/Angel,Consumer Internet & Media,Bengaluru,0.0,0.0,0.0,0.0,0.0,2.0,0.0,0.0,1.0,0
1466,23/08/2016,Notesgen,Consumer Internet,Online Notes Sharing Portal,New Delhi,"Riju Gupta, Kamal Chabra",Seed Funding,"1,00,000",,2016-08-23,100000.0,Notesgen,notesgen,0.0,0.0,0,-1.0,1,0.0,1,0,Seed/Angel,Consumer Internet & Media,Delhi-NCR,0.0,0.0,0.0,0.0,0.0,2.0,0.0,0.0,1.0,0
712,25/07/2017,Noticeboard,Consumer Internet,Mobile-first Enterprise communication platform,Bangalore,"Stellaris Venture Partners,",Private Equity,"12,00,000",,2017-07-25,1200000.0,Noticeboard,noticeboard,0.0,0.0,0,-1.0,1,0.0,2,1,Private Equity,Consumer Internet & Media,Bengaluru,0.0025031289111389233,0.009284405205667146,0.0026777303065239127,0.0010012613196776867,0.0010012613196776867,1.0,0.0,1.0,1.0,0
609,19/09/2017,Noticeboard,Technology,"mobile-first communication platform for on-field staff,",Bangalore,"Shamik Sharma, Aprameya Radhakrishna",Seed Funding,,,2017-09-19,,Noticeboard,noticeboard,1200000.0,1200000.0,1,56.0,0,56.0,2,1,Seed/Angel,Technology & SaaS,Bengaluru,0.0,0.0,0.0,0.0,0.0,2.0,0.0,0.0,1.0,0
1490,29/08/2016,Notion Press,Consumer Internet,Self-Publishing books platform,Chennai,Undisclosed HNI investors,Private Equity,"10,00,000",,2016-08-29,1000000.0,Notion Press,notion press,0.0,0.0,0,-1.0,1,0.0,1,0,Private Equity,Consumer Internet & Media,Chennai,0.0,0.0,0.0,0.0,0.0,1.0,0.0,0.0,1.0,0
2942,02/02/2015,NowFloats,,,,Omidyar Network,Private Equity,,Series A,2015-02-02,,NowFloats,nowfloats,0.0,0.0,0,-1.0,1,0.0,2,1,Private Equity,Other,Tier-2/Other,0.0010012515644555694,0.007109553316259028,0.013758018688313459,0.0003983214631420374,0.0003983214631420374,1.0,0.0,1.0,1.0,0
1097,24/01/2017,NowFloats,Consumer Internet,Platform to take businesses online,Hyderabad,"Iron Pillar and IIFL, Blume Ventures, Omidyar Network",Private Equity,"1,00,00,000",,2017-01-24,10000000.0,NowFloats,nowfloats,0.0,0.0,1,722.0,0,722.0,2,1,Private Equity,Consumer Internet & Media,Hyderabad,0.0010012515644555694,0.007109553316259028,0.013758018688313459,0.0003983214631420374,0.0002850804154808901,3.0,1.0,1.0,1.0,0
1853,09/03/2016,Nukkad Shops,Consumer Internet,Hyperlocal Grocery Delivery Service,Hyderabad,PurpleTalk Inc,Seed Funding,"10,00,000",,2016-03-09,1000000.0,Nukkad Shops,nukkad shops,0.0,0.0,0,-1.0,1,0.0,1,0,Seed/Angel,Consumer Internet & Media,Hyderabad,0.0,0.0,0.0,0.0,0.0,1.0,0.0,0.0,1.0,0
2997,06/01/2015,NumberMall,,,,SRI Capital,Private Equity,"1,00,00,000",,2015-01-06,10000000.0,NumberMall,numbermall,0.0,0.0,0,-1.0,1,0.0,1,0,Private Equity,Other,Tier-2/Other,0.00025031289111389235,0.0,8.488504438854556e-06,0.00014262609723412833,0.00014262609723412833,1.0,0.0,1.0,1.0,0
1226,21/11/2016,numberz.in,Technology,Cash Flow Management Solution for Businesses,Gurgaon,"Kae Capital, Khosla Impact",Seed Funding,"6,50,000",,2016-11-21,650000.0,numberz.in,numberz,0.0,0.0,0,-1.0,1,0.0,1,0,Seed/Angel,Technology & SaaS,Delhi-NCR,0.0005006257822277847,0.0022066892579169126,0.00030628027223875305,0.00022405951589119736,0.00022405951589119736,2.0,0.0,1.0,1.0,0
257,29/06/2018,Numeroseven,Technology,An Artificial Intelligence-Based Recruitment Platform,Kolkatta,Shiva Gunapu & Others,Seed/ Angel Funding,,,2018-06-29,,Numeroseven,numeroseven,0.0,0.0,0,-1.0,1,0.0,1,0,Seed/Angel,Technology & SaaS,Tier-2/Other,0.0,0.0,0.0,0.0,0.0,1.0,0.0,0.0,1.0,0
3001,07/01/2015,Nurturey,,,,Seedrs Crowd funding platform,Crowd funding,"1,25,000",,2015-01-07,125000.0,Nurturey,nurturey,0.0,0.0,0,-1.0,1,0.0,2,1,Other/Undisclosed,Other,Tier-2/Other,0.0,0.0,0.0,0.0,0.0,1.0,0.0,0.0,1.0,0
1016,13/02/2017,Nurturey,Consumer Internet,Parenting Mobile App,New Delhi,Mohit Joshi & Others,Seed Funding,"3,30,000",,2017-02-13,330000.0,Nurturey,nurturey,125000.0,125000.0,1,768.0,0,768.0,2,1,Seed/Angel,Consumer Internet & Media,Delhi-NCR,0.0,0.0,0.0,0.0,0.0,1.0,0.0,0.0,1.0,0
506,21/11/2017,Nuvepro,Technology,Managed Cloud Environment Solutions,Mumbai,1Crowd,Seed/Angel Funding,"4,00,000",,2017-11-21,400000.0,Nuvepro,nuvepro,0.0,0.0,0,-1.0,1,0.0,1,0,Seed/Angel,Technology & SaaS,Mumbai,0.0005006257822277847,0.0009472281012256808,0.0027722702807833925,0.00023462760148550098,0.00023462760148550098,1.0,0.0,1.0,1.0,0
2575,01/07/2015,NxtGen,IT infrastructure & Data Center services,,Bangalore,"IFC, Axon Partners, Intel Capital",Private Equity,"1,35,00,000",Series A,2015-07-01,13500000.0,NxtGen,nxtgen,0.0,0.0,0,-1.0,1,0.0,1,0,Private Equity,Other,Bengaluru,0.00025031289111389235,0.0,0.0003647567468268238,0.00014011484180377883,0.00014011484180377883,3.0,0.0,1.0,1.0,0
2298,05/10/2015,Nykaa,Beauty & Wellness Products e-tailer,,Mumbai,"Harsh Mariwala, Atul Nishar, Dalip Pathak, Michael Carlos",Private Equity,"95,00,000",Series B,2015-10-05,9500000.0,Nykaa,nykaa,0.0,0.0,0,-1.0,1,0.0,6,1,Private Equity,Technology & SaaS,Mumbai,0.0,0.0,0.0,0.0,0.0,4.0,0.0,0.0,1.0,0
1365,12/09/2016,Nykaa,eCommerce,Online Beauty products eTailer,Mumbai,"Sunil Munjal, Mariwala family",Private Equity,"1,23,00,000",,2016-09-12,12300000.0,Nykaa,nykaa,9500000.0,9500000.0,1,343.0,0,343.0,6,1,Private Equity,E-Commerce,Mumbai,0.0,0.0,0.0,0.0,0.0,2.0,0.0,0.0,1.0,0
1137,09/12/2016,Nykaa,eCommerce,Beauty Products etailer,Mumbai,Max Ventures and Industries,Private Equity,,,2016-12-09,,Nykaa,nykaa,21800000.0,12300000.0,2,88.0,0,431.0,6,1,Private Equity,E-Commerce,Mumbai,0.0,0.0,0.0,0.0,0.0,1.0,0.0,0.0,1.0,0
306,22/04/2018,Nykaa,Consumer Internet,Beauty e-tailer,Mumbai,"Sunil Munjal, Harsh Mariwala, Dalip Pathak and Others",Private Equity,"1,10,00,000",,2018-04-22,11000000.0,Nykaa,nykaa,21800000.0,12300000.0,3,499.0,0,930.0,6,1,Private Equity,Consumer Internet & Media,Mumbai,0.0,0.0,0.0,0.0,0.0,3.0,0.0,0.0,1.0,0
264,14/05/2018,Nykaa,Consumer Internet,Beauty e-tailer,Mumbai,"Sunil Munjal, Harsh Mariwala, Dalip Pathak and Others",Private Equity,"2,40,00,000",,2018-05-14,24000000.0,Nykaa,nykaa,32800000.0,11000000.0,4,22.0,0,952.0,6,1,Private Equity,Consumer Internet & Media,Mumbai,0.0,0.0,0.0,0.0,0.0,3.0,0.0,0.0,1.0,0
157,05/09/2018,Nykaa,Consumer Internet,Online Marketplace For Multi-brand Beauty Cosmetic and Wellness Products,Mumbai,Lighthouse,Private Equity,"15,72,00,000",,2018-09-05,157200000.0,Nykaa,nykaa,56800000.0,24000000.0,5,114.0,0,1066.0,6,1,Private Equity,Consumer Internet & Media,Mumbai,0.0,0.0,0.0,0.0,0.0,1.0,0.0,0.0,1.0,0
2046,13/01/2016,Obino,Healthcare,Weigh Loss Coaching,Mumbai,RoundGlass Partners,Private Equity,,,2016-01-13,,Obino,obino,0.0,0.0,0,-1.0,1,0.0,1,0,Private Equity,Healthcare,Mumbai,0.0,0.0,0.0,0.0,0.0,1.0,0.0,0.0,1.0,0
178,13/08/2018,Observe AI,Technology,AI Based Solutions Platform,Bengaluru,"Nexus Venture Partners, MGV, Liquid 2 Ventures, Hack VC, Emergent Ventures and Y Combinator",Private Equity,"80,00,000",,2018-08-13,8000000.0,Observe AI,observe ai,0.0,0.0,0,-1.0,1,0.0,1,0,Private Equity,Technology & SaaS,Bengaluru,0.00425531914893617,0.03704616522382135,0.1137077548087308,0.0015893753600148012,0.000854753624132817,5.0,1.0,1.0,1.0,0
1468,23/08/2016,Octo.ai,Technology,Artificial Intelligence based marketing platform,New Delhi,"Outbox Ventures, Jaspreet Bindra, Arjun Malhotra, Rohan Malhotra, Sidharth Rao, Rakesh Agrawal",Seed Funding,"2,00,000",,2016-08-23,200000.0,Octo.ai,octo.ai,0.0,0.0,0,-1.0,1,0.0,1,0,Seed/Angel,Technology & SaaS,Delhi-NCR,0.0,0.0,0.0,0.0,0.0,6.0,0.0,0.0,1.0,0
1996,25/02/2016,OfBusiness,eCommerce,B2B commerce Marketplace,Gurgaon,Matrix Partners India,Private Equity,"50,00,000",,2016-02-25,5000000.0,OfBusiness,ofbusiness,0.0,0.0,0,-1.0,1,0.0,4,1,Private Equity,E-Commerce,Delhi-NCR,0.00025031289111389235,0.0,0.0011995984420673335,0.00012986659567895903,0.00012986659567895903,1.0,1.0,1.0,8.0,1
1147,13/12/2016,OfBusiness,eCommerce,Online business-to-business (B2B) marketplace,Gurgaon,"Zodius Technology Opportunities Fund, Matrix Partners",Private Equity,"1,11,00,000",,2016-12-13,11100000.0,OfBusiness,ofbusiness,5000000.0,5000000.0,1,292.0,0,292.0,4,1,Private Equity,E-Commerce,Delhi-NCR,0.00025031289111389235,0.0,0.0011995984420673335,0.00012986659567895903,0.00012986659567895903,2.0,1.0,1.0,8.0,1
568,27/10/2017,OfBusiness,Technology,B2B Finance & Fulfilment Network,Gurgaon,Kotak Mahindra Bank,Debt Funding,"38,00,000",,2017-10-27,3800000.0,OfBusiness,ofbusiness,16100000.0,11100000.0,2,318.0,0,610.0,4,1,Debt,Technology & SaaS,Delhi-NCR,0.00025031289111389235,0.0,0.00025456000729870095,0.00012821502916441938,0.00012821502916441938,1.0,0.0,1.0,8.0,1
205,17/07/2018,Ofbusiness,Finance,Online Lending Platform For SME,Gurugram,"Creation Investments, Falcon Edge, Matrix Partners India and Zodius Capital",Private Equity,"2,90,00,000",,2018-07-17,29000000.0,Ofbusiness,ofbusiness,19900000.0,3800000.0,3,263.0,0,873.0,4,1,Private Equity,FinTech,Delhi-NCR,0.001501877346683354,0.006139893935334044,0.03494093435976817,0.0005554571776907639,0.00034266188668486146,3.0,1.0,1.0,8.0,1
1038,24/02/2017,Oglas,Consumer Internet,Mobile Advertising App,Noida,"Pankaj Rungta, Yogesh Agarwal",Seed Funding,,,2017-02-24,,Oglas,oglas,0.0,0.0,0,-1.0,1,0.0,1,0,Seed/Angel,Consumer Internet & Media,Delhi-NCR,0.0,0.0,0.0,0.0,0.0,2.0,0.0,0.0,1.0,0
937,03/03/2017,Oho Shop,Technology,eCommerce Mobile App Builder,Ahmedabad,"Bennett, Coleman and Company Ltd",Private Equity,"67,00,000",,2017-03-03,6700000.0,Oho Shop,oho shop,0.0,0.0,0,-1.0,1,0.0,1,0,Private Equity,Technology & SaaS,Ahmedabad,0.0,0.0,0.0,0.0,0.0,2.0,0.0,0.0,1.0,0
1070,16/01/2017,Oi Media,Technology,SAAS Based Media Marketing platform,New Delhi,Quarizon,Seed Funding,,,2017-01-16,,Oi Media,oi media,0.0,0.0,0,-1.0,1,0.0,1,0,Seed/Angel,Technology & SaaS,Delhi-NCR,0.0,0.0,0.0,0.0,0.0,1.0,0.0,0.0,1.0,0
2203,03/11/2015,oibanit,Online Food Ordering Marketplace,,Vadodara,"Varun Ahuja, Anubhav Verma",Seed Funding,"1,50,000",,2015-11-03,150000.0,oibanit,oibanit,0.0,0.0,0,-1.0,1,0.0,1,0,Seed/Angel,E-Commerce,Tier-2/Other,0.0,0.0,0.0,0.0,0.0,2.0,0.0,0.0,1.0,0
86,10/06/2019,OkCredit,FinTech,Financial Services,Haryana,Tiger Global Management,Series A,"1,55,00,000",,2019-06-10,15500000.0,OkCredit,okcredit,0.0,0.0,0,-1.0,1,0.0,1,0,Series A,FinTech,Tier-2/Other,0.005006257822277847,0.07287536754319783,0.18527724887454788,0.0017164247516392465,0.0017164247516392465,1.0,1.0,1.0,1.0,0
2245,18/11/2015,Ola,Car Aggregator & Retail Mobile App,,Bangalore,"Baillie Gifford, Falcon Edge Capital, Tiger Global, SoftBank Group, DST Global, Didi Kuaidi",Private Equity,"50,00,00,000",Series F ( More Details Here),2015-11-18,500000000.0,Ola,ola,0.0,0.0,0,-1.0,1,0.0,4,1,Private Equity,E-Commerce,Bengaluru,0.005006257822277847,0.07287536754319783,0.18527724887454788,0.0017164247516392465,0.0006166978698932728,6.0,1.0,1.0,1.0,1
925,01/03/2017,Ola,Consumer Internet,App based cab aggregator,Bangalore,SoftBank Group Corp,Private Equity,"33,00,00,000",,2017-03-01,330000000.0,Ola,ola,500000000.0,500000000.0,1,469.0,0,469.0,4,1,Private Equity,Consumer Internet & Media,Bengaluru,0.00025031289111389235,0.0,0.0013179319140914473,0.00013282288461829474,0.00013282288461829474,1.0,1.0,1.0,1.0,1
792,03/05/2017,Ola,Consumer Internet,Cab Aggregation App,Bangalore,"Falcon Edge Capital,\\xc2\\xa0 Capital Advisers",Private Equity,"10,45,00,000",,2017-05-03,104500000.0,Ola,ola,830000000.0,330000000.0,2,63.0,0,532.0,4,1,Private Equity,Consumer Internet & Media,Bengaluru,0.001501877346683354,0.006139893935334044,0.03494093435976817,0.0005554571776907639,0.00035295658100308925,2.0,0.0,1.0,1.0,1
749,14/06/2017,Ola,Consumer Internet,Cab Aggregation App,Bangalore,Tekne Capital Management LLC,Private Equity,"5,00,00,000",,2017-06-14,50000000.0,Ola,ola,934500000.0,104500000.0,3,42.0,0,574.0,4,1,Private Equity,Consumer Internet & Media,Bengaluru,0.0,0.0,0.0,0.0,0.0,1.0,0.0,0.0,1.0,1
2574,01/07/2015,Ola Cabs,Cab rental Mobile app,,Bangalore,Ratan Tata,Private Equity,,Personal Investment,2015-07-01,,Ola Cabs,ola cabs,0.0,0.0,0,-1.0,1,0.0,8,1,Private Equity,Logistics & Mobility,Bengaluru,0.0,0.0,0.0,0.0,0.0,1.0,0.0,0.0,1.0,0
2416,14/09/2015,Ola Cabs,Cab rental Mobile app,,Bangalore,"Falcon Edge Capital, NY based Hedge Fund, Tiger Global, Softbank",Private Equity,"22,50,00,000",Late Stage,2015-09-14,225000000.0,Ola Cabs,ola cabs,0.0,0.0,1,75.0,0,75.0,8,1,Private Equity,Logistics & Mobility,Bengaluru,0.005006257822277847,0.07287536754319783,0.18527724887454788,0.0017164247516392465,0.0008606439850030309,4.0,1.0,1.0,1.0,0
2459,28/09/2015,Ola Cabs,Cab Booking app platform,,Bangalore,Didi Kuaidi,Private Equity,"3,00,00,000",late Stage (part of $500M funding rnd),2015-09-28,30000000.0,Ola Cabs,ola cabs,225000000.0,225000000.0,2,14.0,0,89.0,8,1,Private Equity,Logistics & Mobility,Bengaluru,0.0,0.0,0.0,0.0,0.0,1.0,0.0,0.0,1.0,0
890,14/04/2017,Ola Cabs,Consumer Internet,Cab Aggregator App,Bangalore,SIMI Pacific Pte,Private Equity,"26,00,00,000",,2017-04-14,260000000.0,Ola Cabs,ola cabs,255000000.0,30000000.0,3,564.0,0,653.0,8,1,Private Equity,Consumer Internet & Media,Bengaluru,0.0,0.0,0.0,0.0,0.0,1.0,0.0,0.0,1.0,0
654,11/08/2017,Ola Cabs,Consumer Internet,App based cab aggregation Service,Gurgaon,Tekne Capital Management,Private Equity,"3,60,00,000",,2017-08-11,36000000.0,Ola Cabs,ola cabs,515000000.0,260000000.0,4,119.0,0,772.0,8,1,Private Equity,Consumer Internet & Media,Delhi-NCR,0.0,0.0,0.0,0.0,0.0,1.0,0.0,0.0,1.0,0
524,03/10/2017,Ola Cabs,Consumer Internet,App based cab hailing services,Bangalore,"Tencent, Softbank Group",Private Equity,"11,00,00,000",,2017-10-03,110000000.0,Ola Cabs,ola cabs,551000000.0,36000000.0,5,53.0,0,825.0,8,1,Private Equity,Consumer Internet & Media,Bengaluru,0.00025031289111389235,0.0,0.0013179319140914473,0.00013873533332427098,0.00013577910897128286,2.0,1.0,1.0,1.0,0
571,28/10/2017,Ola Cabs,Consumer Internet,App based cab hailing services,Bangalore,ANI Technologies Pvt. Ltd,Private Equity,"77,00,000",,2017-10-28,7700000.0,Ola Cabs,ola cabs,661000000.0,110000000.0,6,25.0,0,850.0,8,1,Private Equity,Consumer Internet & Media,Bengaluru,0.0,0.0,0.0,0.0,0.0,1.0,0.0,0.0,1.0,0
65,03/07/2019,Ola Cabs,Transport,Cabs,Kormangala,"DIG Investment Ab, Deshe Holdings, Samih Toukan and Hussam Khoury",Series J,"10,00,000",,2019-07-03,1000000.0,Ola Cabs,ola cabs,668700000.0,7700000.0,7,613.0,0,1463.0,8,1,Other/Undisclosed,Logistics & Mobility,Bengaluru,0.0,0.0,0.0,0.0,0.0,3.0,0.0,0.0,1.0,0
90,06/05/2019,Ola Electric,Transport,Cabs,Bengaluru,Tata Sons,Series A,undisclosed,,2019-05-06,,Ola Electric,ola electric,0.0,0.0,0,-1.0,1,0.0,1,0,Series A,Logistics & Mobility,Bengaluru,0.0,0.0,0.0,0.0,0.0,1.0,0.0,0.0,1.0,1
2821,08/04/2015,Olacabs,Cab Aggregator,,Bangalore,"DST Global, Steadview Capital, Tiger Global, Accel Partners & Others",Private Equity,"40,00,00,000",Series E (Updated from 315M to 400M after Press Release),2015-04-08,400000000.0,Olacabs,olacabs,0.0,0.0,0,-1.0,1,0.0,1,0,Private Equity,Logistics & Mobility,Bengaluru,0.005006257822277847,0.07287536754319783,0.18527724887454788,0.0017164247516392465,0.0008955552746133851,4.0,1.0,1.0,1.0,0
1792,19/04/2016,Oliveboard,Consumer Internet,Online exam practice & preparation platform,Bangalore,India Educational Investment Fund,Private Equity,,,2016-04-19,,Oliveboard,oliveboard,0.0,0.0,0,-1.0,1,0.0,1,0,Private Equity,Consumer Internet & Media,Bengaluru,0.0,0.0,0.0,0.0,0.0,1.0,0.0,0.0,2.0,1
569,27/10/2017,Olly Credit,Technology,Credit + payment mobile app,New Delhi,"Incubate Fund, Sandesh Kirkire, Anand Kumar, Yogesh Chaudhary",Seed Funding,,,2017-10-27,,Olly Credit,olly credit,0.0,0.0,0,-1.0,1,0.0,1,0,Seed/Angel,Technology & SaaS,Delhi-NCR,0.000750938673341677,0.006377784888338374,0.005593152911417266,0.0003181151846201535,0.0003181151846201535,4.0,0.0,1.0,1.0,0
498,15/11/2017,Omnia Information,Technology,WiFi Analytics Platform,Delhi,Omidyar Network,Private Equity,"30,00,000",,2017-11-15,3000000.0,Omnia Information,omnia information,0.0,0.0,0,-1.0,1,0.0,1,0,Private Equity,Technology & SaaS,Delhi-NCR,0.0010012515644555694,0.007109553316259028,0.013758018688313459,0.0003983214631420374,0.0003983214631420374,1.0,0.0,1.0,1.0,0
877,10/04/2017,Omnify,Technology,SaaS platform for SMEs,Bangalore,"Rajan Anandan, L.D Sharma, Saurabh Arora",Seed Funding,"1,50,000",,2017-04-10,150000.0,Omnify,omnify,0.0,0.0,0,-1.0,1,0.0,1,0,Seed/Angel,Technology & SaaS,Bengaluru,0.0,0.0,0.0,0.0,0.0,3.0,0.0,0.0,1.0,0
2625,17/07/2015,Omnikart,Industrial Supplies B2B ecommerce,,Mumbai,"Sumit Gandhi, Manish Gandhi",Seed Funding,"1,00,000",,2015-07-17,100000.0,Omnikart,omnikart,0.0,0.0,0,-1.0,1,0.0,1,0,Seed/Angel,E-Commerce,Mumbai,0.0,0.0,0.0,0.0,0.0,2.0,0.0,0.0,1.0,0
583,06/09/2017,OncoStem,Healthcare,Medical Diagnostic Solutions,Bangalore,"Sequoia Capital India, Artiman Ventures",Private Equity,"60,00,000",,2017-09-06,6000000.0,OncoStem,oncostem,0.0,0.0,0,-1.0,1,0.0,1,0,Private Equity,Healthcare,Bengaluru,0.004005006257822278,0.059859204892582674,0.09566198113272546,0.001413958516141685,0.001413958516141685,2.0,1.0,1.0,1.0,0
339,20/03/2018,One Labs,Consumer Internet,Consumer Technology and Artificial Intelligence Based Aggregator App,,Micromax Informatics Ltd,Private Equity,,,2018-03-20,,One Labs,one labs,0.0,0.0,0,-1.0,1,0.0,1,0,Private Equity,Consumer Internet & Media,Tier-2/Other,0.0,0.0,0.0,0.0,0.0,1.0,0.0,0.0,1.0,0
2514,12/08/2015,OneAssist,Credit Card Fraud protection solutions,,Mumbai,"Sequoia Capital, Lightspeed Ventures",Private Equity,"75,00,000",Series B,2015-08-12,7500000.0,OneAssist,oneassist,0.0,0.0,0,-1.0,1,0.0,2,1,Private Equity,Other,Mumbai,0.004005006257822278,0.059859204892582674,0.09566198113272546,0.001413958516141685,0.0008753929987991632,2.0,1.0,1.0,1.0,0
767,21/06/2017,OneAssist,Consumer Internet,Credit card fraud protection,Mumbai,Sequoia Capital,Private Equity,,,2017-06-21,,OneAssist,oneassist,7500000.0,7500000.0,1,679.0,0,679.0,2,1,Private Equity,Consumer Internet & Media,Mumbai,0.004005006257822278,0.059859204892582674,0.09566198113272546,0.001413958516141685,0.001413958516141685,1.0,1.0,1.0,1.0,0
1878,21/03/2016,OneClickWash,Consumer Internet,Online Laundry & Washing service Booking & Delivery,Gurgaon,Unitus Seed Fund,Seed Funding,,,2016-03-21,,OneClickWash,oneclickwash,0.0,0.0,0,-1.0,1,0.0,1,0,Seed/Angel,Consumer Internet & Media,Delhi-NCR,0.0,0.0,0.0,0.0,0.0,1.0,0.0,0.0,1.0,0
539,09/10/2017,OneStepUp,Technology,Education Technology platform,New Delhi,Orient BlackSwan,Seed Funding,"3,36,000",,2017-10-09,336000.0,OneStepUp,onestepup,0.0,0.0,0,-1.0,1,0.0,1,0,Seed/Angel,Technology & SaaS,Delhi-NCR,0.0,0.0,0.0,0.0,0.0,1.0,0.0,0.0,1.0,0
1608,15/06/2016,Oneway.cab,Consumer Internet,Taxi Rental Platform,Vadodara,Indian Angel Network,Seed Funding,"4,50,000",,2016-06-15,450000.0,Oneway.cab,oneway.cab,0.0,0.0,0,-1.0,1,0.0,1,0,Seed/Angel,Consumer Internet & Media,Tier-2/Other,0.002002503128911139,0.01032696862918804,0.03555811791464255,0.0008020854002554353,0.0008020854002554353,1.0,0.0,1.0,1.0,0
2153,11/12/2015,OnlineRTI,Online RTI application services,,Bangalore,"LetsVenture, Mohandas Pai",Seed Funding,"1,50,000",,2015-12-11,150000.0,OnlineRTI,onlinerti,0.0,0.0,0,-1.0,1,0.0,1,0,Seed/Angel,Other,Bengaluru,0.00025031289111389235,0.0,0.0014541392121809268,0.00013664812728624517,0.00013664812728624517,2.0,0.0,1.0,1.0,0
2404,10/09/2015,OnlineTyari,Multilingual Test Preparation Platform,,Gurgaon,"500 Startups, TV Mohandas Pai, Tandem Capital, Vikram Chachra, Aloke Bajpai",Private Equity,"7,70,000",Series A,2015-09-10,770000.0,OnlineTyari,onlinetyari,0.0,0.0,0,-1.0,1,0.0,1,0,Private Equity,Other,Delhi-NCR,0.0,0.0,0.0,0.0,0.0,5.0,0.0,0.0,1.0,0
1124,05/12/2016,ONN Bikes,eCommerce,"On-demand, self-drive bike rental platform",Mumbai,Grace Capital Ventures,Seed Funding,,,2016-12-05,,ONN Bikes,onn bikes,0.0,0.0,0,-1.0,1,0.0,2,1,Seed/Angel,E-Commerce,Mumbai,0.0,0.0,0.0,0.0,0.0,1.0,0.0,0.0,1.0,0
503,20/11/2017,ONN Bikes,Technology,Self riding bike rental program,Mumbai,Z Nation Lab,Seed/Angel Funding,"6,92,000",,2017-11-20,692000.0,ONN Bikes,onn bikes,0.0,0.0,1,350.0,0,350.0,2,1,Seed/Angel,Technology & SaaS,Mumbai,0.0,0.0,0.0,0.0,0.0,1.0,0.0,0.0,1.0,0
1624,21/06/2016,Onspoon,Consumer Internet,Online Platform for Event Sponsorship,Mumbai,Swan Angel Network,Seed Funding,"1,50,000",,2016-06-21,150000.0,Onspoon,onspoon,0.0,0.0,0,-1.0,1,0.0,1,0,Seed/Angel,Consumer Internet & Media,Mumbai,0.0,0.0,0.0,0.0,0.0,1.0,0.0,0.0,1.0,0
529,05/10/2017,Oorjan,Technology,rooftop solar platform,Mumbai,Globevestor,Seed Funding,"4,50,000",,2017-10-05,450000.0,Oorjan,oorjan,0.0,0.0,0,-1.0,1,0.0,1,0,Seed/Angel,Technology & SaaS,Mumbai,0.0,0.0,0.0,0.0,0.0,1.0,0.0,0.0,1.0,0
487,08/11/2017,OpenApp,Technology,IoT based Tech Startup,Bangalore,"Axilor Ventures, Kumar Vembu",Private Equity,"36,00,000",,2017-11-08,3600000.0,OpenApp,openapp,0.0,0.0,0,-1.0,1,0.0,1,0,Private Equity,Technology & SaaS,Bengaluru,0.0010012515644555694,0.0028383000031962837,0.0014169998952540074,0.0004588750969253953,0.0004588750969253953,2.0,0.0,1.0,1.0,0
258,02/05/2018,OpenTap,Finance,Online Lending Platform,Chennai,Unknown High Net-Worth Individuals,Seed / Angel Funding,"4,50,000",,2018-05-02,450000.0,OpenTap,opentap,0.0,0.0,0,-1.0,1,0.0,1,0,Seed/Angel,FinTech,Chennai,0.0,0.0,0.0,0.0,0.0,1.0,0.0,0.0,1.0,0
2650,28/07/2015,Opinio,Hyperlocal food & grocery store,,Bangalore,"Accel Partners, Traxcn Labs & Others",Seed Funding,"13,00,000",,2015-07-28,1300000.0,Opinio,opinio,0.0,0.0,0,-1.0,1,0.0,2,1,Seed/Angel,Food & Beverage,Bengaluru,0.0025031289111389233,0.03180691231866443,0.01397423501569189,0.0009597977221441899,0.0009597977221441899,2.0,1.0,1.0,1.0,0
2346,20/10/2015,Opinio,Last Mile Delivery Service,,Bangalore,"Delhivery, Sands Capital and Accel Partners",Private Equity,"70,00,000",Series A,2015-10-20,7000000.0,Opinio,opinio,1300000.0,1300000.0,1,84.0,0,84.0,2,1,Private Equity,Logistics & Mobility,Bengaluru,0.00025031289111389235,0.0,2.2213171803151287e-05,0.00015045598431541468,0.00015045598431541468,2.0,1.0,1.0,1.0,0
412,22/01/2018,OptaCredit,Finance,Alternative Lending,Chennai,DMI Finance,Private Equity,"40,00,000",,2018-01-22,4000000.0,OptaCredit,optacredit,0.0,0.0,0,-1.0,1,0.0,1,0,Private Equity,FinTech,Chennai,0.0,0.0,0.0,0.0,0.0,1.0,0.0,0.0,1.0,0
2049,14/01/2016,Orahi,Consumer Internet,Carpooling Mobile App,Gurgaon,Indian Angel Network,Seed Funding,"5,20,000",,2016-01-14,520000.0,Orahi,orahi,0.0,0.0,0,-1.0,1,0.0,1,0,Seed/Angel,Consumer Internet & Media,Delhi-NCR,0.002002503128911139,0.01032696862918804,0.03555811791464255,0.0008020854002554353,0.0008020854002554353,1.0,0.0,1.0,1.0,0
1328,26/10/2016,OrangeTwig,Consumer Internet,Social Media Marketing platform,New Delhi,Undisclosed investor,Seed Funding,"10,00,000",,2016-10-26,1000000.0,OrangeTwig,orangetwig,0.0,0.0,0,-1.0,1,0.0,1,0,Seed/Angel,Consumer Internet & Media,Delhi-NCR,0.0,0.0,0.0,0.0,0.0,1.0,0.0,0.0,1.0,0
1777,15/04/2016,Organicshop,eCommerce,Marketplace for organic products,Jaipur,"Vivek Nathani, Yogesh Chaudhary, Mahavir Pratap Sharma, Kamal Kothari, H C Jain",Seed Funding,,,2016-04-15,,Organicshop,organicshop,0.0,0.0,0,-1.0,1,0.0,1,0,Seed/Angel,E-Commerce,Jaipur,0.0,0.0,0.0,0.0,0.0,5.0,0.0,0.0,1.0,0
991,31/03/2017,Oriano Solar,Technology,Turnkey Solar Solutions,Mumbai,Samridhi Fund,Private Equity,"30,00,000",,2017-03-31,3000000.0,Oriano Solar,oriano solar,0.0,0.0,0,-1.0,1,0.0,1,0,Private Equity,Technology & SaaS,Mumbai,0.0,0.0,0.0,0.0,0.0,1.0,0.0,0.0,1.0,0
2369,28/10/2015,ORIGA Leasing,Asset Financing platform,,Mumbai,"ah! Ventures, 500 Startups & Other HNIs",Seed Funding,"11,00,000",,2015-10-28,1100000.0,ORIGA Leasing,origa leasing,0.0,0.0,0,-1.0,1,0.0,1,0,Seed/Angel,Other,Mumbai,0.0012515644555694616,0.0034676545481551486,0.00024930596051947864,0.0005595823330734198,0.00036197059978265614,2.0,0.0,1.0,1.0,0
146,02/10/2018,Origo Commodities India Pvt. Ltd,Logistics,Supply Chain,Hyderabad,"Cooperative Oikocredit, Caspian and Hivos-Triodos Fund",Seed/ Angel Funding,"1,10,00,000",,2018-10-02,11000000.0,Origo Commodities India Pvt. Ltd,origo commodities india .,0.0,0.0,0,-1.0,1,0.0,1,0,Seed/Angel,Logistics & Mobility,Hyderabad,0.0012515644555694616,0.004638772999889398,7.508484863299938e-05,0.0005537048140257201,0.00035289674141892355,2.0,0.0,1.0,1.0,0
2895,14/03/2015,Orobind,,,,"Zishaan Hayath, Lalit Mangal, Harpreet Singh Grover",Seed Funding,"2,00,000",,2015-03-14,200000.0,Orobind,orobind,0.0,0.0,0,-1.0,1,0.0,2,1,Seed/Angel,Other,Tier-2/Other,0.0,0.0,0.0,0.0,0.0,3.0,0.0,0.0,1.0,0
2528,17/08/2015,Orobind,App based Fitness coaching,,Bangalore,Existing & New Investors,Private Equity,,pre series A,2015-08-17,,Orobind,orobind,200000.0,200000.0,1,156.0,0,156.0,2,1,Private Equity,Other,Bengaluru,0.0,0.0,0.0,0.0,0.0,1.0,0.0,0.0,1.0,0
1907,02/02/2016,Oust App,Consumer Internet,Competitive Exam Preparation Platform,Bangalore,"T V Mohandas Pai,\\xc2\\xa0 Aarin Capital",Seed Funding,,,2016-02-02,,Oust App,oust app,0.0,0.0,0,-1.0,1,0.0,1,0,Seed/Angel,Consumer Internet & Media,Bengaluru,0.00025031289111389235,0.0,5.436574580572323e-09,0.00019298932774467834,0.00019298932774467834,2.0,0.0,1.0,1.0,0
2259,20/11/2015,OUWT,Nightlife Discovery Mobile App,,Mumbai,Undisclosed investors,Seed Funding,"1,50,000",,2015-11-20,150000.0,OUWT,ouwt,0.0,0.0,0,-1.0,1,0.0,1,0,Seed/Angel,Other,Mumbai,0.0,0.0,0.0,0.0,0.0,1.0,0.0,0.0,1.0,0
1525,11/07/2016,Overcart.com,eCommerce,Unboxed & refurbished electronic products marketplace,Gurgaon,"JSW Ventures, Omidyar Network, Sattva Capital, Venture Works",Private Equity,"30,00,000",,2016-07-11,3000000.0,Overcart.com,overcart,0.0,0.0,0,-1.0,1,0.0,1,0,Private Equity,E-Commerce,Delhi-NCR,0.0010012515644555694,0.007109553316259028,0.013758018688313459,0.0003983214631420374,0.00026900360011459753,4.0,0.0,1.0,1.0,0
1945,10/02/2016,OyBob,eCommerce,Hyperlocal Products & Services marketplace,Gurgaon,Sachin Dalal,Seed Funding,,,2016-02-10,,OyBob,oybob,0.0,0.0,0,-1.0,1,0.0,1,0,Seed/Angel,E-Commerce,Delhi-NCR,0.0,0.0,0.0,0.0,0.0,1.0,0.0,0.0,1.0,0
1761,11/04/2016,Oyo,Consumer Internet,Online Branded Budget Room Booking Service,New Delhi,"Softbank, Sequoia Capital, Lightspeed Venture Partners, Greenoaks Capital, DSG Consumer Partners and Venture Nursery",Private Equity,"10,00,00,000",,2016-04-11,100000000.0,Oyo,oyo,0.0,0.0,0,-1.0,1,0.0,1,0,Private Equity,Consumer Internet & Media,Delhi-NCR,0.004005006257822278,0.059859204892582674,0.09566198113272546,0.001413958516141685,0.0005484911023972178,5.0,1.0,1.0,1.0,1
2920,25/03/2015,OYO Rooms,,,,"Greenoaks capital, Sequoia Capital, LightSpeed Ventures",Private Equity,"2,50,00,000",Series A,2015-03-25,25000000.0,OYO Rooms,oyo rooms,0.0,0.0,0,-1.0,1,0.0,5,1,Private Equity,Other,Tier-2/Other,0.004005006257822278,0.059859204892582674,0.09566198113272546,0.001413958516141685,0.0006286493268348607,3.0,1.0,1.0,1.0,0
2619,15/07/2015,Oyo Rooms,Budget Hotel Accommodation,,Gurgaon,"Softbank, Sequoia Capital",Private Equity,"10,00,00,000",Series B,2015-07-15,100000000.0,Oyo Rooms,oyo rooms,25000000.0,25000000.0,1,112.0,0,112.0,5,1,Private Equity,Other,Delhi-NCR,0.004005006257822278,0.059859204892582674,0.09566198113272546,0.001413958516141685,0.0008620042709103837,2.0,1.0,1.0,1.0,0
907,24/04/2017,Oyo Rooms,Consumer Internet,Branded Budget Hotels Aggregator,Gurgaon,"SoftBank Vision Fund, Lightspeed Venture Partners, Sequoia Capital India Advisors, Greenoaks Capital Partners",Private Equity,"25,00,00,000",,2017-04-24,250000000.0,Oyo Rooms,oyo rooms,125000000.0,100000000.0,2,649.0,0,761.0,5,1,Private Equity,Consumer Internet & Media,Delhi-NCR,0.004005006257822278,0.059859204892582674,0.09566198113272546,0.001413958516141685,0.0005489995015459161,4.0,1.0,1.0,1.0,0
587,07/09/2017,OYO Rooms,Consumer Internet,Branded budget hotels marketplace,Gurgaon,"SoftBank Group, Sequoia Capital India, Lightspeed Venture Partners, Greenoaks Capital, Hero Enterprise",Private Equity,"25,00,00,000",,2017-09-07,250000000.0,OYO Rooms,oyo rooms,375000000.0,250000000.0,3,136.0,0,897.0,5,1,Private Equity,Consumer Internet & Media,Delhi-NCR,0.004005006257822278,0.059859204892582674,0.09566198113272546,0.001413958516141685,0.00043662594632295387,5.0,1.0,1.0,1.0,0
601,13/09/2017,OYO Rooms,Consumer Internet,udget hotel marketplace,Gurgaon,China Lodging Group,Private Equity,"1,00,00,000",,2017-09-13,10000000.0,OYO Rooms,oyo rooms,625000000.0,250000000.0,4,6.0,0,903.0,5,1,Private Equity,Consumer Internet & Media,Delhi-NCR,0.0,0.0,0.0,0.0,0.0,1.0,0.0,0.0,1.0,0
1791,19/04/2016,OYOfit,Consumer Internet,Fitness Services Aggregator platform,Bangalore,RN Agarwal,Seed Funding,,,2016-04-19,,OYOfit,oyofit,0.0,0.0,0,-1.0,1,0.0,1,0,Seed/Angel,Consumer Internet & Media,Bengaluru,0.0,0.0,0.0,0.0,0.0,1.0,0.0,0.0,1.0,0
2477,03/08/2015,Oyorooms,Budget Hotel accommodation brand,,New Delhi,"SoftBank Group, Greenoaks Capital, Sequoia Capital,\\xc2\\xa0 Lightspeed India",Private Equity,"10,00,00,000",Series B,2015-08-03,100000000.0,Oyorooms,oyorooms,0.0,0.0,0,-1.0,1,0.0,3,1,Private Equity,Other,Delhi-NCR,0.004005006257822278,0.059859204892582674,0.09566198113272546,0.001413958516141685,0.0005046927162807191,4.0,1.0,1.0,1.0,0
1447,16/08/2016,OyoRooms,Consumer Internet,Budget Hotels Aggregator,New Delhi,SoftBank Group,Private Equity,"6,20,00,000",,2016-08-16,62000000.0,OyoRooms,oyorooms,100000000.0,100000000.0,1,379.0,0,379.0,3,1,Private Equity,Consumer Internet & Media,Delhi-NCR,0.00025031289111389235,0.0,0.0013179319140914473,0.00013282288461829474,0.00013282288461829474,1.0,1.0,1.0,1.0,0
116,14/02/2018,OyoRooms,Hospitality,Budget Rooms,Gurgaon,DiDi Chuxing,Equity,"10,00,00,000",,2018-02-14,100000000.0,OyoRooms,oyorooms,162000000.0,62000000.0,2,547.0,0,926.0,3,1,Other/Undisclosed,Other,Delhi-NCR,0.0,0.0,0.0,0.0,0.0,1.0,0.0,0.0,1.0,0
928,01/03/2017,Paalak,ECommerce,Fresh Produce Selling portal,New Delhi,"Vishwadeep Bajaj, Harsh Kundra, Nandkumar Rane, LN Buddharaju, Anupam Tyagi",Seed Funding,,,2017-03-01,,Paalak,paalak,0.0,0.0,0,-1.0,1,0.0,1,0,Seed/Angel,E-Commerce,Delhi-NCR,0.0,0.0,0.0,0.0,0.0,5.0,0.0,0.0,1.0,0
1637,23/06/2016,Padhopadhao,Consumer Internet,Home Tutors search & Discovery,New Delhi,Rise India,Private Equity,,,2016-06-23,,Padhopadhao,padhopadhao,0.0,0.0,0,-1.0,1,0.0,1,0,Private Equity,Consumer Internet & Media,Delhi-NCR,0.0,0.0,0.0,0.0,0.0,1.0,0.0,0.0,1.0,0
2427,17/09/2015,Paintcollar,Designer Merchandize Marketplace,,Mumbai,Applyifi,Seed Funding,,Bridge Funding,2015-09-17,,Paintcollar,paintcollar,0.0,0.0,0,-1.0,1,0.0,1,0,Seed/Angel,E-Commerce,Mumbai,0.0,0.0,0.0,0.0,0.0,1.0,0.0,0.0,1.0,0
261,07/05/2018,PaisaDukan,Consumer Internet,P2P Lending Platform,Mumbai,,Seed / Angel Funding,"2,25,000",,2018-05-07,225000.0,PaisaDukan,paisadukan,0.0,0.0,0,-1.0,1,0.0,1,0,Seed/Angel,Consumer Internet & Media,Mumbai,0.0,0.0,0.0,0.0,0.0,0.0,0.0,0.0,1.0,0
1064,13/01/2017,PaisaWapas,Consumer Internet,Cashback & Coupons platform,Bangalore,Vividhity Ventures,Seed Funding,,,2017-01-13,,PaisaWapas,paisawapas,0.0,0.0,0,-1.0,1,0.0,1,0,Seed/Angel,Consumer Internet & Media,Bengaluru,0.0,0.0,0.0,0.0,0.0,1.0,0.0,0.0,1.0,0
6,13/01/2020,Pando,Logistics,"Open-market, freight management platform",Chennai,Chiratae Ventures,Series A,"90,00,000",,2020-01-13,9000000.0,Pando,pando,0.0,0.0,0,-1.0,1,0.0,1,0,Series A,Logistics & Mobility,Chennai,0.003003754693366708,0.026585711828703094,0.012718207081238534,0.001134115603945536,0.001134115603945536,1.0,0.0,1.0,1.0,0
1179,26/12/2016,Pandorum Technologies,Technology,3D printed experimental Human Liver tissue creator,Bangalore,"Sachin Bansal, Binny Bansal",Seed Funding,,,2016-12-26,,Pandorum Technologies,pandorum,0.0,0.0,0,-1.0,1,0.0,1,0,Seed/Angel,Technology & SaaS,Bengaluru,0.0012515644555694616,0.010687931577880288,0.01213914455110461,0.0004861118041767175,0.0004861118041767175,2.0,0.0,1.0,1.0,0
2586,06/07/2015,Paper Boat,Ethnic Beverages manufacturer,,Gurgaon,"Sofina, Hillhouse Capital",Private Equity,"3,00,00,000",Series B,2015-07-06,30000000.0,Paper Boat,paper boat,0.0,0.0,0,-1.0,1,0.0,1,0,Private Equity,Food & Beverage,Delhi-NCR,0.00025031289111389235,0.0,0.002160194985084461,0.00011377130624967078,0.00011377130624967078,2.0,0.0,1.0,1.0,0
409,22/01/2018,Paperflite,Technology,IT,Chennai,The Chennai Angels,Angel / Seed Funding,"4,00,000",,2018-01-22,400000.0,Paperflite,paperflite,0.0,0.0,0,-1.0,1,0.0,1,0,Seed/Angel,Technology & SaaS,Chennai,0.000750938673341677,0.002207942702539416,0.0012113159830875644,0.0003491956708925769,0.0003491956708925769,1.0,0.0,1.0,1.0,0
1640,24/06/2016,ParaBlu,Technology,Cloud Data Security & Privacy Solutions,Bangalore,Kalaari Capital,Seed Funding,"5,00,000",,2016-06-24,500000.0,ParaBlu,parablu,0.0,0.0,0,-1.0,1,0.0,1,0,Seed/Angel,Technology & SaaS,Bengaluru,0.0025031289111389233,0.013397154605961893,0.0017630362707794693,0.0010197165577911919,0.0010197165577911919,1.0,1.0,1.0,1.0,0
541,10/10/2017,Parallel Dots,Technology,AI-powered deep learning solutions,Gurgaon,"Multipoint Capital,",Private Equity,"14,00,000",,2017-10-10,1400000.0,Parallel Dots,parallel dots,0.0,0.0,0,-1.0,1,0.0,1,0,Private Equity,Technology & SaaS,Delhi-NCR,0.0,0.0,0.0,0.0,0.0,1.0,0.0,0.0,1.0,0
2569,01/07/2015,Parcelled,Online Logistics Platform,,Bangalore,"Delhivery, Tracxn Labs",Seed Funding,,,2015-07-01,,Parcelled,parcelled,0.0,0.0,0,-1.0,1,0.0,2,1,Seed/Angel,Logistics & Mobility,Bengaluru,0.0,0.0,0.0,0.0,0.0,2.0,0.0,0.0,1.0,0
2359,26/10/2015,Parcelled,Online Logistics Platform,,Bangalore,Delhivery,Private Equity,"50,00,000",,2015-10-26,5000000.0,Parcelled,parcelled,0.0,0.0,1,117.0,0,117.0,2,1,Private Equity,Logistics & Mobility,Bengaluru,0.0,0.0,0.0,0.0,0.0,1.0,0.0,0.0,1.0,0
1716,18/05/2016,Parentlane,Consumer Internet,Parenting & Child Care app,Bangalore,"Sujeet Kumar, Aprameya, Sumit Jain, Subramanya Venkat, Venk, Ravi Machani, Hitesh Gupta, Rohit Choudhary",Seed Funding,,,2016-05-18,,Parentlane,parentlane,0.0,0.0,0,-1.0,1,0.0,2,1,Seed/Angel,Consumer Internet & Media,Bengaluru,0.0,0.0,0.0,0.0,0.0,8.0,0.0,0.0,1.0,0
1396,23/09/2016,Parentlane,Consumer Internet,Social Platform for babycare and parenting,Bangalore,Rohit MA,Seed Funding,,,2016-09-23,,Parentlane,parentlane,0.0,0.0,1,128.0,0,128.0,2,1,Seed/Angel,Consumer Internet & Media,Bengaluru,0.0,0.0,0.0,0.0,0.0,1.0,0.0,0.0,1.0,0
952,08/03/2017,Parentune,Consumer Internet,Online Community for Parents,Gurgaon,"Kae Capital, SEGNEL Ventures",Private Equity,,,2017-03-08,,Parentune,parentune,0.0,0.0,0,-1.0,1,0.0,1,0,Private Equity,Consumer Internet & Media,Delhi-NCR,0.0005006257822277847,0.0022066892579169126,0.00030628027223875305,0.00022405951589119736,0.00022405951589119736,2.0,0.0,1.0,1.0,0
559,23/10/2017,Park Easy,Consumer Internet,Machine learning based parking discovery,Kolkata,Rockstart Accelerator,Seed Funding,"1,18,000",,2017-10-23,118000.0,Park Easy,park easy,0.0,0.0,0,-1.0,1,0.0,1,0,Seed/Angel,Consumer Internet & Media,Tier-2/Other,0.0025031289111389233,0.03180691231866443,0.01397423501569189,0.0009597977221441899,0.0009597977221441899,1.0,1.0,1.0,1.0,0
2844,20/04/2015,Pastiwala,Material Collection & Recycling,,Vadodara,Agnus Capital,Private Equity,"40,00,000",Series A,2015-04-20,4000000.0,Pastiwala,pastiwala,0.0,0.0,0,-1.0,1,0.0,1,0,Private Equity,Other,Tier-2/Other,0.00025031289111389235,0.0,1.353352185599358e-06,0.00015481537940763035,0.00015481537940763035,1.0,0.0,1.0,1.0,0
2112,01/12/2015,Patel Logistics,Transportation & Logistics Platform,,Mumbai,Frontline Strategy,Private Equity,"56,00,000",,2015-12-01,5600000.0,Patel Logistics,patel logistics,0.0,0.0,0,-1.0,1,0.0,1,0,Private Equity,Logistics & Mobility,Mumbai,0.0,0.0,0.0,0.0,0.0,1.0,0.0,0.0,1.0,0
2698,09/06/2015,PayMango,Mobile Commerce Platform,,Gurgaon,Group of Angel Investors,Seed Funding,"2,34,000",,2015-06-09,234000.0,PayMango,paymango,0.0,0.0,0,-1.0,1,0.0,1,0,Seed/Angel,Other,Delhi-NCR,0.000750938673341677,2.0055113960051465e-06,5.212874231067168e-07,0.00039636782498119144,0.00039636782498119144,1.0,0.0,1.0,1.0,0
2147,10/12/2015,Paynear,Mobile Point of Sale solutions,,Hyderabad,Mitesh Majithia,Private Equity,"25,00,000",Pre-Series A,2015-12-10,2500000.0,Paynear,paynear,0.0,0.0,0,-1.0,1,0.0,1,0,Private Equity,Other,Hyderabad,0.0,0.0,0.0,0.0,0.0,1.0,0.0,0.0,1.0,0
828,17/05/2017,Paysense,Consumer Internet,Online Lending platform,Mumbai,Jungle Ventures,Private Equity,"53,00,000",,2017-05-17,5300000.0,Paysense,paysense,0.0,0.0,0,-1.0,1,0.0,2,1,Private Equity,Consumer Internet & Media,Mumbai,0.001501877346683354,0.013589173215773223,0.010289474729885855,0.0005614148492715481,0.0005614148492715481,1.0,0.0,1.0,1.0,0
210,21/07/2018,PaySense,Consumer Internet,Online Consumer Lending Platform,Mumbai,PayU & Others,Private Equity,"1,80,00,000",,2018-07-21,18000000.0,PaySense,paysense,5300000.0,5300000.0,1,430.0,0,430.0,2,1,Private Equity,Consumer Internet & Media,Mumbai,0.00025031289111389235,0.0,2.5517554331502748e-05,0.00013534380103098116,0.00013534380103098116,1.0,0.0,1.0,1.0,0
2949,05/02/2015,Paytm,,,,Ant Financial Services (Alipay),Private Equity,,Strategic Investment (25% stake),2015-02-05,,Paytm,paytm,0.0,0.0,0,-1.0,1,0.0,7,1,Private Equity,Other,Tier-2/Other,0.00025031289111389235,0.0,0.002253627186395401,0.0001310338692853393,0.0001310338692853393,1.0,0.0,1.0,1.0,0
2891,13/03/2015,Paytm,,,,Ratan Tata,Private Equity,,More details,2015-03-13,,Paytm,paytm,0.0,0.0,1,36.0,0,36.0,7,1,Private Equity,Other,Tier-2/Other,0.0,0.0,0.0,0.0,0.0,1.0,0.0,0.0,1.0,0
2460,29/09/2015,Paytm,E-Commerce & M-Commerce platform,,New Delhi,"Alibaba Group, Ant Financial",Private Equity,"68,00,00,000",Late Stage (Alibaba @ 40% equity),2015-09-29,680000000.0,Paytm,paytm,0.0,0.0,2,200.0,0,236.0,7,1,Private Equity,E-Commerce,Delhi-NCR,0.0,0.0,0.0,0.0,0.0,2.0,0.0,0.0,1.0,0
1494,30/08/2016,Paytm,eCommerce,Mobile Wallet & ECommerce platform,Bangalore,MediaTek Inc.,Private Equity,"6,00,00,000",,2016-08-30,60000000.0,Paytm,paytm,680000000.0,680000000.0,3,336.0,0,572.0,7,1,Private Equity,E-Commerce,Bengaluru,0.0,0.0,0.0,0.0,0.0,1.0,0.0,0.0,1.0,0
831,18/05/2017,Paytm,ECommerce,Mobile Wallet & ECommerce platform,Bangalore,SoftBank Group,Private Equity,"1,40,00,00,000",,2017-05-18,1400000000.0,Paytm,paytm,740000000.0,60000000.0,4,261.0,0,833.0,7,1,Private Equity,E-Commerce,Bengaluru,0.00025031289111389235,0.0,0.0013179319140914473,0.00013282288461829474,0.00013282288461829474,1.0,1.0,1.0,1.0,0
252,26/06/2018,Paytm,Technology,Digital Payment Platform,Noida,One 97 Communications,Private Equity,"89,50,000",,2018-06-26,8950000.0,Paytm,paytm,2140000000.0,1400000000.0,5,404.0,0,1237.0,7,1,Private Equity,Technology & SaaS,Delhi-NCR,0.0,0.0,0.0,0.0,0.0,1.0,0.0,0.0,1.0,0
32,25/11/2019,Paytm,FinTech,Mobile Wallet,Noida,Vijay Shekhar Sharma,Funding Round,"1,00,00,00,000",,2019-11-25,1000000000.0,Paytm,paytm,2148950000.0,8950000.0,6,517.0,0,1754.0,7,1,Other/Undisclosed,FinTech,Delhi-NCR,0.000750938673341677,0.00471909365926236,0.0014597492225774918,0.0003333108063015668,0.0003333108063015668,1.0,0.0,1.0,1.0,0
939,03/03/2017,Paytm Marketplace,ECommerce,ECommerce Marketplace,Bangalore,Alibaba,Private Equity,"20,00,00,000",,2017-03-03,200000000.0,Paytm Marketplace,paytm marketplace,0.0,0.0,0,-1.0,1,0.0,1,0,Private Equity,E-Commerce,Bengaluru,0.0,0.0,0.0,0.0,0.0,1.0,0.0,0.0,1.0,0
2209,04/11/2015,Paytunes,Voice Call incentivization mobile app,,New Delhi,CIO Angel Network,Seed Funding,,,2015-11-04,,Paytunes,paytunes,0.0,0.0,0,-1.0,1,0.0,2,1,Seed/Angel,Other,Delhi-NCR,0.0,0.0,0.0,0.0,0.0,1.0,0.0,0.0,1.0,0
1592,10/06/2016,Paytunes,Consumer Internet,Mobile based rewards platform,New Delhi,"CIO Angel Network, Indian Angel Network",Private Equity,"5,00,000",,2016-06-10,500000.0,Paytunes,paytunes,0.0,0.0,1,219.0,0,219.0,2,1,Private Equity,Consumer Internet & Media,Delhi-NCR,0.002002503128911139,0.01032696862918804,0.03555811791464255,0.0008020854002554353,0.0008020854002554353,2.0,0.0,1.0,1.0,0
955,10/03/2017,PeeBuddy,Healthcare,Female Hygiene product manufacturer,New Delhi,Indian Angel Network,Seed Funding,"4,43,000",,2017-03-10,443000.0,PeeBuddy,peebuddy,0.0,0.0,0,-1.0,1,0.0,1,0,Seed/Angel,Healthcare,Delhi-NCR,0.002002503128911139,0.01032696862918804,0.03555811791464255,0.0008020854002554353,0.0008020854002554353,1.0,0.0,1.0,1.0,0
462,19/12/2017,Peel Works,Technology,SaaS based Big Data Analytics Platform,Mumbai,Unilever Ventures,Private Equity,,,2017-12-19,,Peel Works,peel works,0.0,0.0,0,-1.0,1,0.0,1,0,Private Equity,Technology & SaaS,Mumbai,0.0,0.0,0.0,0.0,0.0,1.0,0.0,0.0,1.0,0
743,12/06/2017,PeeSafe.in,Healthcare,Hygiene care product manufacturer,New Delhi,"Venture Catalysts, Alfa Capital, Green Shots Capital, Real Time Ventures",Private Equity,"10,00,000",,2017-06-12,1000000.0,PeeSafe.in,peesafe,0.0,0.0,0,-1.0,1,0.0,2,1,Private Equity,Healthcare,Delhi-NCR,0.006508135168961201,0.04017278424458088,0.35498683772439593,0.0024836634434645655,0.0024836634434645655,4.0,0.0,1.0,1.0,0
423,30/01/2018,PeeSafe,Healthcare,Hygiene,Gurugram,"Shivani Singh, Rahul Maroli, Mitesh Shah, Venture Catalysts, Alfa Capital, Green Shots Capital, Real Time Ventures.",Private Equity,"10,00,000",,2018-01-30,1000000.0,PeeSafe,peesafe,1000000.0,1000000.0,1,232.0,0,232.0,2,1,Private Equity,Healthcare,Delhi-NCR,0.006508135168961201,0.04017278424458088,0.35498683772439593,0.0024836634434645655,0.0024836634434645655,7.0,0.0,1.0,1.0,0
2648,28/07/2015,Pepperfry,Online home d\\xc3\\xa9cor marketplace,,Mumbai,"Goldman Sachs, Zodius Technology Fund, Bertelsmann India Investments Norwest Venture Partners.",Private Equity,"10,00,00,000",Series D,2015-07-28,100000000.0,Pepperfry,pepperfry,0.0,0.0,0,-1.0,1,0.0,3,1,Private Equity,E-Commerce,Mumbai,0.0010012515644555694,0.0019344325116446817,0.004810399254406555,0.0003916403585052038,0.00028277135604067906,3.0,1.0,1.0,2.0,1
1387,21/09/2016,Pepperfry,eCommerce,Furniture eTailer,Mumbai,"Goldman Sachs Group, Zodius Technology Fund, Norwest Venture Partners, Bertelsmann India",Private Equity,"3,13,00,000",,2016-09-21,31300000.0,Pepperfry,pepperfry,100000000.0,100000000.0,1,421.0,0,421.0,3,1,Private Equity,E-Commerce,Mumbai,0.0010012515644555694,0.0019344325116446817,0.004810399254406555,0.0003916403585052038,0.00024648168855250413,4.0,1.0,1.0,2.0,1
328,08/03/2018,Pepperfry,Consumer Internet,Online Furniture Shopping Store,Mumbai,State Street Global Advisors,Private Equity,"3,84,00,000",,2018-03-08,38400000.0,Pepperfry,pepperfry,131300000.0,31300000.0,2,533.0,0,954.0,3,1,Private Equity,Consumer Internet & Media,Mumbai,0.0,0.0,0.0,0.0,0.0,1.0,0.0,0.0,2.0,1
2983,25/02/2015,PepperTap,,,,Sequoia Capital,Seed\\nFunding,,,2015-02-25,,PepperTap,peppertap,0.0,0.0,0,-1.0,1,0.0,4,1,Seed/Angel,Other,Tier-2/Other,0.004005006257822278,0.059859204892582674,0.09566198113272546,0.001413958516141685,0.001413958516141685,1.0,1.0,1.0,1.0,0
2837,15/04/2015,PepperTap,Hyper-Local Online/Mobile Grocery,,Gurgaon,"SAIF Partners, Sequoia Capital",Private Equity,"1,00,00,000",Series A,2015-04-15,10000000.0,PepperTap,peppertap,0.0,0.0,1,49.0,0,49.0,4,1,Private Equity,Other,Delhi-NCR,0.004005006257822278,0.059859204892582674,0.09566198113272546,0.001413958516141685,0.0008531153809615247,2.0,1.0,1.0,1.0,0
2462,29/09/2015,Peppertap,Hyperlocal Grocery Delivery,,Gurgaon,"Sequoia India, SAIF Partners.",Private Equity,"3,60,00,000",Series B,2015-09-29,36000000.0,Peppertap,peppertap,10000000.0,10000000.0,2,167.0,0,216.0,4,1,Private Equity,Logistics & Mobility,Delhi-NCR,0.000750938673341677,0.0042731615220654,0.007362732465128354,0.00033164209477533563,0.00031195717027835,2.0,1.0,1.0,1.0,0
2176,21/12/2015,Peppertap,Hyperlocal\\xc2\\xa0 Grocery Delivery Service,,Gurgaon,Innoven Capital,Private Equity,"40,00,000",part of $40M Series B round,2015-12-21,4000000.0,Peppertap,peppertap,46000000.0,36000000.0,3,83.0,0,299.0,4,1,Private Equity,Logistics & Mobility,Delhi-NCR,0.001501877346683354,0.014143283023837369,0.031913120524109655,0.0005258266880856241,0.0005258266880856241,1.0,0.0,1.0,1.0,0
861,04/04/2017,Perfios,Technology,Fin-Tech Solutions,Bangalore,Bessemer Venture Partners,Private Equity,"61,00,000",,2017-04-04,6100000.0,Perfios,perfios,0.0,0.0,0,-1.0,1,0.0,1,0,Private Equity,Technology & SaaS,Bengaluru,0.0012515644555694616,0.004593992124282985,0.002924969761969057,0.0005026251490342794,0.0005026251490342794,1.0,0.0,1.0,1.0,0
1916,04/02/2016,Perfumery,ECommerce,Fragrances & Perfume eTailer,New Delhi,Oranda Global & Others,Seed Funding,"30,000",,2016-02-04,30000.0,Perfumery,perfumery,0.0,0.0,0,-1.0,1,0.0,1,0,Seed/Angel,E-Commerce,Delhi-NCR,0.0,0.0,0.0,0.0,0.0,1.0,0.0,0.0,1.0,0
983,29/03/2017,perpule,eCommerce,Self-Checkout ECommerce App,Bangalore,KStart Capital,Seed Funding,"6,50,000",,2017-03-29,650000.0,perpule,perpule,0.0,0.0,0,-1.0,1,0.0,1,0,Seed/Angel,E-Commerce,Bengaluru,0.0,0.0,0.0,0.0,0.0,1.0,0.0,0.0,1.0,0
502,17/11/2017,Perspectico,Technology,Placement preparation and career growth training platform,Delhi,"SSCBS Innovation, Incubation Foundation (SIIF)",Seed/Angel Funding,,,2017-11-17,,Perspectico,perspectico,0.0,0.0,0,-1.0,1,0.0,1,0,Seed/Angel,Technology & SaaS,Delhi-NCR,0.0,0.0,0.0,0.0,0.0,2.0,0.0,0.0,1.0,0
1754,06/04/2016,Petoo,Consumer Internet,Online Food Delivery Platform,Bangalore,Axilor Ventures,Private Equity,"10,00,000",,2016-04-06,1000000.0,Petoo,petoo,0.0,0.0,0,-1.0,1,0.0,2,1,Private Equity,Consumer Internet & Media,Bengaluru,0.0010012515644555694,0.0028383000031962837,0.0014169998952540074,0.0004588750969253953,0.0004588750969253953,1.0,0.0,1.0,1.0,0
1424,04/08/2016,Petoo,Consumer Internet,Food Delivery Platform,Bangalore,Existing Investors,Seed Funding,"5,00,000",,2016-08-04,500000.0,Petoo,petoo,1000000.0,1000000.0,1,120.0,0,120.0,2,1,Seed/Angel,Consumer Internet & Media,Bengaluru,0.0,0.0,0.0,0.0,0.0,1.0,0.0,0.0,1.0,0
375,15/02/2018,PetSutra,Consumer Internet,Online Pet Care Products,Gurugram,Michael Patrick Hickey,Seed / Angel Funding,"1,48,434",,2018-02-15,148434.0,PetSutra,petsutra,0.0,0.0,0,-1.0,1,0.0,1,0,Seed/Angel,Consumer Internet & Media,Delhi-NCR,0.0,0.0,0.0,0.0,0.0,1.0,0.0,0.0,1.0,0
1394,22/09/2016,PharmaRack,Technology,SAAS application for Pharma Industry,Pune,"Currae Healthtech Fund, Unicorn India Ventures",Private Equity,"7,45,000",,2016-09-22,745000.0,PharmaRack,pharmarack,0.0,0.0,0,-1.0,1,0.0,1,0,Private Equity,Technology & SaaS,Pune,0.00025031289111389235,0.0,3.9377968408257e-06,0.0001475271348715769,0.0001475271348715769,2.0,0.0,1.0,1.0,0
874,07/04/2017,PharmEasy,eCommerce,Online Pharmacy,Mumbai,"Bessemer Venture Partners, Orios Venture Partners, Trifecta Capital,",Private Equity,"1,80,00,000",,2017-04-07,18000000.0,PharmEasy,pharmeasy,0.0,0.0,0,-1.0,1,0.0,3,1,Private Equity,E-Commerce,Mumbai,0.0012515644555694616,0.004593992124282985,0.007851646982310443,0.0005026251490342794,0.00029093464442377185,3.0,0.0,1.0,3.0,1
316,01/03/2018,PharmEasy,Consumer Internet,Online Pharmacy Store,Mumbai,"Bessemer Venture Partners and Orios Venture Partners, JM Financials and MEMG",Private Equity,,,2018-03-01,,PharmEasy,pharmeasy,18000000.0,18000000.0,1,328.0,0,328.0,3,1,Private Equity,Consumer Internet & Media,Mumbai,0.0005006257822277847,0.001577460057420298,0.0006611364960252393,0.00023911949570192242,0.00023911949570192242,2.0,0.0,1.0,3.0,1
162,11/09/2018,Pharmeasy,Consumer Internet,Online Marketplace For Pharmaceutical Products,Mumbai,InnoVen Capital,Debt Funding,"55,00,000",,2018-09-11,5500000.0,Pharmeasy,pharmeasy,18000000.0,18000000.0,2,194.0,0,522.0,3,1,Debt,Consumer Internet & Media,Mumbai,0.001501877346683354,0.014143283023837369,0.031913120524109655,0.0005258266880856241,0.0005258266880856241,1.0,0.0,1.0,3.0,1
174,08/08/2018,Phone Pe,Consumer Internet,UPI Payments App,Bengaluru,Flipkart,Private Equity,"6,60,00,000",,2018-08-08,66000000.0,Phone Pe,phone pe,0.0,0.0,0,-1.0,1,0.0,1,0,Private Equity,Consumer Internet & Media,Bengaluru,0.00025031289111389235,0.0,0.007045835078804396,0.0001332984609229168,0.0001332984609229168,1.0,0.0,1.0,1.0,0
2857,23/04/2015,Phone Warrior,Spam Call block App,,New Delhi,Lightspeed Ventures,Seed Funding,,Pre-Series A,2015-04-23,,Phone Warrior,phone warrior,0.0,0.0,0,-1.0,1,0.0,1,0,Seed/Angel,Other,Delhi-NCR,0.000750938673341677,0.002140516295368845,0.0010745970944144054,0.0003368274814566413,0.0003368274814566413,1.0,1.0,1.0,1.0,0
527,04/10/2017,PhonePe,Consumer Internet,Digital Wallet,Bangalore,Flipkart,Private Equity,"3,87,00,000",,2017-10-04,38700000.0,PhonePe,phonepe,0.0,0.0,0,-1.0,1,0.0,1,0,Private Equity,Consumer Internet & Media,Bengaluru,0.00025031289111389235,0.0,0.007045835078804396,0.0001332984609229168,0.0001332984609229168,1.0,0.0,1.0,1.0,0
1158,16/12/2016,Pi Data Centers,Technology,Cloud Data Center Solutions provider,Hyderabad,Epsilon Venture Partners,Private Equity,"2,30,00,000",,2016-12-16,23000000.0,Pi Data Centers,pi data centers,0.0,0.0,0,-1.0,1,0.0,1,0,Private Equity,Technology & SaaS,Hyderabad,0.0,0.0,0.0,0.0,0.0,1.0,0.0,0.0,1.0,0
405,15/01/2018,pi Ventures,Finance,Venture Capital,Bengaluru,"Sunil Kant Munjal, Hero Electronix\\xe2\\x80\\x99s corporate financing arm, Electronic Development Fund",Private Equity,"2,50,00,000",,2018-01-15,25000000.0,pi Ventures,pi ventures,0.0,0.0,0,-1.0,1,0.0,2,1,Private Equity,FinTech,Bengaluru,0.0,0.0,0.0,0.0,0.0,3.0,0.0,0.0,1.0,0
183,22/08/2018,Pi Ventures,Technology,Applied Artificial Intelligence and IoT focused\\xc2\\xa0Platform,Bengaluru,CDC Group plc\\xc2\\xa0,Private Equity,"60,00,000",,2018-08-22,6000000.0,Pi Ventures,pi ventures,25000000.0,25000000.0,1,219.0,0,219.0,2,1,Private Equity,Technology & SaaS,Bengaluru,0.0017521902377972466,0.014871012736845492,0.01068367715154473,0.000704192593874497,0.000704192593874497,1.0,0.0,1.0,1.0,0
1733,27/05/2016,Pianta,Consumer Internet,Online healthcare service discovery platform,Bangalore,"Kunal Shah, Sandeep Tandon",Seed Funding,,,2016-05-27,,Pianta,pianta,0.0,0.0,0,-1.0,1,0.0,1,0,Seed/Angel,Consumer Internet & Media,Bengaluru,0.0,0.0,0.0,0.0,0.0,2.0,0.0,0.0,1.0,0
2480,04/08/2015,Pickingo,On-Demand Delivery Logistics,,New Delhi,"Orios Venture Partners, Zishaan Hayath",Private Equity,"13,00,000",Series A,2015-08-04,1300000.0,Pickingo,pickingo,0.0,0.0,0,-1.0,1,0.0,1,0,Private Equity,Logistics & Mobility,Delhi-NCR,0.0005006257822277847,0.001577460057420298,0.0006611364960252393,0.00023911949570192242,0.00023911949570192242,2.0,0.0,1.0,1.0,0
943,06/03/2017,PickMe,Consumer Internet,Gadget Insurance & Repair Services platform,Mumbai,SIDBI Venture Capital Fund,Private Equity,"17,90,000",,2017-03-06,1790000.0,PickMe,pickme,0.0,0.0,0,-1.0,1,0.0,1,0,Private Equity,Consumer Internet & Media,Mumbai,0.0,0.0,0.0,0.0,0.0,1.0,0.0,0.0,1.0,0
2555,26/08/2015,PickMyLaundry,on-Demand Washing & Dry-Cleaning,,New Delhi,GHV Accelerator,Seed Funding,"1,00,000",,2015-08-26,100000.0,PickMyLaundry,pickmylaundry,0.0,0.0,0,-1.0,1,0.0,2,1,Seed/Angel,Other,Delhi-NCR,0.0025031289111389233,0.03180691231866443,0.01397423501569189,0.0009597977221441899,0.0009597977221441899,1.0,1.0,1.0,1.0,0
1188,01/11/2016,PickMyLaundry,Consumer Internet,On-Demand Washing & Dry Cleaning Services,New Delhi,"Kedar Lele, GHV Accelerator",Seed Funding,"2,00,000",,2016-11-01,200000.0,PickMyLaundry,pickmylaundry,100000.0,100000.0,1,433.0,0,433.0,2,1,Seed/Angel,Consumer Internet & Media,Delhi-NCR,0.0025031289111389233,0.03180691231866443,0.01397423501569189,0.0009597977221441899,0.0009597977221441899,2.0,1.0,1.0,1.0,0
2249,18/11/2015,Pickrr,On-Demand Local Logistics provider,,New Delhi,Palaash Ventures,Seed Funding,,,2015-11-18,,Pickrr,pickrr,0.0,0.0,0,-1.0,1,0.0,2,1,Seed/Angel,Logistics & Mobility,Delhi-NCR,0.0,0.0,0.0,0.0,0.0,1.0,0.0,0.0,3.0,1
1325,25/10/2016,Pickrr,Technology,Courier Logistics & Order management Solutions,New Delhi,Swastika Company Ltd,Seed Funding,,,2016-10-25,,Pickrr,pickrr,0.0,0.0,1,342.0,0,342.0,2,1,Seed/Angel,Technology & SaaS,Delhi-NCR,0.0,0.0,0.0,0.0,0.0,1.0,0.0,0.0,3.0,1
1742,01/04/2016,PicsDream,Consumer Internet,Online Marketplace for Photographers,Delhi,Raman Roy,Seed Funding,,,2016-04-01,,PicsDream,picsdream,0.0,0.0,0,-1.0,1,0.0,1,0,Seed/Angel,Consumer Internet & Media,Delhi-NCR,0.0,0.0,0.0,0.0,0.0,1.0,0.0,0.0,1.0,0
1221,17/11/2016,Pictor Imaging,Consumer Internet,Product Photography Mobile App,Mumbai,Quarizon,Seed Funding,"1,47,000",,2016-11-17,147000.0,Pictor Imaging,pictor imaging,0.0,0.0,0,-1.0,1,0.0,1,0,Seed/Angel,Consumer Internet & Media,Mumbai,0.0,0.0,0.0,0.0,0.0,1.0,0.0,0.0,1.0,0
1456,17/08/2016,Pikkol,Logistics,Packers & Movers,Bangalore,Indian Angel Network,Seed Funding,,,2016-08-17,,Pikkol,pikkol,0.0,0.0,0,-1.0,1,0.0,2,1,Seed/Angel,Logistics & Mobility,Bengaluru,0.002002503128911139,0.01032696862918804,0.03555811791464255,0.0008020854002554353,0.0008020854002554353,1.0,0.0,1.0,1.0,0
1334,28/10/2016,Pikkol,Logistics,Relocation Service provider,Bangalore,"Ajay Nanavati, Afsal Salu",Seed Funding,,,2016-10-28,,Pikkol,pikkol,0.0,0.0,1,72.0,0,72.0,2,1,Seed/Angel,Logistics & Mobility,Bengaluru,0.0,0.0,0.0,0.0,0.0,2.0,0.0,0.0,1.0,0
2004,29/02/2016,PinClick,Consumer Internet,Online real estate listings,Bangalore,Undisclosed investors,Private Equity,,,2016-02-29,,PinClick,pinclick,0.0,0.0,0,-1.0,1,0.0,1,0,Private Equity,Consumer Internet & Media,Bengaluru,0.0,0.0,0.0,0.0,0.0,1.0,0.0,0.0,1.0,0
1914,03/02/2016,Pindropmusic,Consumer Internet,Music Discovery Mobile App,Noida,Green House Ventures (GHV),Seed Funding,"1,00,000",,2016-02-03,100000.0,Pindropmusic,pindropmusic,0.0,0.0,0,-1.0,1,0.0,1,0,Seed/Angel,Consumer Internet & Media,Delhi-NCR,0.0,0.0,0.0,0.0,0.0,1.0,0.0,0.0,1.0,0
49,01/08/2019,Pine Labs,Information Technology,Last-mile retail transaction technology,Noida,Pine Labs Pte Ltd,Corporate Round,"3,80,80,000",,2019-08-01,38080000.0,Pine Labs,pine labs,0.0,0.0,0,-1.0,1,0.0,1,0,Other/Undisclosed,Technology & SaaS,Delhi-NCR,0.0,0.0,0.0,0.0,0.0,1.0,0.0,0.0,1.0,1
331,13/03/2018,PineLabs,Technology,Digital Payment Platform,Mumbai,"Actis, Altimeter Capital",Private Equity,"8,20,00,000",,2018-03-13,82000000.0,PineLabs,pinelabs,0.0,0.0,0,-1.0,1,0.0,1,0,Private Equity,Technology & SaaS,Mumbai,0.0,0.0,0.0,0.0,0.0,2.0,0.0,0.0,1.0,0
3016,19/01/2015,Ping Digital,,,,Consortium of Angel Investors,Seed Funding,,,2015-01-19,,Ping Digital,ping digital,0.0,0.0,0,-1.0,1,0.0,1,0,Seed/Angel,Other,Tier-2/Other,0.000750938673341677,2.0055113960051465e-06,5.212874231067168e-07,0.00039636782498119144,0.00039636782498119144,1.0,0.0,1.0,1.0,0
1862,14/03/2016,PinkBlue,ECommerce,Medical Supplies eTailer,Bangalore,"Hari Krishna, Ajay Modani, Dr V Ravinder, Anirudh Rastogi, Abhishek Jain, Rakesh Gakhar, Rajeev Mudumba, Nagendra Prasad Bhanuprakash",Seed Funding,"2,23,608",,2016-03-14,223608.0,PinkBlue,pinkblue,0.0,0.0,0,-1.0,1,0.0,1,0,Seed/Angel,E-Commerce,Bengaluru,0.0,0.0,0.0,0.0,0.0,8.0,0.0,0.0,1.0,0
2656,30/07/2015,Pipa Bella,Online Jewelry Store,,Mumbai,LionRock Capital,Private Equity,"6,00,000",Pre-Series A,2015-07-30,600000.0,Pipa Bella,pipa bella,0.0,0.0,0,-1.0,1,0.0,1,0,Private Equity,Other,Mumbai,0.0,0.0,0.0,0.0,0.0,1.0,0.0,0.0,1.0,0
289,09/04/2018,Pipabella,Consumer Internet,Fashion Accessories Etailer,Mumbai,Fireside Ventures,Seed / Angel Funding,"1,000,000,",,2018-04-09,1000000.0,Pipabella,pipabella,0.0,0.0,0,-1.0,1,0.0,1,0,Seed/Angel,Consumer Internet & Media,Mumbai,0.0005006257822277847,3.7603338675096497e-07,9.534617301620764e-08,0.0003074012149302045,0.0003074012149302045,1.0,0.0,1.0,1.0,0
950,08/03/2017,PipeCandy,Technology,Intelligent Sales Prospecting Platform,Chennai,"IDG ventures, Axilor Ventures, Emergent Ventures, Indian Angel Network",Seed Funding,"11,00,000",,2017-03-08,1100000.0,PipeCandy,pipecandy,0.0,0.0,0,-1.0,1,0.0,1,0,Seed/Angel,Technology & SaaS,Chennai,0.002002503128911139,0.01032696862918804,0.03555811791464255,0.0008020854002554353,0.00047319775714072193,4.0,0.0,1.0,1.0,0
2872,29/04/2015,PiQube,Hiring Analytics platform,,Chennai,The HR Fund,Seed Funding,"5,00,000",,2015-04-29,500000.0,PiQube,piqube,0.0,0.0,0,-1.0,1,0.0,1,0,Seed/Angel,Other,Chennai,0.0,0.0,0.0,0.0,0.0,1.0,0.0,0.0,1.0,0
2022,07/01/2016,PitStop,Consumer Internet,Automobile Service Booking App,Bangalore,Myntra/LivSpace Founders,Seed Funding,,,2016-01-07,,PitStop,pitstop,0.0,0.0,0,-1.0,1,0.0,3,1,Seed/Angel,Consumer Internet & Media,Bengaluru,0.0,0.0,0.0,0.0,0.0,1.0,0.0,0.0,3.0,1
1521,08/07/2016,Pitstop,Consumer Internet,Online Car Repair and Servicing Booking platform,Bangalore,"Alex Chua, Rahul Garg",Seed Funding,,,2016-07-08,,Pitstop,pitstop,0.0,0.0,1,183.0,0,183.0,3,1,Seed/Angel,Consumer Internet & Media,Bengaluru,0.0,0.0,0.0,0.0,0.0,2.0,0.0,0.0,3.0,1
629,27/09/2017,Pitstop,Consumer Internet,Car repair and Servicing Platform,Bangalore,"Blume Ventures, Goldbell Group, Anurag Srivastava, Shailesh Rao, Amiya Pathak, Rajesh Yohanan and Rahul Garg",Private Equity,"10,00,000",,2017-09-27,1000000.0,Pitstop,pitstop,0.0,0.0,2,446.0,0,629.0,3,1,Private Equity,Consumer Internet & Media,Bengaluru,0.00025031289111389235,0.0,2.4573577241560827e-06,0.00014531887003520802,0.00014531887003520802,6.0,1.0,1.0,3.0,1
2430,18/09/2015,Plabro,Real Estate Broker Platform App,,New Delhi,"Sachin Bansal & Binny Bansal, Sol Primero, Outbox Ventures, Sangram Singh",Seed Funding,"3,50,000",,2015-09-18,350000.0,Plabro,plabro,0.0,0.0,0,-1.0,1,0.0,1,0,Seed/Angel,Other,Delhi-NCR,0.0012515644555694616,0.010687931577880288,0.01213914455110461,0.0004861118041767175,0.0004861118041767175,4.0,0.0,1.0,1.0,0
2254,19/11/2015,PlaceofOrigin,Online Gourmet Food Marketplace,,Bangalore,"S.D. Shibulal, Kris Gopalakrishnan, Srinath Batni, Professor Tarun Khanna,\\xc2\\xa0 Ganapathy Venugopal.",Seed Funding,,,2015-11-19,,PlaceofOrigin,placeoforigin,0.0,0.0,0,-1.0,1,0.0,1,0,Seed/Angel,E-Commerce,Bengaluru,0.0,0.0,0.0,0.0,0.0,5.0,0.0,0.0,1.0,0
2777,12/05.2015,Plancess,Online Education Platform,,Mumbai,"Rajendra Gogri,\\xc2\\xa0 Chandrakant Gogri",Seed Funding,"20,00,000",,2015-05-12,2000000.0,Plancess,plancess,0.0,0.0,0,-1.0,1,0.0,1,0,Seed/Angel,EdTech,Mumbai,0.0,0.0,0.0,0.0,0.0,2.0,0.0,0.0,1.0,0
2182,22/12/2015,PlanetGogo,Content Discovery & reward points platform,,Gurgaon,HT Digital Media Holdings Ltd,Seed Funding,,,2015-12-22,,PlanetGogo,planetgogo,0.0,0.0,0,-1.0,1,0.0,1,0,Seed/Angel,Other,Delhi-NCR,0.0,0.0,0.0,0.0,0.0,1.0,0.0,0.0,1.0,0
2019,06/01/2016,PlanMy\\nMedicalTrip,Healthcare,Medical Tourism platform,Pune,"Bhanu Vikram Parsotam, Rohan Desai and Paras Patel",Seed Funding,"1,50,000",,2016-01-06,150000.0,PlanMy\\nMedicalTrip,planmy\\nmedicaltrip,0.0,0.0,0,-1.0,1,0.0,1,0,Seed/Angel,Healthcare,Pune,0.0,0.0,0.0,0.0,0.0,2.0,0.0,0.0,1.0,0
386,26/02/2018,Planys Technologies,Technology,Robotic InspectionStartup,Chennai,"Kris Gopalakrishnan, Pratithi Investment Trust, MEMG Family Office, S Gopal",Private Equity,"10,40,000",,2018-02-26,1040000.0,Planys Technologies,planys,0.0,0.0,0,-1.0,1,0.0,1,0,Private Equity,Technology & SaaS,Chennai,0.0005006257822277847,0.0017980511640497637,0.00027883601146118034,0.0002337539947729915,0.0002337539947729915,4.0,0.0,1.0,3.0,1
3019,19/01/2015,Play your sport,,,,Hyderabad Angels (at Startup Heroes event),Seed Funding,"16,000",,2015-01-19,16000.0,Play your sport,play your sport,0.0,0.0,0,-1.0,1,0.0,2,1,Seed/Angel,Other,Tier-2/Other,0.00025031289111389235,0.0,1.54413417595609e-07,0.00016435886649189237,0.00016435886649189237,1.0,0.0,1.0,1.0,0
1735,31/05/2016,Play Your Sport,Consumer Internet,Location based Sports & Fitness Discovery App,New Delhi,Ashish Gupta and other undisclosed investors,Seed Funding,,,2016-05-31,,Play Your Sport,play your sport,16000.0,16000.0,1,498.0,0,498.0,2,1,Seed/Angel,Consumer Internet & Media,Delhi-NCR,0.0,0.0,0.0,0.0,0.0,1.0,0.0,0.0,1.0,0
706,19/07/2017,Playablo,Technology,Gamified Learning App,Bangalore,ABI-Showatech (India) Ltd,Seed Funding,"6,00,000",,2017-07-19,600000.0,Playablo,playablo,0.0,0.0,0,-1.0,1,0.0,1,0,Seed/Angel,Technology & SaaS,Bengaluru,0.0,0.0,0.0,0.0,0.0,1.0,0.0,0.0,1.0,0
1504,02/07/2016,Playment,Consumer Internet,Mobile Marketplace for Crowdsourced Work,Bangalore,SAIF Partners,Private Equity,"7,00,000",,2016-07-02,700000.0,Playment,playment,0.0,0.0,0,-1.0,1,0.0,1,0,Private Equity,Consumer Internet & Media,Bengaluru,0.000750938673341677,0.0042731615220654,0.0014112094183159625,0.00029227224578136433,0.00029227224578136433,1.0,1.0,1.0,1.0,0
1215,15/11/2016,PlaySimple,Technology,Mobile Gaming portal,Bangalore,"SAIF Partners, IDG Ventures India",Private Equity,"40,00,000",,2016-11-15,4000000.0,PlaySimple,playsimple,0.0,0.0,0,-1.0,1,0.0,1,0,Private Equity,Technology & SaaS,Bengaluru,0.000750938673341677,0.0042731615220654,0.0014112094183159625,0.00029227224578136433,0.00029227224578136433,2.0,1.0,1.0,1.0,0
2082,22/01/2016,PlexusMD,Consumer Internet,Social Network for Healthcare Professionals,Ahmedabad,"Arihant Patni, Avnish Mehra, Pranay Adhvaryu, Ravi Sampat",Seed Funding,,,2016-01-22,,PlexusMD,plexusmd,0.0,0.0,0,-1.0,1,0.0,1,0,Seed/Angel,Consumer Internet & Media,Ahmedabad,0.00025031289111389235,0.0,0.002449661454649823,0.00013147931832290823,0.00013147931832290823,4.0,0.0,1.0,1.0,0
2056,16/01/2016,Plick,Consumer Internet,Instant Content Transfer Mobile App,Mumbai,Sanjay Mehta,Seed Funding,,,2016-01-16,,Plick,plick,0.0,0.0,0,-1.0,1,0.0,1,0,Seed/Angel,Consumer Internet & Media,Mumbai,0.0,0.0,0.0,0.0,0.0,1.0,0.0,0.0,1.0,0
1483,26/08/2016,Plix,Consumer Internet,Photo and Video Sharing App,Gurgaon,Instalabs,Seed Funding,"5,00,000",,2016-08-26,500000.0,Plix,plix,0.0,0.0,0,-1.0,1,0.0,1,0,Seed/Angel,Consumer Internet & Media,Delhi-NCR,0.0,0.0,0.0,0.0,0.0,1.0,0.0,0.0,2.0,1
2276,26/11/2015,Pluss,Hyperlocal healthcare product Delivery Service provider,,Gurgaon,"IDG Ventures, M & S partners, Powerhouse Ventures (USA).",Private Equity,"10,00,000",Pre-Series A,2015-11-26,1000000.0,Pluss,pluss,0.0,0.0,0,-1.0,1,0.0,1,0,Private Equity,Healthcare,Delhi-NCR,0.0,0.0,0.0,0.0,0.0,3.0,0.0,0.0,1.0,0
1157,15/12/2016,Pocket Aces,Technology,Digital Entertainment Company,Mumbai,"Sequoia Capital India, North Base Media, Aarin Capital, 3one4 Capital, Axilor Ventures, Kunal Shah, Sandeep Tandon",Private Equity,"30,00,000",,2016-12-15,3000000.0,Pocket Aces,pocket aces,0.0,0.0,0,-1.0,1,0.0,1,0,Private Equity,Technology & SaaS,Mumbai,0.004005006257822278,0.059859204892582674,0.09566198113272546,0.001413958516141685,0.0006535544434902195,7.0,1.0,1.0,3.0,1
1994,24/02/2016,Pocketin,Consumer Internet,Hotel reservations & Deal platform,Noida,Swastika Company Ltd,Seed Funding,"1,50,000",,2016-02-24,150000.0,Pocketin,pocketin,0.0,0.0,0,-1.0,1,0.0,1,0,Seed/Angel,Consumer Internet & Media,Delhi-NCR,0.0,0.0,0.0,0.0,0.0,1.0,0.0,0.0,1.0,0
2202,03/11/2015,Pokkt,Alternate Mobile Monetization platform,,Mumbai,"Segnel Venture, Shinji Kimura, Sundar Chanrai, JAFCO Asia, SingTel\\xe2\\x80\\x99s Innov8, Jungle Ventures, K Ganesh",Private Equity,"50,00,000",Series B,2015-11-03,5000000.0,Pokkt,pokkt,0.0,0.0,0,-1.0,1,0.0,1,0,Private Equity,Other,Mumbai,0.001501877346683354,0.013589173215773223,0.010289474729885855,0.0005614148492715481,0.00038688026388986984,7.0,0.0,1.0,1.0,0
546,13/10/2017,Policy Bazaar,Consumer Internet,Online insurance policy aggregator,Gurgaon,"Wellington Management, DG Ventures India, True North",Private Equity,"7,70,00,000",,2017-10-13,77000000.0,Policy Bazaar,policy bazaar,0.0,0.0,0,-1.0,1,0.0,1,0,Private Equity,Consumer Internet & Media,Delhi-NCR,0.00025031289111389235,0.0,0.000503397456246678,0.00013571772217609474,0.00013571772217609474,3.0,0.0,1.0,1.0,0
2838,15/04/2015,PolicyBazaar,Online Policy Aggregator,,Gurgaon,"PremjiInvest, Tiger Global, Ribbit Capital",Private Equity,"4,00,00,000",Series D,2015-04-15,40000000.0,PolicyBazaar,policybazaar,0.0,0.0,0,-1.0,1,0.0,3,1,Private Equity,Other,Delhi-NCR,0.005006257822277847,0.07287536754319783,0.18527724887454788,0.0017164247516392465,0.0006639860397642722,3.0,1.0,1.0,5.0,1
249,25/06/2018,PolicyBazaar,Consumer Internet,Online Insurance Selling Platform,Gurugram,SoftBank Vision Fund & Info Edge (India) Ltd,Private Equity,"20,00,00,000",,2018-06-25,200000000.0,PolicyBazaar,policybazaar,40000000.0,40000000.0,1,1167.0,0,1167.0,3,1,Private Equity,Consumer Internet & Media,Delhi-NCR,0.00025031289111389235,0.0,0.0013179319140914473,0.00013282288461829474,0.00013282288461829474,1.0,1.0,1.0,5.0,1
194,06/07/2018,PolicyBazaar,Consumer Internet,Online Insurance Selling Platform,Gurugram,Info Edge (India) Ltd and Temasek,Private Equity,"2,77,00,000",,2018-07-06,27700000.0,PolicyBazaar,policybazaar,240000000.0,200000000.0,2,11.0,0,1178.0,3,1,Private Equity,Consumer Internet & Media,Delhi-NCR,0.0010012515644555694,0.005143101508529839,0.0051028062146093655,0.00038866051258071115,0.00038866051258071115,1.0,1.0,1.0,5.0,1
2216,06/11/2015,POPxo.com,Online content platform for women,,New Delhi,"IDG Ventures India, Kalaari Capital, 500 Startups",Private Equity,"20,00,000",Series A,2015-11-06,2000000.0,POPxo.com,popxo,0.0,0.0,0,-1.0,1,0.0,3,1,Private Equity,Other,Delhi-NCR,0.0025031289111389233,0.013397154605961893,0.0017630362707794693,0.0010197165577911919,0.0010197165577911919,3.0,1.0,1.0,1.0,0
964,16/03/2017,POPxo,Consumer Internet,Digital Media publication for women,New Delhi,"GREE Ventures, Kalaari Capital and IDG Ventures India, Summit Media, Atul Goel, and Gurpreet Singh",Private Equity,"31,00,000",,2017-03-16,3100000.0,POPxo,popxo,2000000.0,2000000.0,1,496.0,0,496.0,3,1,Private Equity,Consumer Internet & Media,Delhi-NCR,0.00025031289111389235,0.0,2.2213171803151287e-05,0.00015045598431541468,0.00015045598431541468,5.0,1.0,1.0,1.0,0
310,26/04/2018,POPxo,Technology,Women Focussed Digital Media Platform,Delhi,"Neoplux, OPPO, IDG Ventures India, Kalaari Capital, GREE Ventures and Summit Media",Private Equity,"55,00,000",,2018-04-26,5500000.0,POPxo,popxo,5100000.0,3100000.0,2,406.0,0,902.0,3,1,Private Equity,Technology & SaaS,Delhi-NCR,0.0025031289111389233,0.013397154605961893,0.0017630362707794693,0.0010197165577911919,0.0005754535354490443,5.0,1.0,1.0,1.0,0
755,16/06/2017,PortDesk,Technology,Maritime Solutions,Noida,Alphard Maritime Group,Seed Funding,"20,00,000",,2017-06-16,2000000.0,PortDesk,portdesk,0.0,0.0,0,-1.0,1,0.0,1,0,Seed/Angel,Technology & SaaS,Delhi-NCR,0.0,0.0,0.0,0.0,0.0,1.0,0.0,0.0,1.0,0
508,21/11/2017,Portea,Healthcare,Healthcare facilities at doorstep,Bangalore,"Sabre Partners, MEMG CDC",Private Equity,"2,60,00,000",,2017-11-21,26000000.0,Portea,portea,0.0,0.0,0,-1.0,1,0.0,1,0,Private Equity,Healthcare,Bengaluru,0.00025031289111389235,0.0,1.6918402629653404e-07,0.00015994742680346078,0.00015994742680346078,2.0,0.0,1.0,1.0,0
2435,21/09/2015,Portea Medical,Home Medical Care Services,,Bangalore,"Accel Partners, International Finance Corporation (IFC), Qualcomm Ventures, Ventureast",Private Equity,"3,75,00,000",,2015-09-21,37500000.0,Portea Medical,portea medical,0.0,0.0,0,-1.0,1,0.0,1,0,Private Equity,Healthcare,Bengaluru,0.0025031289111389233,0.03180691231866443,0.01397423501569189,0.0009597977221441899,0.0004596367488167834,4.0,1.0,1.0,1.0,0
1361,10/09/2016,Poshtic,Consumer Internet,Online health & Wellness platform,Noida,"havya Sharma, Amit Nagar",Seed Funding,"4,50,000",,2016-09-10,450000.0,Poshtic,poshtic,0.0,0.0,0,-1.0,1,0.0,1,0,Seed/Angel,Consumer Internet & Media,Delhi-NCR,0.0,0.0,0.0,0.0,0.0,2.0,0.0,0.0,1.0,0
2694,08/06/2015,PosterGully,Artist / Designer Marketplace,,New Delhi,"Natarajan Iyer,Rajesh Sawhney,\\xc2\\xa0 & other Angel investors.",Seed Funding,,,2015-06-08,,PosterGully,postergully,0.0,0.0,0,-1.0,1,0.0,1,0,Seed/Angel,E-Commerce,Delhi-NCR,0.000750938673341677,2.0055113960051465e-06,5.212874231067168e-07,0.00039636782498119144,0.00039636782498119144,3.0,0.0,1.0,1.0,0
2804,27/05/2015,Postman,API Workflow platform,,Bangalore,Nexus Venture Partners,Seed Funding,"10,00,000",Series A,2015-05-27,1000000.0,Postman,postman,0.0,0.0,0,-1.0,1,0.0,2,1,Seed/Angel,Other,Bengaluru,0.00025031289111389235,0.0,0.004643633114189387,0.00012013188825083282,0.00012013188825083282,1.0,1.0,1.0,3.0,1
1296,14/10/2016,Postman,Consumer Internet,API Platform,Bangalore,Nexus Venture Partners,Private Equity,"70,00,000",,2016-10-14,7000000.0,Postman,postman,1000000.0,1000000.0,1,506.0,0,506.0,2,1,Private Equity,Consumer Internet & Media,Bengaluru,0.00025031289111389235,0.0,0.004643633114189387,0.00012013188825083282,0.00012013188825083282,1.0,1.0,1.0,3.0,1
2088,25/01/2016,Power2SME,Consumer Internet,SME Online Buying Hub,Gurgaon,"Nandan Nilekani, Accel Partners, Kalaari Capital and Inventus Capital",Private Equity,"2,10,00,000",,2016-01-25,21000000.0,Power2SME,power2sme,0.0,0.0,0,-1.0,1,0.0,3,1,Private Equity,Consumer Internet & Media,Delhi-NCR,0.0025031289111389233,0.03180691231866443,0.01397423501569189,0.0009597977221441899,0.0005551268532298023,3.0,1.0,1.0,1.0,0
787,01/05/2017,Power2SME,eCommerce,Buying portal for SMEs,Gurgaon,International Finance Corporation,Private Equity,"1,00,00,000",,2017-05-01,10000000.0,Power2SME,power2sme,21000000.0,21000000.0,1,462.0,0,462.0,3,1,Private Equity,E-Commerce,Delhi-NCR,0.00025031289111389235,0.0,5.436574580572323e-09,0.00019298932774467834,0.00019298932774467834,1.0,0.0,1.0,1.0,0
584,06/09/2017,Power2SME,eCommerce,Buying Club for Small Businesses,Gurgaon,"International Finance Corporation (IFC), Inventus Capital Partners, Accel Partners, Kalaari Capital, and Nandan Nilekani,",Private Equity,"2,60,00,000",,2017-09-06,26000000.0,Power2SME,power2sme,31000000.0,10000000.0,2,128.0,0,590.0,3,1,Private Equity,E-Commerce,Delhi-NCR,0.0025031289111389233,0.03180691231866443,0.01397423501569189,0.0010197165577911919,0.0007241678692266867,5.0,1.0,1.0,1.0,0
2154,11/12/2015,Powerstores,ECommerce Website Creation SAAS platform,,Goa,Extreme Venture Partners\\xc2\\xa0 William Bissell,Seed Funding,,,2015-12-11,,Powerstores,powerstores,0.0,0.0,0,-1.0,1,0.0,1,0,Seed/Angel,E-Commerce,Tier-2/Other,0.0,0.0,0.0,0.0,0.0,1.0,0.0,0.0,1.0,0
1082,19/01/2017,PParke,Consumer Internet,Parking Solutions mobile app,Bangalore,SB Ventures,Seed Funding,,,2017-01-19,,PParke,pparke,0.0,0.0,0,-1.0,1,0.0,1,0,Seed/Angel,Consumer Internet & Media,Bengaluru,0.0,0.0,0.0,0.0,0.0,1.0,0.0,0.0,1.0,0
2963,12/02/2015,Practo,,,,"Sequoia Capital, Matrix Partners",Private Equity,"3,00,00,000",Series B,2015-02-12,30000000.0,Practo,practo,0.0,0.0,0,-1.0,1,0.0,3,1,Private Equity,Other,Tier-2/Other,0.004005006257822278,0.059859204892582674,0.09566198113272546,0.001413958516141685,0.000771912555910322,2.0,1.0,1.0,1.0,0
2490,06/08/2015,practo,Doctor Appointment booking app,,Bangalore,"Sofina, Google Capital, Altimeter Capital, Sequoia Capital Global Equities, Yuri Milner, Sequoia Capital, Matrix Partners",Private Equity,"9,00,00,000",Series C,2015-08-06,90000000.0,practo,practo,30000000.0,30000000.0,1,175.0,0,175.0,3,1,Private Equity,Other,Bengaluru,0.004005006257822278,0.059859204892582674,0.09566198113272546,0.001413958516141685,0.0005544992085171009,7.0,1.0,1.0,1.0,0
1074,17/01/2017,Practo,Consumer Internet,Online Healthcare platform,Bangalore,"Tencent,\\xc2\\xa0 ru-Net, RSI Fund, Thrive Capital",Private Equity,"5,50,00,000",,2017-01-17,55000000.0,Practo,practo,120000000.0,90000000.0,2,530.0,0,705.0,3,1,Private Equity,Consumer Internet & Media,Bengaluru,0.00025031289111389235,0.0,0.0005406707197536018,0.00013873533332427098,0.00013873533332427098,4.0,0.0,1.0,1.0,0
2657,30/07/2015,Pragmatix,Business intelligence & Analytics,,Mumbai,SIDBI Venture Capital Ltd,Private Equity,"24,00,000",Series A,2015-07-30,2400000.0,Pragmatix,pragmatix,0.0,0.0,0,-1.0,1,0.0,1,0,Private Equity,Other,Mumbai,0.0,0.0,0.0,0.0,0.0,1.0,0.0,0.0,1.0,0
1872,17/03/2016,Pramati,Healthcare,Specialized Patient Care platform,Noida,Undisclosed investors,Seed Funding,"2,00,000",,2016-03-17,200000.0,Pramati,pramati,0.0,0.0,0,-1.0,1,0.0,1,0,Seed/Angel,Healthcare,Delhi-NCR,0.0,0.0,0.0,0.0,0.0,1.0,0.0,0.0,1.0,0
1639,24/06/2016,PratiLipi,Consumer Internet,Multi-Lingual self-publishing platform,Bangalore,Nexus Venture Partners,Seed Funding,,,2016-06-24,,PratiLipi,pratilipi,0.0,0.0,0,-1.0,1,0.0,3,1,Seed/Angel,Consumer Internet & Media,Bengaluru,0.00025031289111389235,0.0,0.004643633114189387,0.00012013188825083282,0.00012013188825083282,1.0,1.0,1.0,1.0,1
353,05/02/2018,Pratilipi,Publishing,E-Publishing,Bengaluru,Omidyar Network,Private Equity,"43,00,000",,2018-02-05,4300000.0,Pratilipi,pratilipi,0.0,0.0,1,591.0,0,591.0,3,1,Private Equity,Other,Bengaluru,0.0010012515644555694,0.007109553316259028,0.013758018688313459,0.0003983214631420374,0.0003983214631420374,1.0,0.0,1.0,1.0,1
84,06/06/2019,Pratilipi,Digital Media,E-Books,Bengaluru,Qiming Venture Partners,Series B,"1,51,09,500.00",,2019-06-06,15109500.0,Pratilipi,pratilipi,4300000.0,4300000.0,2,486.0,0,1077.0,3,1,Series B,Consumer Internet & Media,Bengaluru,0.0,0.0,0.0,0.0,0.0,1.0,0.0,0.0,1.0,1
391,28/02/2018,Predible Health,Healthcare,Cancer radiology,Bengaluru,Unitus Seed Fund,Seed/Angel Funding,,,2018-02-28,,Predible Health,predible health,0.0,0.0,0,-1.0,1,0.0,1,0,Seed/Angel,Healthcare,Bengaluru,0.0,0.0,0.0,0.0,0.0,1.0,0.0,0.0,1.0,0
298,16/04/2018,Pregbuddy,Healthcare,Connected Care App For Pregnant Women,Bengaluru,"Rajan Anandan, Madhusudhan Kannan, Jayant Kadambi, Puneet Gupta and Pradeep K Jaisingh",Seed / Angel Funding,,,2018-04-16,,Pregbuddy,pregbuddy,0.0,0.0,0,-1.0,1,0.0,1,0,Seed/Angel,Healthcare,Bengaluru,0.00025031289111389235,0.0,5.005742896119195e-07,0.00015863277424133518,0.00015863277424133518,4.0,0.0,1.0,1.0,0
1671,03/05/2016,Prepathon,Education,Competitive Exam learning platform,Mumbai,Blume Ventures,Private Equity,,,2016-05-03,,Prepathon,prepathon,0.0,0.0,0,-1.0,1,0.0,1,0,Private Equity,EdTech,Mumbai,0.00025031289111389235,0.0,2.4573577241560827e-06,0.00014531887003520802,0.00014531887003520802,1.0,1.0,1.0,1.0,0
1664,01/05/2016,Prescribez,Consumer Internet,Health Service Aggregator Platform,Pune,Ankush Mehta,Seed Funding,"1,45,000",,2016-05-01,145000.0,Prescribez,prescribez,0.0,0.0,0,-1.0,1,0.0,1,0,Seed/Angel,Consumer Internet & Media,Pune,0.0,0.0,0.0,0.0,0.0,1.0,0.0,0.0,1.0,0
2817,07/04/2015,PressPlay,Travel Entertainment,,New Delhi,"Sequoia Capital, Jason Hirschhorn, Jarett Posner, and Amit Bhatiani",Seed Funding,"22,00,000",,2015-04-07,2200000.0,PressPlay,pressplay,0.0,0.0,0,-1.0,1,0.0,1,0,Seed/Angel,Technology & SaaS,Delhi-NCR,0.004005006257822278,0.059859204892582674,0.09566198113272546,0.001413958516141685,0.0009838316650837026,4.0,1.0,1.0,1.0,0
1503,01/07/2016,PressPlay TV,Consumer Internet,Video Content Discovery Platform,New Delhi,"Sequoia Capital, SD Ventures, Vistaar Investment Advisors Pvt. Ltd.",Private Equity,,,2016-07-01,,PressPlay TV,pressplay tv,0.0,0.0,0,-1.0,1,0.0,1,0,Private Equity,Consumer Internet & Media,Delhi-NCR,0.004005006257822278,0.059859204892582674,0.09566198113272546,0.001413958516141685,0.001413958516141685,3.0,1.0,1.0,1.0,0
472,02/11/2017,Prest Loans,Finance,Business & SME Loans provider,New Delhi,"Manish Poddar, Arun Garg, Parmeshwar Sharma",Seed Funding,"5,70,000",,2017-11-02,570000.0,Prest Loans,prest loans,0.0,0.0,0,-1.0,1,0.0,1,0,Seed/Angel,FinTech,Delhi-NCR,0.0,0.0,0.0,0.0,0.0,3.0,0.0,0.0,1.0,0
1632,21/06/2016,PrettySecrets,eCommerce,Women Lingerie Store,Mumbai,"RB Investments PTE Ltd, Orios Venture Partners",Private Equity,"60,00,000",,2016-06-21,6000000.0,PrettySecrets,prettysecrets,0.0,0.0,0,-1.0,1,0.0,1,0,Private Equity,E-Commerce,Mumbai,0.0005006257822277847,0.001577460057420298,0.0006611364960252393,0.00023911949570192242,0.00023911949570192242,2.0,0.0,1.0,1.0,0
2815,07/04/2015,Pricejugaad,Price Comparison,,Hyderabad,"Amit Tyagi, Sandeep Acharya & others",Seed Funding,"1,65,000",,2015-04-07,165000.0,Pricejugaad,pricejugaad,0.0,0.0,0,-1.0,1,0.0,1,0,Seed/Angel,Other,Hyderabad,0.0,0.0,0.0,0.0,0.0,2.0,0.0,0.0,1.0,0
1762,11/04/2016,PriceRaja,Consumer Internet,Price Comparison Portal,Gurgaon,Prashant Puri,Seed Funding,"3,00,000",,2016-04-11,300000.0,PriceRaja,priceraja,0.0,0.0,0,-1.0,1,0.0,1,0,Seed/Angel,Consumer Internet & Media,Delhi-NCR,0.0,0.0,0.0,0.0,0.0,1.0,0.0,0.0,1.0,0
578,04/09/2017,PrimaryIO,Technology,Application Performance Acceleration,Pune,"Accel Partners, Exfinity Ventures, Partech Ventures",Private Equity,"56,00,000",,2017-09-04,5600000.0,PrimaryIO,primaryio,0.0,0.0,0,-1.0,1,0.0,1,0,Private Equity,Technology & SaaS,Pune,0.0025031289111389233,0.03180691231866443,0.01397423501569189,0.0009597977221441899,0.0009597977221441899,3.0,1.0,1.0,1.0,0
2345,20/10/2015,PrimaSeller,Order Fulfillment SAAS platform,,Bangalore,"Dr. Aniruddha Malpani Manish Gupta, M&S Partners & others",Seed Funding,,,2015-10-20,,PrimaSeller,primaseller,0.0,0.0,0,-1.0,1,0.0,1,0,Seed/Angel,Technology & SaaS,Bengaluru,0.0,0.0,0.0,0.0,0.0,2.0,0.0,0.0,1.0,0
1497,30/08/2016,Prime Focus Technologies,Technology,Hybrid Cloud technology enabled Media ERP platform,Mumbai,Ambit Pragma,Private Equity,,,2016-08-30,,Prime Focus Technologies,prime focus,0.0,0.0,0,-1.0,1,0.0,1,0,Private Equity,Technology & SaaS,Mumbai,0.0,0.0,0.0,0.0,0.0,1.0,0.0,0.0,1.0,0
2699,09/06/2015,Printland,Online Printing Services,,New Delhi,SIDBI Venture Capital Ltd,Private Equity,,Series A,2015-06-09,,Printland,printland,0.0,0.0,0,-1.0,1,0.0,1,0,Private Equity,Other,Delhi-NCR,0.0,0.0,0.0,0.0,0.0,1.0,0.0,0.0,1.0,0
3040,29/01/2015,Printvenue,,,,Asia Pacific Internet Group,Private Equity,"45,00,000",,2015-01-29,4500000.0,Printvenue,printvenue,0.0,0.0,0,-1.0,1,0.0,1,0,Private Equity,Other,Tier-2/Other,0.0,0.0,0.0,0.0,0.0,1.0,0.0,0.0,1.0,0
2888,12/03/2015,Process 9,,,,"IAN Ventures, Alok Sharma, Kris Gopalakrishnan, Saurabh Srivastava, Ajai Chowdhry",Seed Funding,,,2015-03-12,,Process 9,process 9,0.0,0.0,0,-1.0,1,0.0,2,1,Seed/Angel,Other,Tier-2/Other,0.0012515644555694616,0.004638772999889398,7.508484863299938e-05,0.0005537048140257201,0.0005537048140257201,5.0,0.0,1.0,1.0,0
1743,01/04/2016,Process 9,Consumer Internet,online translation and transliteration,Gurgaon,"Indian Angel Network, Alok Sharma, Kris Gopalakrishnan, Saurabh Srivastava, and Ajai Chowdhry",Seed Funding,,,2016-04-01,,Process 9,process 9,0.0,0.0,1,386.0,0,386.0,2,1,Seed/Angel,Consumer Internet & Media,Delhi-NCR,0.002002503128911139,0.01032696862918804,0.03555811791464255,0.0008020854002554353,0.0008020854002554353,5.0,0.0,1.0,1.0,0
1627,21/06/2016,ProcMart,Consumer Internet,Online Procurement Marketplace,Noida,IndiaMart,Private Equity,,,2016-06-21,,ProcMart,procmart,0.0,0.0,0,-1.0,1,0.0,1,0,Private Equity,Consumer Internet & Media,Delhi-NCR,0.00025031289111389235,0.0,6.110596686262906e-07,0.00015142542019525588,0.00015142542019525588,1.0,0.0,1.0,1.0,0
46,01/08/2019,Progcap,Finance,Supply Chain Management,New Delhi,Sequoia India,Series A,"50,00,000",,2019-08-01,5000000.0,Progcap,progcap,0.0,0.0,0,-1.0,1,0.0,1,0,Series A,FinTech,Delhi-NCR,0.000750938673341677,0.0036940218595162967,0.007362732465128354,0.00033164209477533563,0.00033164209477533563,1.0,1.0,1.0,2.0,1
443,11/12/2017,Project Mudra,Technology,Assisting Visually Impaired to learn through Braille,Bengaluru,Village Capital,Seed/Angel Funding,"50,000",,2017-12-11,50000.0,Project Mudra,project mudra,0.0,0.0,0,-1.0,1,0.0,1,0,Seed/Angel,Technology & SaaS,Bengaluru,0.0,0.0,0.0,0.0,0.0,1.0,0.0,0.0,1.0,0
1407,29/09/2016,Promon,eCommerce,Local Commerce Platform,New Delhi,Now Capital,Seed Funding,"1,80,000",,2016-09-29,180000.0,Promon,promon,0.0,0.0,0,-1.0,1,0.0,1,0,Seed/Angel,E-Commerce,Delhi-NCR,0.0,0.0,0.0,0.0,0.0,1.0,0.0,0.0,1.0,0
958,10/03/2017,PropertyShare,Consumer Internet,Fractional Proerty Ownership & Rental platform,Bangalore,"Asuka, Pravega Ventures, BEENEXT",Seed Funding,,,2017-03-10,,PropertyShare,propertyshare,0.0,0.0,0,-1.0,1,0.0,1,0,Seed/Angel,Consumer Internet & Media,Bengaluru,0.002252816020025031,0.026666534645510814,0.014745586382638468,0.0008378082004402911,0.0005785099885376487,3.0,0.0,1.0,1.0,0
2143,10/12/2015,PropheSee,Digital Analytics Platform,,New Delhi,"Indian Angel Network, Stanford Angels, Entrepreneurs India",Seed Funding,"5,00,000",,2015-12-10,500000.0,PropheSee,prophesee,0.0,0.0,0,-1.0,1,0.0,1,0,Seed/Angel,Other,Delhi-NCR,0.002002503128911139,0.01032696862918804,0.03555811791464255,0.0008020854002554353,0.00035874685591384334,3.0,0.0,1.0,1.0,0
2680,03/06/2015,Propstack,Real Estate Intelligence Platform,,Mumbai,DMG Information,Private Equity,"30,00,000",Series A,2015-06-03,3000000.0,Propstack,propstack,0.0,0.0,0,-1.0,1,0.0,1,0,Private Equity,Other,Mumbai,0.0,0.0,0.0,0.0,0.0,1.0,0.0,0.0,1.0,0
565,25/10/2017,PropStory,Consumer Internet,Real Estate content portal,Gurgaon,"Abhishek Bhatewara, Vivek Shah, Haitong Securities, Suraj Saharan, Paras Arora",Seed Funding,,,2017-10-25,,PropStory,propstory,0.0,0.0,0,-1.0,1,0.0,1,0,Seed/Angel,Consumer Internet & Media,Delhi-NCR,0.0,0.0,0.0,0.0,0.0,5.0,0.0,0.0,1.0,0
2665,31/07/2015,Prothom,Hasbro Toy Manufacturer,,Pune,Oliphabs Capital,Private Equity,"20,00,000",Series A,2015-07-31,2000000.0,Prothom,prothom,0.0,0.0,0,-1.0,1,0.0,1,0,Private Equity,Other,Pune,0.0,0.0,0.0,0.0,0.0,1.0,0.0,0.0,1.0,0
2674,01/06/2015,Proviera,Probiotic Technology Products Manufacturer,,Chennai,Infuse Ventures,Private Equity,"5,50,000",,2015-06-01,550000.0,Proviera,proviera,0.0,0.0,0,-1.0,1,0.0,1,0,Private Equity,Technology & SaaS,Chennai,0.0,0.0,0.0,0.0,0.0,1.0,0.0,0.0,1.0,0
1866,15/03/2016,Proximit,Technology,Advertising Technology,Pune,Funding through 1Crowd platform,Seed Funding,"1,50,000",,2016-03-15,150000.0,Proximit,proximit,0.0,0.0,0,-1.0,1,0.0,1,0,Seed/Angel,Technology & SaaS,Pune,0.0005006257822277847,0.0009472281012256808,0.0027722702807833925,0.00023462760148550098,0.00023462760148550098,1.0,0.0,1.0,1.0,0
2398,07/09/2015,Prozo,Study Material Marketplace,,New Delhi,"Nalin Jain, Shomil Pant, Dinesh Kundu & others",Seed Funding,"2,05,000",,2015-09-07,205000.0,Prozo,prozo,0.0,0.0,0,-1.0,1,0.0,2,1,Seed/Angel,E-Commerce,Delhi-NCR,0.0,0.0,0.0,0.0,0.0,3.0,0.0,0.0,1.0,0
1354,07/09/2016,Prozo,eCommerce,Study Material Marketplace,Gurgaon,"Earlsfield Capital, Sailender Solanki, Rajiv Solanki",Seed Funding,"3,15,000",,2016-09-07,315000.0,Prozo,prozo,205000.0,205000.0,1,366.0,0,366.0,2,1,Seed/Angel,E-Commerce,Delhi-NCR,0.0005006257822277847,0.008024933839176919,0.013254907783069371,0.0002118061073660992,0.0002118061073660992,3.0,0.0,1.0,1.0,0
1257,30/11/2016,Pulse,Consumer Internet,Campus Social Networking App,Bangalore,SAIF Partners,Private Equity,"5,00,000",,2016-11-30,500000.0,Pulse,pulse,0.0,0.0,0,-1.0,1,0.0,1,0,Private Equity,Consumer Internet & Media,Bengaluru,0.000750938673341677,0.0042731615220654,0.0014112094183159625,0.00029227224578136433,0.00029227224578136433,1.0,1.0,1.0,1.0,0
830,18/05/2017,PumpKart,eCommerce,Online Water Pumps etailer,Chandigarh,Dr. Ritesh Malik,Seed Funding,,,2017-05-18,,PumpKart,pumpkart,0.0,0.0,0,-1.0,1,0.0,1,0,Seed/Angel,E-Commerce,Tier-2/Other,0.00025031289111389235,0.0,0.015404604139267346,0.00012420412971409308,0.00012420412971409308,1.0,0.0,1.0,1.0,0
1463,22/08/2016,Puro Wellness,healthcare,"Organic,\\xc2\\xa0 Natural\\xc2\\xa0 Food substitute manufacturer",Mumbai,Torrent Group,Private Equity,"3,70,00,000",,2016-08-22,37000000.0,Puro Wellness,puro wellness,0.0,0.0,0,-1.0,1,0.0,1,0,Private Equity,Healthcare,Mumbai,0.0,0.0,0.0,0.0,0.0,1.0,0.0,0.0,1.0,0
2826,09/04/2015,Purple Squirrel,Ed-Tech,,Mumbai,"Matrix Partners India, India Quotient",Private Equity,,Series B,2015-04-09,,Purple Squirrel,purple squirrel,0.0,0.0,0,-1.0,1,0.0,1,0,Private Equity,Other,Mumbai,0.0012515644555694616,0.0015831233045289707,0.0017614729921763422,0.000554745742038456,0.0003423061688587075,2.0,1.0,1.0,1.0,0
1363,12/09/2016,Purple Style Labs,Consumer Internet,Personal Styling Online platform,Mumbai,"Augment Ventures, Rahul Kayan, Nikhil Golcha, Shubham Gupta, Roy Kwan",Seed Funding,"4,48,000",,2016-09-12,448000.0,Purple Style Labs,purple style labs,0.0,0.0,0,-1.0,1,0.0,1,0,Seed/Angel,Consumer Internet & Media,Mumbai,0.0,0.0,0.0,0.0,0.0,5.0,0.0,0.0,1.0,0
1386,21/09/2016,PurpleDocs,Consumer Internet,Electronic Health care records platform,Vadodara,"KellyGamma, Lead Angels & Others",Seed Funding,,,2016-09-21,,PurpleDocs,purpledocs,0.0,0.0,0,-1.0,1,0.0,1,0,Seed/Angel,Consumer Internet & Media,Tier-2/Other,0.0010012515644555694,0.006769913213594535,0.05549185359678784,0.00038032984394980706,0.00038032984394980706,2.0,0.0,1.0,1.0,0
1712,18/05/2016,PurpleHealth,Consumer Internet,Online health-on-demand platform,Trivandrum,Katabole Technology Venture,Seed Funding,"1,00,000",,2016-05-18,100000.0,PurpleHealth,purplehealth,0.0,0.0,0,-1.0,1,0.0,1,0,Seed/Angel,Consumer Internet & Media,Tier-2/Other,0.0,0.0,0.0,0.0,0.0,1.0,0.0,0.0,1.0,0
2996,06/01/2015,Purplle.com,,,,IvyCap Ventures,Private Equity,,,2015-01-06,,Purplle.com,purplle,0.0,0.0,0,-1.0,1,0.0,3,1,Private Equity,Other,Tier-2/Other,0.0010012515644555694,0.0025562052263307694,9.695382383805698e-05,0.00042674507745196256,0.00042674507745196256,1.0,0.0,1.0,2.0,1
1523,11/07/2016,Purplle,eCommerce,Beauty Products Marketplace,Mumbai,"JSW Ventures, Blume Ventures & IvyCap Ventures",Private Equity,"60,00,000",,2016-07-11,6000000.0,Purplle,purplle,0.0,0.0,1,552.0,0,552.0,3,1,Private Equity,E-Commerce,Mumbai,0.00025031289111389235,0.0,0.00011420396627358316,0.00014531887003520802,0.00014250230356118284,2.0,1.0,1.0,2.0,1
458,15/12/2017,Purplle,E-Commerce,Beauty Products Online Marketplace,Mumbai,"Mountain Pain Capital, Suncoast Investments",Seed/Angel Funding,"5,37,000",,2017-12-15,537000.0,Purplle,purplle,6000000.0,6000000.0,2,522.0,0,1074.0,3,1,Seed/Angel,E-Commerce,Mumbai,0.0,0.0,0.0,0.0,0.0,2.0,0.0,0.0,2.0,1
1149,14/12/2016,Qacco,Consumer Internet,Hotel Booking platform,Gurgaon,"Lead Angels Network, Anbu Pandian, Prabhakar MR & Others",Seed Funding,"1,50,000",,2016-12-14,150000.0,Qacco,qacco,0.0,0.0,0,-1.0,1,0.0,1,0,Seed/Angel,Consumer Internet & Media,Delhi-NCR,0.0012515644555694616,0.006769913213594535,0.05549185359678784,0.0005537048140257201,0.0004670173289877636,3.0,0.0,1.0,1.0,0
2016,06/01/2016,Qdesq,Real Estate,Branded Workspaces Aggregator,Gurgaon,"Dheeraj Jain, Jagdish Kumar, Bharat Gupta, Ankush Saigal, Praveen Saini",Seed Funding,,,2016-01-06,,Qdesq,qdesq,0.0,0.0,0,-1.0,1,0.0,1,0,Seed/Angel,Other,Delhi-NCR,0.00025031289111389235,0.0,2.4171486102378256e-05,0.00014750802532034708,0.00014750802532034708,5.0,0.0,1.0,1.0,0
2358,23/10/2015,Qik Stay,Hotel Aggregator & booking platform,,New Delhi,ID Enablers Pvt Ltd,Seed Funding,"2,50,000",,2015-10-23,250000.0,Qik Stay,qik stay,0.0,0.0,0,-1.0,1,0.0,1,0,Seed/Angel,Other,Delhi-NCR,0.0,0.0,0.0,0.0,0.0,1.0,0.0,0.0,1.0,0
2287,30/11/2015,QikPod,Ecommerce Delivery locker services,,Bangalore,"Flipkart, Accel Partners, Delhivery, Foxconn",Private Equity,"90,00,000",Series A,2015-11-30,9000000.0,QikPod,qikpod,0.0,0.0,0,-1.0,1,0.0,1,0,Private Equity,E-Commerce,Bengaluru,0.0025031289111389233,0.03180691231866443,0.01397423501569189,0.0009597977221441899,0.0005465480915335533,4.0,1.0,1.0,1.0,0
1899,29/03/2016,QikShip,Consumer Internet,Mobile based Logistics provider,New Delhi,undisclosed investors,Seed Funding,"2,00,000",,2016-03-29,200000.0,QikShip,qikship,0.0,0.0,0,-1.0,1,0.0,1,0,Seed/Angel,Consumer Internet & Media,Delhi-NCR,0.0,0.0,0.0,0.0,0.0,1.0,0.0,0.0,1.0,0
2081,22/01/2016,Qlivery,Consumer Internet,on-demand concierge services,Gurgaon,Chandigarh Angels Funding,Seed Funding,,,2016-01-22,,Qlivery,qlivery,0.0,0.0,0,-1.0,1,0.0,2,1,Seed/Angel,Consumer Internet & Media,Delhi-NCR,0.00025031289111389235,0.0,1.54413417595609e-07,0.00016435886649189237,0.00016435886649189237,1.0,0.0,1.0,1.0,0
1873,17/03/2016,Qlivery,Consumer Internet,Ondemand Concierge Service,Gurgaon,Swastika Company Ltd,Seed Funding,"2,30,000",,2016-03-17,230000.0,Qlivery,qlivery,0.0,0.0,1,55.0,0,55.0,2,1,Seed/Angel,Consumer Internet & Media,Delhi-NCR,0.0,0.0,0.0,0.0,0.0,1.0,0.0,0.0,1.0,0
1622,20/06/2016,Qonfuse,Consumer Internet,Online Test Papers for competitive exams,New Delhi,Hamraj Kumar,Seed Funding,,,2016-06-20,,Qonfuse,qonfuse,0.0,0.0,0,-1.0,1,0.0,1,0,Seed/Angel,Consumer Internet & Media,Delhi-NCR,0.0,0.0,0.0,0.0,0.0,1.0,0.0,0.0,1.0,0
872,07/04/2017,QorQI,Healthcare,Online Healthcare provider,Noida,Paytm,Seed Funding,,,2017-04-07,,QorQI,qorqi,0.0,0.0,0,-1.0,1,0.0,1,0,Seed/Angel,Healthcare,Delhi-NCR,0.00025031289111389235,0.0,5.436574580572323e-09,0.00019298932774467834,0.00019298932774467834,1.0,0.0,1.0,1.0,0
2099,29/01/2016,Qriyo,Consumer Internet,Online Fitness & Educational information Aggregator,Jodhpur,Idein Ventures,Seed Funding,"1,60,000",,2016-01-29,160000.0,Qriyo,qriyo,0.0,0.0,0,-1.0,1,0.0,2,1,Seed/Angel,Consumer Internet & Media,Tier-2/Other,0.0,0.0,0.0,0.0,0.0,1.0,0.0,0.0,1.0,0
924,29/04/2017,Qriyo,Consumer Internet,Tutor Discovery & Booking platform,Jaipur,NB Ventures,Private Equity,,,2017-04-29,,Qriyo,qriyo,160000.0,160000.0,1,456.0,0,456.0,2,1,Private Equity,Consumer Internet & Media,Jaipur,0.000750938673341677,0.006087087850197013,0.0008207148839012599,0.0003192251824759247,0.0003192251824759247,1.0,0.0,1.0,1.0,0
2085,22/01/2016,Qubole,Technology,Enterprise Cloud Based Data Processing,Bangalore,"Institutional Venture Partners, Norwest Venture Partners, Lightspeed Venture Partners, CRV",Private Equity,"3,00,00,000",,2016-01-22,30000000.0,Qubole,qubole,0.0,0.0,0,-1.0,1,0.0,2,1,Private Equity,Technology & SaaS,Bengaluru,0.0010012515644555694,0.002140516295368845,0.004810399254406555,0.0003916403585052038,0.0002881530516212765,4.0,1.0,1.0,1.0,0
491,10/11/2017,Qubole,Technology,Big Data based analytics platform,Bangalore,"Singtel, Innov8, Harmony Partners",Private Equity,"2,50,00,000",,2017-11-10,25000000.0,Qubole,qubole,30000000.0,30000000.0,1,658.0,0,658.0,2,1,Private Equity,Technology & SaaS,Bengaluru,0.0,0.0,0.0,0.0,0.0,3.0,0.0,0.0,1.0,0
2458,28/09/2015,Quickli,hyperlocal delivery platform,,New Delhi,"500 Startups, Mato Peric & Others",Seed Funding,,,2015-09-28,,Quickli,quickli,0.0,0.0,0,-1.0,1,0.0,2,1,Seed/Angel,Logistics & Mobility,Delhi-NCR,0.0,0.0,0.0,0.0,0.0,2.0,0.0,0.0,1.0,0
1519,07/07/2016,Quickli,Logistics,On-Demand Delivery Startup,Gurgaon,"AVG Group, 500 Startups",Private Equity,,,2016-07-07,,Quickli,quickli,0.0,0.0,1,283.0,0,283.0,2,1,Private Equity,Logistics & Mobility,Delhi-NCR,0.0,0.0,0.0,0.0,0.0,2.0,0.0,0.0,1.0,0
2317,08/10/2015,Quifers,Logistics Tech Platform,,Mumbai,"Vikas Agarwal, Vishal Khare, Sanjeev Kakkar, Smile Group",Seed Funding,"3,10,000",,2015-10-08,310000.0,Quifers,quifers,0.0,0.0,0,-1.0,1,0.0,1,0,Seed/Angel,Logistics & Mobility,Mumbai,0.0,0.0,0.0,0.0,0.0,4.0,0.0,0.0,1.0,0
2816,07/04/2015,Quikr,Online Classifieds,,Mumbai,"Tiger Global, Investment AB Kinnevik, Steadview Capital",Private Equity,"15,00,00,000",Series G (Check prev funding details here),2015-04-07,150000000.0,Quikr,quikr,0.0,0.0,0,-1.0,1,0.0,3,1,Private Equity,Other,Mumbai,0.005006257822277847,0.07287536754319783,0.18527724887454788,0.0017164247516392465,0.001049227110099461,3.0,1.0,1.0,1.0,0
2639,23/07/2015,Quikr,Online & Mobile classified listings,,Mumbai,"AB Kinnevik, Falcon Edge Capital, Coatue Management",Private Equity,"6,00,00,000",Late Stage,2015-07-23,60000000.0,Quikr,quikr,150000000.0,150000000.0,1,107.0,0,107.0,3,1,Private Equity,Other,Mumbai,0.001501877346683354,0.006139893935334044,0.03494093435976817,0.0005554571776907639,0.0005554571776907639,3.0,0.0,1.0,1.0,0
1459,19/08/2016,Quikr,Consumer Internet,Classified Listings platform,Mumbai,Brand Capital,Private Equity,"2,00,00,000",,2016-08-19,20000000.0,Quikr,quikr,210000000.0,60000000.0,2,393.0,0,500.0,3,1,Private Equity,Consumer Internet & Media,Mumbai,0.0,0.0,0.0,0.0,0.0,1.0,0.0,0.0,1.0,0
2624,17/07/2015,QuikWallet,F&B sector Mobile Payment platform,,Mumbai,Snow Leopard Technology Ventures,Private Equity,"16,00,000",Follow on Funding,2015-07-17,1600000.0,QuikWallet,quikwallet,0.0,0.0,0,-1.0,1,0.0,1,0,Private Equity,FinTech,Mumbai,0.0,0.0,0.0,0.0,0.0,1.0,0.0,0.0,1.0,0
2592,08/07/2015,Quinto,Food Discovery App,,Pune,Jaydeep Barman,Seed Funding,,,2015-07-08,,Quinto,quinto,0.0,0.0,0,-1.0,1,0.0,1,0,Seed/Angel,Food & Beverage,Pune,0.0005006257822277847,1.880166933754825e-06,1.1485037079620514e-06,0.00026793306009822374,0.00026793306009822374,1.0,0.0,1.0,1.0,0
2453,24/09/2015,Quintype,Data Driven Publishing platform,,Bangalore,Raghav Bahl,Private Equity,"33,00,000",,2015-09-24,3300000.0,Quintype,quintype,0.0,0.0,0,-1.0,1,0.0,1,0,Private Equity,Other,Bengaluru,0.0,0.0,0.0,0.0,0.0,1.0,0.0,0.0,1.0,0
175,09/08/2018,quizizz,Ed-Tech,e-learning Platform,Bengaluru,"Nexus Venture Partners, Prime Venture Partners and Others",Seed/ Angel Funding,"30,00,000",,2018-08-09,3000000.0,quizizz,quizizz,0.0,0.0,0,-1.0,1,0.0,1,0,Seed/Angel,Other,Bengaluru,0.00025031289111389235,0.0,0.004643633114189387,0.00014071534285899344,0.00013042361555491315,2.0,1.0,1.0,2.0,1
1081,18/01/2017,Qwikspec,Technology,Cloud-based construction,Bangalore,Undisclosed Investors,Seed Funding,"3,00,000",,2017-01-18,300000.0,Qwikspec,qwikspec,0.0,0.0,0,-1.0,1,0.0,2,1,Seed/Angel,Technology & SaaS,Bengaluru,0.0,0.0,0.0,0.0,0.0,1.0,0.0,0.0,1.0,0
696,14/07/2017,QwikSpec,Technology,Construction site operations and analytics platform,Bangalore,"Brigade Innovations LLP, TV Mohandas Pai, Suhail Rahman, Bobby Reddy, M George Oommen",Seed Funding,"5,40,000",,2017-07-14,540000.0,QwikSpec,qwikspec,300000.0,300000.0,1,177.0,0,177.0,2,1,Seed/Angel,Technology & SaaS,Bengaluru,0.0,0.0,0.0,0.0,0.0,5.0,0.0,0.0,1.0,0
2893,13/03/2015,Qyk,,,,"Powai Lake Ventures, Zishan Hayath, Abhishek Goyal, Sahil Barua",Seed Funding,,,2015-03-13,,Qyk,qyk,0.0,0.0,0,-1.0,1,0.0,1,0,Seed/Angel,Other,Tier-2/Other,0.0,0.0,0.0,0.0,0.0,4.0,0.0,0.0,1.0,0
2551,25/08/2015,Qyk App,On-Demand App based Professional service provider,,Bangalore,"GrowX ventures, Tracxn Labs, Powai Lake Ventures, and Sahil Barua",Private Equity,"10,00,000",pre-series A,2015-08-25,1000000.0,Qyk App,qyk app,0.0,0.0,0,-1.0,1,0.0,1,0,Private Equity,Other,Bengaluru,0.00025031289111389235,0.0,9.55861469935405e-07,0.00014934135773833068,0.00014934135773833068,4.0,0.0,1.0,1.0,0
2749,30/06/2015,RailYatri,Railways Information Mobile app,,Bangalore,"Helion Ventures, Omidiyar Network, Blume Ventures and Ujama",Private Equity,,Pre-Series A,2015-06-30,,RailYatri,railyatri,0.0,0.0,0,-1.0,1,0.0,4,1,Private Equity,Technology & SaaS,Bengaluru,0.00025031289111389235,0.0,2.4573577241560827e-06,0.00014531887003520802,0.00014531887003520802,3.0,1.0,1.0,1.0,0
1813,27/04/2016,RailYatri,Consumer Internet,Train Related Information portal,Noida,"Nandan Nilekani, Helion Ventures, Omidyar Networks, Blume Ventures",Private Equity,,,2016-04-27,,RailYatri,railyatri,0.0,0.0,1,302.0,0,302.0,4,1,Private Equity,Consumer Internet & Media,Delhi-NCR,0.0010012515644555694,0.007109553316259028,0.013758018688313459,0.0003983214631420374,0.0002718201665886227,4.0,1.0,1.0,1.0,0
1318,20/10/2016,RailYatri,Consumer Internet,Train Travel Info mobile app,Noida,"Helion Ventures, Blume ventures",Private Equity,,,2016-10-20,,RailYatri,railyatri,0.0,0.0,2,176.0,0,478.0,4,1,Private Equity,Consumer Internet & Media,Delhi-NCR,0.00025031289111389235,0.0,2.4573577241560827e-06,0.00014531887003520802,0.00014531887003520802,2.0,1.0,1.0,1.0,0
311,26/04/2018,RailYatri,Consumer Internet,Online Travel Ticketing Platform,Noida,"Omidyar Network, Nandan Nilekani, Blume Ventures, Helion Venture Partners",Private Equity,,,2018-04-26,,RailYatri,railyatri,0.0,0.0,3,553.0,0,1031.0,4,1,Private Equity,Consumer Internet & Media,Delhi-NCR,0.0010012515644555694,0.007109553316259028,0.013758018688313459,0.0003983214631420374,0.0002718201665886227,4.0,1.0,1.0,1.0,0
2511,11/08/2015,RainCan,Subscription based Online Grocery platform,,Pune,Ajeet Khurana & Others,Seed Funding,"1,00,000",,2015-08-11,100000.0,RainCan,raincan,0.0,0.0,0,-1.0,1,0.0,2,1,Seed/Angel,Other,Pune,0.0,0.0,0.0,0.0,0.0,1.0,0.0,0.0,1.0,0
1768,13/04/2016,RainCan,Consumer Internet,Subscription-based grocery delivery Mobile App,Pune,Dr. Aniruddha Malpani,Seed Funding,"1,50,000",,2016-04-13,150000.0,RainCan,raincan,100000.0,100000.0,1,246.0,0,246.0,2,1,Seed/Angel,Consumer Internet & Media,Pune,0.0,0.0,0.0,0.0,0.0,1.0,0.0,0.0,1.0,0
416,24/01/2018,Rao IIT Academy,Education,Coaching Services,Mumbai,Avendus Finance,Structured Debt,"86,00,000",,2018-01-24,8600000.0,Rao IIT Academy,rao iit academy,0.0,0.0,0,-1.0,1,0.0,1,0,Debt,EdTech,Mumbai,0.00025031289111389235,0.0,0.005237862743686507,0.00011748944073571726,0.00011748944073571726,1.0,0.0,1.0,1.0,0
1781,18/04/2016,Rapido,Consumer Internet,Bike Aggregator App,Bangalore,"Pawan Munjal, AdvantEdge Partners, Astarc Ventures",Private Equity,,,2016-04-18,,Rapido,rapido,0.0,0.0,0,-1.0,1,0.0,3,1,Private Equity,Consumer Internet & Media,Bengaluru,0.00025031289111389235,0.0,4.237580145370647e-06,0.00012962138074667834,0.00012962138074667834,3.0,0.0,1.0,3.0,1
622,25/09/2017,Rapido,Consumer Internet,Bike Aggregator Mobile App,Bangalore,Battery Road Digital Holdings LLC,Seed Funding,"4,22,000",,2017-09-25,422000.0,Rapido,rapido,0.0,0.0,1,525.0,0,525.0,3,1,Seed/Angel,Consumer Internet & Media,Bengaluru,0.0,0.0,0.0,0.0,0.0,1.0,0.0,0.0,3.0,1
504,21/11/2017,Rapido,Technology,Bike and Taxi pooling online platform,Hyderabad,"Skycatcher Fund, Aravind Sanka",Seed/Angel Funding,"3,29,230",,2017-11-21,329230.0,Rapido,rapido,422000.0,422000.0,2,57.0,0,582.0,3,1,Seed/Angel,Technology & SaaS,Hyderabad,0.0005006257822277847,0.0033397017980909874,0.009826016905665445,0.0002186386301075562,0.0002186386301075562,2.0,0.0,1.0,3.0,1
61,27/08/2019,Rapido Bike Taxi,Transportation,Bike Taxi,Bengaluru,Westbridge Capital,Series B,"3,90,00,00,000",,2019-08-27,3900000000.0,Rapido Bike Taxi,rapido bike taxi,0.0,0.0,0,-1.0,1,0.0,1,0,Series B,Logistics & Mobility,Bengaluru,0.0010012515644555694,0.00867406961898059,0.00886588136901027,0.00040932607440713595,0.00040932607440713595,1.0,0.0,1.0,1.0,0
2104,29/01/2016,Rare Media,Technology,Mobile & Cloud based App developer,New Delhi,Info Edge (India) Ltd,Private Equity,"11,00,000",,2016-01-29,1100000.0,Rare Media,rare media,0.0,0.0,0,-1.0,1,0.0,1,0,Private Equity,Technology & SaaS,Delhi-NCR,0.000750938673341677,0.002301083933076535,0.00011362542004131888,0.00033460530249453915,0.00033460530249453915,1.0,0.0,1.0,1.0,0
3011,14/01/2015,RateGain,,,,TA Associates,Private Equity,"5,00,00,000",,2015-01-14,50000000.0,RateGain,rategain,0.0,0.0,0,-1.0,1,0.0,1,0,Private Equity,Other,Tier-2/Other,0.0,0.0,0.0,0.0,0.0,1.0,0.0,0.0,1.0,0
894,17/04/2017,Raw Pressery,Food & Beverages,Raw Pressed Juices manufacturer,Mumbai,Jacqueline Fernandez,Seed Funding,,,2017-04-17,,Raw Pressery,raw pressery,0.0,0.0,0,-1.0,1,0.0,2,1,Seed/Angel,Food & Beverage,Mumbai,0.0,0.0,0.0,0.0,0.0,1.0,0.0,0.0,1.0,0
557,23/10/2017,RAW Pressery,Food & Beverage,Cold pressed Juice maker,Mumbai,"DSG Consumer Partners, Sequoia Capital, Saama Capital",Private Equity,"60,00,000",,2017-10-23,6000000.0,RAW Pressery,raw pressery,0.0,0.0,1,189.0,0,189.0,2,1,Private Equity,Food & Beverage,Mumbai,0.004005006257822278,0.059859204892582674,0.09566198113272546,0.001413958516141685,0.0008063045703639312,3.0,1.0,1.0,1.0,0
182,20/08/2018,RawPressery,Consumer Internet,Online Organic Juice Delivery Service,Mumbai,Alteria Capital,Debt Funding,"48,00,000",,2018-08-20,4800000.0,RawPressery,rawpressery,0.0,0.0,0,-1.0,1,0.0,1,0,Debt,Consumer Internet & Media,Mumbai,0.0,0.0,0.0,0.0,0.0,1.0,0.0,0.0,1.0,0
1283,07/10/2016,RayIOT,Technology,Baby Monitoring Devices manufacturer,Bangalore,HAX Accelerator,Seed Funding,"1,00,000",,2016-10-07,100000.0,RayIOT,rayiot,0.0,0.0,0,-1.0,1,0.0,1,0,Seed/Angel,Technology & SaaS,Bengaluru,0.0025031289111389233,0.03180691231866443,0.01397423501569189,0.0009597977221441899,0.0009597977221441899,1.0,1.0,1.0,1.0,0
2912,23/03/2015,RazorPay,,,,Y Combinator,Seed Funding,"1,20,000",,2015-03-23,120000.0,RazorPay,razorpay,0.0,0.0,0,-1.0,1,0.0,5,1,Seed/Angel,Other,Tier-2/Other,0.00425531914893617,0.03704616522382135,0.1137077548087308,0.0015893753600148012,0.0015893753600148012,1.0,0.0,1.0,2.0,1
2798,25/05/2015,Razorpay,Online Payment Gateway,,Bangalore,Punit Soni,Seed Funding,,,2015-05-25,,Razorpay,razorpay,120000.0,120000.0,1,63.0,0,63.0,5,1,Seed/Angel,FinTech,Bengaluru,0.0,0.0,0.0,0.0,0.0,1.0,0.0,0.0,2.0,1
2363,26/10/2015,Razorpay,Online Payment Gateway,,Jaipur,"Tiger Global Management, Matrix Partners",Private Equity,"90,00,000",Series A,2015-10-26,9000000.0,Razorpay,razorpay,120000.0,120000.0,2,154.0,0,217.0,5,1,Private Equity,FinTech,Jaipur,0.005006257822277847,0.07287536754319783,0.18527724887454788,0.0017164247516392465,0.0009231456736591028,2.0,1.0,1.0,2.0,1
1500,01/07/2016,RazorPay,Consumer Internet,Online Payment Gateway,Bangalore,MasterCard,Private Equity,,,2016-07-01,,RazorPay,razorpay,9120000.0,9000000.0,3,249.0,0,466.0,5,1,Private Equity,Consumer Internet & Media,Bengaluru,0.0,0.0,0.0,0.0,0.0,1.0,0.0,0.0,2.0,1
403,12/01/2018,Razorpay,Technology,Payment Gateway,Bengaluru,"Tiger Global, Y Combinator",Private Equity,"2,00,00,000",,2018-01-12,20000000.0,Razorpay,razorpay,9120000.0,9000000.0,4,560.0,0,1026.0,5,1,Private Equity,Technology & SaaS,Bengaluru,0.005006257822277847,0.07287536754319783,0.18527724887454788,0.0017164247516392465,0.001652900055827024,2.0,1.0,1.0,2.0,1
2550,24/08/2015,rBus,Tech enabled AC bus service,,Mumbai,"India Quotient, Anupam Mittal & others",Seed Funding,,,2015-08-24,,rBus,rbus,0.0,0.0,0,-1.0,1,0.0,1,0,Seed/Angel,Other,Mumbai,0.0012515644555694616,0.0015831233045289707,0.0017614729921763422,0.000554745742038456,0.000554745742038456,2.0,0.0,1.0,1.0,0
1840,07/03/2016,Reach,Consumer Internet,Cross Platform P2P file sharing mobile app,Bangalore,"Rebright Partners, Sol Primero, Sudhir Anandarao, Ankur Warikoo, Ankur Singla",Seed Funding,"5,00,000",,2016-03-07,500000.0,Reach,reach,0.0,0.0,0,-1.0,1,0.0,1,0,Seed/Angel,Consumer Internet & Media,Bengaluru,0.000750938673341677,0.003196220928343446,0.004700096284675348,0.00032056487406524517,0.00032056487406524517,5.0,0.0,1.0,1.0,0
1280,06/10/2016,RealBox,Technology,Data Sciences Platform,Noida,Hyderabad Angels,Seed Funding,"3,00,000",,2016-10-06,300000.0,RealBox,realbox,0.0,0.0,0,-1.0,1,0.0,1,0,Seed/Angel,Technology & SaaS,Delhi-NCR,0.00025031289111389235,0.0,1.54413417595609e-07,0.00016435886649189237,0.00016435886649189237,1.0,0.0,1.0,1.0,0
80,04/06/2019,Recykal,Waste Management Service,Optimization,Hyderabad,"Triton Investment Advisors, Pidilite Industries director Ajay Parekh",pre-Series A,"2,60,00,000",,2019-06-04,26000000.0,Recykal,recykal,0.0,0.0,0,-1.0,1,0.0,1,0,Pre-Series A,Other,Hyderabad,0.0,0.0,0.0,0.0,0.0,2.0,0.0,0.0,1.0,0
931,02/03/2017,Red Carpet,Consumer Internet,Micro Lending platform,Gurgaon,Lightspeed Venture Partners,Private Equity,"25,00,000",,2017-03-02,2500000.0,Red Carpet,red carpet,0.0,0.0,0,-1.0,1,0.0,1,0,Private Equity,Consumer Internet & Media,Delhi-NCR,0.000750938673341677,0.002140516295368845,0.0010745970944144054,0.0003368274814566413,0.0003368274814566413,1.0,1.0,1.0,1.0,0
507,21/11/2017,RedBook,Technology,AI based pharmacy drugs insights platform,Mumbai,"Vida Ventures, Dr. Aniruddha Malpani",Seed/Angel Funding,"2,50,000",,2017-11-21,250000.0,RedBook,redbook,0.0,0.0,0,-1.0,1,0.0,1,0,Seed/Angel,Technology & SaaS,Mumbai,0.0,0.0,0.0,0.0,0.0,2.0,0.0,0.0,1.0,0
2468,30/09/2015,RedDoorz,Budget Accommodation Platform,,Noida,Jungle Ventures,Seed Funding,"10,00,000",,2015-09-30,1000000.0,RedDoorz,reddoorz,0.0,0.0,0,-1.0,1,0.0,2,1,Seed/Angel,Other,Delhi-NCR,0.001501877346683354,0.013589173215773223,0.010289474729885855,0.0005614148492715481,0.0005614148492715481,1.0,0.0,1.0,1.0,0
2067,20/01/2016,Reddoorz,Consumer Internet,Budget Accomodation Aggregator,New Delhi,500 Startups,Private Equity,,,2016-01-20,,Reddoorz,reddoorz,1000000.0,1000000.0,1,112.0,0,112.0,2,1,Private Equity,Consumer Internet & Media,Delhi-NCR,0.0,0.0,0.0,0.0,0.0,1.0,0.0,0.0,1.0,0
1011,10/02/2017,Redesyn,Consumer Internet,Tech Enabler for Artists,Mumbai,ThinQbate,Seed Funding,,,2017-02-10,,Redesyn,redesyn,0.0,0.0,0,-1.0,1,0.0,1,0,Seed/Angel,Consumer Internet & Media,Mumbai,0.0,0.0,0.0,0.0,0.0,1.0,0.0,0.0,2.0,1
2782,14/05/2015,RedPolka,Online Fashion Aggregator,,Mumbai,Undisclosed Investors,Seed Funding,"2,50,000",,2015-05-14,250000.0,RedPolka,redpolka,0.0,0.0,0,-1.0,1,0.0,1,0,Seed/Angel,Other,Mumbai,0.0,0.0,0.0,0.0,0.0,1.0,0.0,0.0,1.0,0
1598,11/06/2016,Redsun Telematics,Consumer Internet,Internet of Things Platform,Chennai,TVS Automobile Solutions Ltd,Private Equity,,,2016-06-11,,Redsun Telematics,redsun telematics,0.0,0.0,0,-1.0,1,0.0,1,0,Private Equity,Consumer Internet & Media,Chennai,0.0,0.0,0.0,0.0,0.0,1.0,0.0,0.0,1.0,0
3015,19/01/2015,Refiral,,,,Cogent E Services,Seed Funding,"3,30,000",,2015-01-19,330000.0,Refiral,refiral,0.0,0.0,0,-1.0,1,0.0,1,0,Seed/Angel,Other,Tier-2/Other,0.00025031289111389235,0.0,0.002253627186395401,0.0001310338692853393,0.0001310338692853393,1.0,0.0,1.0,1.0,0
1115,31/01/2017,Register My Marriage,Consumer Internet,Online Marriage Registration services,New Delhi,Mumbai Angels,Seed Funding,,,2017-01-31,,Register My Marriage,register my marriage,0.0,0.0,0,-1.0,1,0.0,1,0,Seed/Angel,Consumer Internet & Media,Delhi-NCR,0.0017521902377972466,0.010975312042205362,0.00961306277325317,0.0007274642447918312,0.0007274642447918312,1.0,0.0,1.0,1.0,0
2867,29/04/2015,ReGlobe,Used Gadgets Buy / Refurbishing,,Gurgaon,"Bessemer Ventures, Blume Ventures",Seed Funding,"10,00,000",,2015-04-29,1000000.0,ReGlobe,reglobe,0.0,0.0,0,-1.0,1,0.0,1,0,Seed/Angel,Other,Delhi-NCR,0.00025031289111389235,0.0,2.4573577241560827e-06,0.00014531887003520802,0.00014531887003520802,2.0,1.0,1.0,1.0,0
16,11/12/2019,Rein Games,Gaming,Real money based gaming startup,Noida,Manipal Education and Medical Group (MEMG),Seed Round,"5,00,00,000",,2019-12-11,50000000.0,Rein Games,rein games,0.0,0.0,0,-1.0,1,0.0,1,0,Seed/Angel,Consumer Internet & Media,Delhi-NCR,0.0,0.0,0.0,0.0,0.0,1.0,0.0,0.0,1.0,0
2051,15/01/2016,Remidio,Healthcare,Healthcare Product Manufacturer,Bangalore,Cipher-Plexus Capital Advisors & Indian HNIs,Private Equity,,,2016-01-15,,Remidio,remidio,0.0,0.0,0,-1.0,1,0.0,1,0,Private Equity,Healthcare,Bengaluru,0.00025031289111389235,0.0,2.2213171803151287e-05,0.00015045598431541468,0.00015045598431541468,1.0,0.0,1.0,1.0,0
820,12/05/2017,Remit Guru,Consumer Internet,Digital money transfer platform,Mumbai,"Infibeam, CCavenue",Private Equity,"4,66,000",,2017-05-12,466000.0,Remit Guru,remit guru,0.0,0.0,0,-1.0,1,0.0,1,0,Private Equity,Consumer Internet & Media,Mumbai,0.0,0.0,0.0,0.0,0.0,2.0,0.0,0.0,1.0,0
1272,04/10/2016,Remitr,Consumer Internet,Foreign Currency Payments Platform,Mumbai,"Vijay Shekhar Sharma, Pravin Gandhi,\\xc2\\xa0 Smart Start Fund; Kunal Shah,\\xc2\\xa0 Sandeep Tandon, Vishal Gondal, & Others",Seed Funding,"10,00,000",,2016-10-04,1000000.0,Remitr,remitr,0.0,0.0,0,-1.0,1,0.0,1,0,Seed/Angel,Consumer Internet & Media,Mumbai,0.000750938673341677,0.00471909365926236,0.0014597492225774918,0.0003333108063015668,0.0003333108063015668,6.0,0.0,1.0,1.0,0
2973,20/02/2015,Renderlogy,,,,Brick Eagle,Private Equity,"16,00,000",Series A,2015-02-20,1600000.0,Renderlogy,renderlogy,0.0,0.0,0,-1.0,1,0.0,2,1,Private Equity,Other,Tier-2/Other,0.0,0.0,0.0,0.0,0.0,1.0,0.0,0.0,1.0,0
2803,26/05/2015,Renderlogy,Online Home D\\xc3\\xa9cor,,Hyderabad,Astarc Ventures,Private Equity,"10,00,000",Series A,2015-05-26,1000000.0,Renderlogy,renderlogy,1600000.0,1600000.0,1,95.0,0,95.0,2,1,Private Equity,Other,Hyderabad,0.0,0.0,0.0,0.0,0.0,1.0,0.0,0.0,1.0,0
550,16/10/2017,Renew Buy,Consumer Internet,Online Insurance Aggregator,New Delhi,Amicus Capital,Private Equity,"92,00,000",,2017-10-16,9200000.0,Renew Buy,renew buy,0.0,0.0,0,-1.0,1,0.0,1,0,Private Equity,Consumer Internet & Media,Delhi-NCR,0.00025031289111389235,0.0,3.967735859878879e-05,0.0001348192249534432,0.0001348192249534432,1.0,0.0,1.0,1.0,0
2231,11/11/2015,RenewBuy,Auto Insurance Online platform,,Gurgaon,Mount Nathan Advisors Pte Ltd,Seed Funding,"5,00,000",,2015-11-11,500000.0,RenewBuy,renewbuy,0.0,0.0,0,-1.0,1,0.0,3,1,Seed/Angel,Other,Delhi-NCR,0.0,0.0,0.0,0.0,0.0,1.0,0.0,0.0,2.0,1
1774,15/04/2016,RenewBuy,Consumer Internet,Online Car & Bike Insurance Comparison portal,New Delhi,Mount Nathan Advisors,Seed Funding,"10,00,000",,2016-04-15,1000000.0,RenewBuy,renewbuy,500000.0,500000.0,1,156.0,0,156.0,3,1,Seed/Angel,Consumer Internet & Media,Delhi-NCR,0.0,0.0,0.0,0.0,0.0,1.0,0.0,0.0,2.0,1
62,02/07/2019,RenewBuy,Finance,Auto Insurance,Gurgaon,"Lok Capital, IIFL Wealth",Series B,"1,90,00,000",,2019-07-02,19000000.0,RenewBuy,renewbuy,1500000.0,1000000.0,2,1173.0,0,1329.0,3,1,Series B,FinTech,Delhi-NCR,0.0005006257822277847,0.0016508758574782646,0.014350896427841901,0.00020231593909385992,0.00017351187268256852,2.0,0.0,1.0,2.0,1
500,15/11/2017,Reniso,Technology,End-to-End property management for landlords living away,New Delhi,"Nishit Sharma, Alok Srivastava",Seed Funding,,,2017-11-15,,Reniso,reniso,0.0,0.0,0,-1.0,1,0.0,1,0,Seed/Angel,Technology & SaaS,Delhi-NCR,0.0,0.0,0.0,0.0,0.0,2.0,0.0,0.0,1.0,0
2410,11/09/2015,Renomania,Home Design & D\\xc3\\xa9cor platform,,New Delhi,Subodh Gupta,Seed Funding,,,2015-09-11,,Renomania,renomania,0.0,0.0,0,-1.0,1,0.0,1,0,Seed/Angel,Other,Delhi-NCR,0.0,0.0,0.0,0.0,0.0,1.0,0.0,0.0,1.0,0
2237,16/11/2015,Renowala,Home Improvement Service platform,,Hyderabad,Logtally,Seed Funding,,,2015-11-16,,Renowala,renowala,0.0,0.0,0,-1.0,1,0.0,2,1,Seed/Angel,Other,Hyderabad,0.0,0.0,0.0,0.0,0.0,1.0,0.0,0.0,1.0,0
1342,01/09/2016,Renowala,eCommerce,Home Improvement Marketplace,Hyderabad,Pradeep Dhobale,Seed Funding,,,2016-09-01,,Renowala,renowala,0.0,0.0,1,290.0,0,290.0,2,1,Seed/Angel,E-Commerce,Hyderabad,0.0,0.0,0.0,0.0,0.0,1.0,0.0,0.0,1.0,0
1307,17/10/2016,Rentalpha,Others,equipment rental and leasing company,Mumbai,Bravia Capital,Private Equity,"1,60,00,000",,2016-10-17,16000000.0,Rentalpha,rentalpha,0.0,0.0,0,-1.0,1,0.0,1,0,Private Equity,Other,Mumbai,0.0,0.0,0.0,0.0,0.0,1.0,0.0,0.0,1.0,0
1688,09/05/2016,Rentickle,eCommerce,"Furniture, appliances Portal",New Delhi,"Manish Kheterpal, Vinay Mittal, Dinesh Mittal, Sandeep Gupta",Seed Funding,"2,50,000",,2016-05-09,250000.0,Rentickle,rentickle,0.0,0.0,0,-1.0,1,0.0,1,0,Seed/Angel,E-Commerce,Delhi-NCR,0.0,0.0,0.0,0.0,0.0,4.0,0.0,0.0,1.0,0
1536,13/07/2016,RentMojo,Consumer Internet,Online Furniture Renting Platform,Bangalore,"Accel Partners, IDG Ventures India",Private Equity,"50,00,000",,2016-07-13,5000000.0,RentMojo,rentmojo,0.0,0.0,0,-1.0,1,0.0,1,0,Private Equity,Consumer Internet & Media,Bengaluru,0.0025031289111389233,0.03180691231866443,0.01397423501569189,0.0009597977221441899,0.0009597977221441899,2.0,1.0,1.0,1.0,0
2042,13/01/2016,Rentomo,Consumer Internet,peer-to-peer renting Marketplace,Bangalore,Shiva Ashok & Other unnamed investors,Seed Funding,"1,00,000",,2016-01-13,100000.0,Rentomo,rentomo,0.0,0.0,0,-1.0,1,0.0,1,0,Seed/Angel,Consumer Internet & Media,Bengaluru,0.0,0.0,0.0,0.0,0.0,1.0,0.0,0.0,1.0,0
2264,23/11/2015,RentoMojo,"Online Furniture, Home Appliances Rental Platform",,Bangalore,"IDG Ventures India,\\xc2\\xa0 Accel Partners India",Private Equity,"20,00,000",Series A,2015-11-23,2000000.0,RentoMojo,rentomojo,0.0,0.0,0,-1.0,1,0.0,2,1,Private Equity,Other,Bengaluru,0.0025031289111389233,0.03180691231866443,0.01397423501569189,0.0009597977221441899,0.0009597977221441899,2.0,1.0,1.0,1.0,1
704,19/07/2017,Rentomojo,Consumer Internet,Consumer Leasing Platform,Bangalore,"ain Capital Ventures, Renaud Laplanche",Private Equity,"1,00,00,000",,2017-07-19,10000000.0,Rentomojo,rentomojo,2000000.0,2000000.0,1,604.0,0,604.0,2,1,Private Equity,Consumer Internet & Media,Bengaluru,0.0,0.0,0.0,0.0,0.0,2.0,0.0,0.0,1.0,1
2178,22/12/2015,RentOnGo,"Bike, Appliances Renting marketplace",,Bangalore,"Anand Chandrasekaran, Rajesh Sawhney, Kalpana Tatavarti, Shivanandan Pare",Seed Funding,,,2015-12-22,,RentOnGo,rentongo,0.0,0.0,0,-1.0,1,0.0,2,1,Seed/Angel,E-Commerce,Bengaluru,0.0,0.0,0.0,0.0,0.0,4.0,0.0,0.0,1.0,0
722,02/06/2017,RentOnGo,eCommerce,"Online Marketplace for Renting Bikes, Electronics & Appliances",Bangalore,TVS Motor Company,Seed Funding,"2,34,000",,2017-06-02,234000.0,RentOnGo,rentongo,0.0,0.0,1,528.0,0,528.0,2,1,Seed/Angel,E-Commerce,Bengaluru,0.00025031289111389235,0.0,2.6345476873835807e-07,0.00015474954388701998,0.00015474954388701998,1.0,0.0,1.0,1.0,0
1955,15/02/2016,RentSher,Consumer Internet,Online Household Product Rental platform,Bangalore,"Vaibhav Doshi, Abhay Singhal, Vibhu Garg, Joby Babu, Abhishek Acharya, Manish Shah",Seed Funding,"3,00,000",,2016-02-15,300000.0,RentSher,rentsher,0.0,0.0,0,-1.0,1,0.0,2,1,Seed/Angel,Consumer Internet & Media,Bengaluru,0.0,0.0,0.0,0.0,0.0,6.0,0.0,0.0,1.0,0
246,19/06/2018,RentSher,Consumer Internet,Online Rental Marketplace,Bengaluru,"Shorooq Investments, LetsVenture & Others",Seed/ Angel Funding,"11,00,000",,2018-06-19,1100000.0,RentSher,rentsher,300000.0,300000.0,1,855.0,0,855.0,2,1,Seed/Angel,Consumer Internet & Media,Bengaluru,0.00025031289111389235,0.0,0.0014541392121809268,0.00013664812728624517,0.00013664812728624517,2.0,0.0,1.0,1.0,0
1415,01/08/2016,RepairEasy,Consumer Internet,Gadget Repair Services Platform,Pune,Undisclosed HNIs,Seed Funding,"2,75,000",,2016-08-01,275000.0,RepairEasy,repaireasy,0.0,0.0,0,-1.0,1,0.0,1,0,Seed/Angel,Consumer Internet & Media,Pune,0.00025031289111389235,0.0,1.54413417595609e-07,0.00016435886649189237,0.00016435886649189237,1.0,0.0,1.0,1.0,0
2402,08/09/2015,ReportBee,Smart Report Cards for Schools,,Chennai,India Educational Investment Fund,Seed Funding,,,2015-09-08,,ReportBee,reportbee,0.0,0.0,0,-1.0,1,0.0,1,0,Seed/Angel,Other,Chennai,0.0,0.0,0.0,0.0,0.0,1.0,0.0,0.0,1.0,0
2214,06/11/2015,RepUp,Online Reputation Management Platform,,Gurgaon,Indian Angel Network,Seed Funding,,,2015-11-06,,RepUp,repup,0.0,0.0,0,-1.0,1,0.0,1,0,Seed/Angel,Other,Delhi-NCR,0.002002503128911139,0.01032696862918804,0.03555811791464255,0.0008020854002554353,0.0008020854002554353,1.0,0.0,1.0,1.0,0
2472,01/08/2015,Ressy,Restaurant Discount app,,Pune,Mohandas Pai & others,Seed Funding,"4,00,000",,2015-08-01,400000.0,Ressy,ressy,0.0,0.0,0,-1.0,1,0.0,1,0,Seed/Angel,Food & Beverage,Pune,0.0,0.0,0.0,0.0,0.0,1.0,0.0,0.0,1.0,0
1625,21/06/2016,REstate,Consumer Internet,Real Estate Platform,Bangalore,Idein Ventures,Seed Funding,,,2016-06-21,,REstate,restate,0.0,0.0,0,-1.0,1,0.0,1,0,Seed/Angel,Consumer Internet & Media,Bengaluru,0.0,0.0,0.0,0.0,0.0,1.0,0.0,0.0,1.0,0
2739,24/06/2015,Retention.ai,App Analytics platform,,Bangalore,"Mercury Fund, Anshu Sharma, Pratyush Prasanna, Robert Winters & others",Seed Funding,"5,00,000",,2015-06-24,500000.0,Retention.ai,retention.ai,0.0,0.0,0,-1.0,1,0.0,1,0,Seed/Angel,Other,Bengaluru,0.0,0.0,0.0,0.0,0.0,4.0,0.0,0.0,1.0,0
2570,01/07/2015,Retigence Technologies,Business IT Intelligence Services,,Mumbai,Omnivore Partners,Private Equity,,Series A,2015-07-01,,Retigence Technologies,retigence,0.0,0.0,0,-1.0,1,0.0,1,0,Private Equity,Other,Mumbai,0.001501877346683354,0.01232376722051922,0.025036897071613846,0.0005892053483365319,0.0005892053483365319,1.0,0.0,1.0,1.0,0
2567,31/08/2015,Reverie,Language Localization Cloud platform,,Bangalore,"Aspada Investment Advisors, Qualcomm Ventures",Private Equity,"40,00,000",Series A,2015-08-31,4000000.0,Reverie,reverie,0.0,0.0,0,-1.0,1,0.0,1,0,Private Equity,Other,Bengaluru,0.0005006257822277847,0.0012624694237852398,0.0019601863479076207,0.00022612319656148215,0.00022612319656148215,2.0,0.0,1.0,1.0,0
1131,07/12/2016,Revv,Consumer Internet,Self-Driven Car Services booking portal,New Delhi,Edelweiss Private Equity,Private Equity,"90,00,000",,2016-12-07,9000000.0,Revv,revv,0.0,0.0,0,-1.0,1,0.0,2,1,Private Equity,Consumer Internet & Media,Delhi-NCR,0.00025031289111389235,0.0,0.00011501179015951749,0.00012662338701867522,0.00012662338701867522,1.0,0.0,1.0,1.0,0
184,22/08/2018,Revv,Consumer Internet,Online Indian Car Rental Platform,Gurugram,"Hyundai, Edelweiss and Beenext, Dream Incubator, Sunjay Kapoor and Telama Investment",Private Equity,"1,42,70,000",,2018-08-22,14270000.0,Revv,revv,9000000.0,9000000.0,1,623.0,0,623.0,2,1,Private Equity,Consumer Internet & Media,Delhi-NCR,0.002252816020025031,0.026666534645510814,0.01377356864908714,0.0008378082004402911,0.0004847924431339238,4.0,0.0,1.0,1.0,0
2553,25/08/2015,RevX,Cross-channel CRM platform,,Mumbai,"Norwest Venture Partners, Nexus Venture Partners, Helion Venture Partners, Draper Fisher Jurvetson, Peepul Capital",Private Equity,"40,00,000",Series A,2015-08-25,4000000.0,RevX,revx,0.0,0.0,0,-1.0,1,0.0,1,0,Private Equity,Other,Mumbai,0.0010012515644555694,0.0019344325116446817,0.004810399254406555,0.0003916403585052038,0.00022219587538788895,5.0,1.0,1.0,1.0,0
1547,15/07/2016,Ridlr,Consumer Internet,Public Transport Mobile App,Mumbai,"Times Internet, Innoven Capital, Matrix Partners India, Qualcomm Ventures",Private Equity,"60,00,000",,2016-07-15,6000000.0,Ridlr,ridlr,0.0,0.0,0,-1.0,1,0.0,1,0,Private Equity,Consumer Internet & Media,Mumbai,0.001501877346683354,0.014143283023837369,0.031913120524109655,0.0005258266880856241,0.0002939388267753551,4.0,1.0,1.0,1.0,0
2168,17/12/2015,Rivigo,Logistics Services Provider,,Gurgaon,SAIF Partners and others,Private Equity,"3,00,00,000",Series B (includes Debt financing),2015-12-17,30000000.0,Rivigo,rivigo,0.0,0.0,0,-1.0,1,0.0,4,1,Private Equity,Logistics & Mobility,Delhi-NCR,0.000750938673341677,0.0042731615220654,0.0014112094183159625,0.00029227224578136433,0.00029227224578136433,1.0,1.0,1.0,1.0,0
1203,07/11/2016,Rivigo,Technology,Technology based Logistics platform,Gurgaon,Warburg Pincus,Private Equity,"7,50,00,000",,2016-11-07,75000000.0,Rivigo,rivigo,30000000.0,30000000.0,1,326.0,0,326.0,4,1,Private Equity,Technology & SaaS,Delhi-NCR,0.0005006257822277847,0.0039722126054587215,0.0027018288942185537,0.00019595513752895062,0.00019595513752895062,1.0,0.0,1.0,1.0,0
949,08/03/2017,Rivigo,Logistics,Technology Enabled Logistics Company,Gurgaon,Private Sector Banks (Debt Funding),Private Equity,"1,50,00,000",,2017-03-08,15000000.0,Rivigo,rivigo,105000000.0,75000000.0,2,121.0,0,447.0,4,1,Private Equity,Logistics & Mobility,Delhi-NCR,0.0,0.0,0.0,0.0,0.0,1.0,0.0,0.0,1.0,0
11,13/12/2019,Rivigo,Technology,Logistics Services and Solutions,Gurgaon,"SAIF Partners, Spring Canter Investment Ltd.",Series F,"2,00,00,000",,2019-12-13,20000000.0,Rivigo,rivigo,120000000.0,15000000.0,3,1010.0,0,1457.0,4,1,Late Stage (C+),Technology & SaaS,Delhi-NCR,0.000750938673341677,0.0042731615220654,0.0014112094183159625,0.00029227224578136433,0.00029227224578136433,2.0,1.0,1.0,1.0,0
1949,12/02/2016,RKSV,Consumer Internet,Online Stock Trading Platform,Mumbai,Kalaari Capital,Private Equity,"40,00,000",,2016-02-12,4000000.0,RKSV,rksv,0.0,0.0,0,-1.0,1,0.0,1,0,Private Equity,Consumer Internet & Media,Mumbai,0.0025031289111389233,0.013397154605961893,0.0017630362707794693,0.0010197165577911919,0.0010197165577911919,1.0,1.0,1.0,1.0,0
1101,25/01/2017,RML Agtech,Technology,Agri Decision Support Solution for farmers,Pune,IvyCap Ventures,Private Equity,"40,00,000",,2017-01-25,4000000.0,RML Agtech,rml agtech,0.0,0.0,0,-1.0,1,0.0,1,0,Private Equity,Technology & SaaS,Pune,0.0010012515644555694,0.0025562052263307694,9.695382383805698e-05,0.00042674507745196256,0.00042674507745196256,1.0,0.0,1.0,1.0,0
346,28/03/2018,Roadcast,Technology,Fleet management and asset monitoring platform,Delhi,,Private Equity,"2,50,000",,2018-03-28,250000.0,Roadcast,roadcast,0.0,0.0,0,-1.0,1,0.0,1,0,Private Equity,Technology & SaaS,Delhi-NCR,0.0,0.0,0.0,0.0,0.0,0.0,0.0,0.0,1.0,0
1913,03/02/2016,RoadGods,ECommerce,Auto Spare Parts eTailer,New Delhi,Green House Ventures (GHV),Seed Funding,"1,00,000",,2016-02-03,100000.0,RoadGods,roadgods,0.0,0.0,0,-1.0,1,0.0,1,0,Seed/Angel,E-Commerce,Delhi-NCR,0.0,0.0,0.0,0.0,0.0,1.0,0.0,0.0,1.0,0
2622,15/07/2015,Roadrunnr,Hyper local logistics platform,,Bangalore,"Sequoia Capital, Nexus Venture Partners, Blume Ventures",Private Equity,"1,10,00,000",Series A,2015-07-15,11000000.0,Roadrunnr,roadrunnr,0.0,0.0,0,-1.0,1,0.0,2,1,Private Equity,Logistics & Mobility,Bengaluru,0.004005006257822278,0.059859204892582674,0.09566198113272546,0.001413958516141685,0.0005598030914759087,3.0,1.0,1.0,1.0,0
2367,27/10/2015,Roadrunnr,Hyperlocal Logistics Service,,Bangalore,"Sequoia Capital, Nexus Venture Partners",Private Equity,"1,00,00,000",Series B,2015-10-27,10000000.0,Roadrunnr,roadrunnr,11000000.0,11000000.0,1,104.0,0,104.0,2,1,Private Equity,Logistics & Mobility,Bengaluru,0.004005006257822278,0.059859204892582674,0.09566198113272546,0.001413958516141685,0.0007670452021962589,2.0,1.0,1.0,1.0,0
1063,13/01/2017,Roambee,Technology,IoT smart Logistics and Asset Management Company,Mumbai,Deutsche Telekom Strategic Investments & Others,Private Equity,"41,00,000",,2017-01-13,4100000.0,Roambee,roambee,0.0,0.0,0,-1.0,1,0.0,1,0,Private Equity,Technology & SaaS,Mumbai,0.000750938673341677,0.005316817904266545,0.0035094163416045663,0.0003029236949897748,0.0003029236949897748,1.0,0.0,1.0,1.0,0
1726,25/05/2016,Roast,Consumer Internet,Mobile entertainment App,New Delhi,Indian Angel Network,Seed Funding,,,2016-05-25,,Roast,roast,0.0,0.0,0,-1.0,1,0.0,1,0,Seed/Angel,Consumer Internet & Media,Delhi-NCR,0.002002503128911139,0.01032696862918804,0.03555811791464255,0.0008020854002554353,0.0008020854002554353,1.0,0.0,1.0,1.0,0
2841,17/04/2015,Robosoft,Mobile App Development,,Udupi,"Ascent Capital, Kalaari Capital",Private Equity,"1,20,00,000",Series B,2015-04-17,12000000.0,Robosoft,robosoft,0.0,0.0,0,-1.0,1,0.0,1,0,Private Equity,Other,Tier-2/Other,0.0025031289111389233,0.013397154605961893,0.0017630362707794693,0.0010197165577911919,0.0005920377121415421,2.0,1.0,1.0,1.0,0
1294,13/10/2016,RoboVac,Technology,waterless car washing solution,Ahmedabad,Virendra Patel,Seed Funding,"4,50,000",,2016-10-13,450000.0,RoboVac,robovac,0.0,0.0,0,-1.0,1,0.0,1,0,Seed/Angel,Technology & SaaS,Ahmedabad,0.0,0.0,0.0,0.0,0.0,1.0,0.0,0.0,1.0,0
2301,05/10/2015,Rock N Shop,Premium Apparel shopping portal,,New Delhi,High Networth Individuals (undisclosed),Seed Funding,"1,50,000",,2015-10-05,150000.0,Rock N Shop,rock n shop,0.0,0.0,0,-1.0,1,0.0,1,0,Seed/Angel,Other,Delhi-NCR,0.0,0.0,0.0,0.0,0.0,1.0,0.0,0.0,1.0,0
266,21/05/2018,Rocketium,Technology,Online Video Creation Platform,Bengaluru,Blume ventures,Seed/ Angel Funding,"3,00,000",,2018-05-21,300000.0,Rocketium,rocketium,0.0,0.0,0,-1.0,1,0.0,1,0,Seed/Angel,Technology & SaaS,Bengaluru,0.00025031289111389235,0.0,2.4573577241560827e-06,0.00014531887003520802,0.00014531887003520802,1.0,1.0,1.0,1.0,0
2043,13/01/2016,Roder,Consumer Internet,inter-city cab aggregator,New Delhi,Unicorn India Ventures,Seed Funding,"2,40,000",,2016-01-13,240000.0,Roder,roder,0.0,0.0,0,-1.0,1,0.0,1,0,Seed/Angel,Consumer Internet & Media,Delhi-NCR,0.00025031289111389235,0.0,3.9377968408257e-06,0.0001475271348715769,0.0001475271348715769,1.0,0.0,1.0,1.0,0
1745,04/04/2016,Roll Mafia,Food & Beverage,Rolls & Biryanis QSR chain,Pune,Equentia Natural Resource & Other undisclosed investors,Seed Funding,,,2016-04-04,,Roll Mafia,roll mafia,0.0,0.0,0,-1.0,1,0.0,1,0,Seed/Angel,Food & Beverage,Pune,0.0,0.0,0.0,0.0,0.0,1.0,0.0,0.0,1.0,0
2564,28/08/2015,RollMafia,QSR Restaurant Chain,,Pune,Equentia Natural Resources,Seed Funding,"1,60,000",,2015-08-28,160000.0,RollMafia,rollmafia,0.0,0.0,0,-1.0,1,0.0,1,0,Seed/Angel,Food & Beverage,Pune,0.0,0.0,0.0,0.0,0.0,1.0,0.0,0.0,1.0,0
2421,15/09/2015,Room on Call,Branded Budget Hotel Marketplace,,Noida,Payal Syal,Seed Funding,"3,00,000",,2015-09-15,300000.0,Room on Call,room on call,0.0,0.0,0,-1.0,1,0.0,2,1,Seed/Angel,E-Commerce,Delhi-NCR,0.0,0.0,0.0,0.0,0.0,1.0,0.0,0.0,1.0,0
1880,21/03/2016,Room On Call,Consumer Internet,Budget hotel aggregator,Gurgaon,CASHurDRIVE Marketing Pvt Ltd,Private Equity,"20,00,000",,2016-03-21,2000000.0,Room On Call,room on call,300000.0,300000.0,1,188.0,0,188.0,2,1,Private Equity,Consumer Internet & Media,Delhi-NCR,0.0,0.0,0.0,0.0,0.0,1.0,0.0,0.0,1.0,0
2396,04/09/2015,RoomCentral,Cloud-based Hotel Booking Platform,,Bangalore,Karanpal Singh,Seed Funding,"20,00,000",,2015-09-04,2000000.0,RoomCentral,roomcentral,0.0,0.0,0,-1.0,1,0.0,1,0,Seed/Angel,Other,Bengaluru,0.0,0.0,0.0,0.0,0.0,1.0,0.0,0.0,1.0,0
2116,02/12/2015,RoomsTonite,Last Minute Hotel Booking App,,Bangalore,"Lashit Sanghvi, Nikhil Vora, Venkat Vardhan,Mohammed Bin Abdul Rehman Al Khalifa,\\xc2\\xa0 Ralph Berezan, Vissal Mathew,\\xc2\\xa0 Balamurali Krishna",Seed Funding,"15,00,000",,2015-12-02,1500000.0,RoomsTonite,roomstonite,0.0,0.0,0,-1.0,1,0.0,1,0,Seed/Angel,Other,Bengaluru,0.0,0.0,0.0,0.0,0.0,7.0,0.0,0.0,1.0,0
659,20/08/2017,Rootefy,eCommerce,Building material online store,New Delhi,"Abhinav Gupta,",Seed Funding,"1,87,000",,2017-08-20,187000.0,Rootefy,rootefy,0.0,0.0,0,-1.0,1,0.0,1,0,Seed/Angel,E-Commerce,Delhi-NCR,0.0,0.0,0.0,0.0,0.0,1.0,0.0,0.0,1.0,0
1305,17/10/2016,Rooter,Consumer Internet,Sports Social Network mobile app,New Delhi,"Boman Irani, Dhruv Chitgopekar, Prantik Dasgupta",Seed Funding,,,2016-10-17,,Rooter,rooter,0.0,0.0,0,-1.0,1,0.0,2,1,Seed/Angel,Consumer Internet & Media,Delhi-NCR,0.0,0.0,0.0,0.0,0.0,3.0,0.0,0.0,1.0,0
993,31/03/2017,Rooter,Consumer Internet,Sports engagement platform,New Delhi,Intex Technologies,Private Equity,,,2017-03-31,,Rooter,rooter,0.0,0.0,1,165.0,0,165.0,2,1,Private Equity,Consumer Internet & Media,Delhi-NCR,0.0,0.0,0.0,0.0,0.0,1.0,0.0,0.0,1.0,0
2921,26/03/2015,Roposo.com,,,,"Tiger Global Management, Indian Quotient, Binny Bansal",Private Equity,"50,00,000",Series A,2015-03-26,5000000.0,Roposo.com,roposo,0.0,0.0,0,-1.0,1,0.0,4,1,Private Equity,Other,Tier-2/Other,0.005006257822277847,0.07287536754319783,0.18527724887454788,0.0017164247516392465,0.0009187471232805614,3.0,1.0,1.0,1.0,0
2533,18/08/2015,Roposo,Fashion Discovery platform,,Gurgaon,Tiger Global,Private Equity,"1,50,00,000",Series B,2015-08-18,15000000.0,Roposo,roposo,5000000.0,5000000.0,1,145.0,0,145.0,4,1,Private Equity,Other,Delhi-NCR,0.005006257822277847,0.07287536754319783,0.18527724887454788,0.0017164247516392465,0.0017164247516392465,1.0,1.0,1.0,1.0,0
1810,26/04/2016,Roposo,eCommerce,Social Fashion ECommerce Discovery platform,Gurgaon,Bertelsmann India Investments,Private Equity,"1,50,00,000",,2016-04-26,15000000.0,Roposo,roposo,20000000.0,15000000.0,2,252.0,0,397.0,4,1,Private Equity,E-Commerce,Delhi-NCR,0.00025031289111389235,0.0,3.63414446275521e-08,0.00017390235357615433,0.00017390235357615433,1.0,0.0,1.0,1.0,0
144,25/11/2018,Roposo,Social Media,Video Sharing,Delhi,Bertelsmann India Investments,Series B,"17,00,000",,2018-11-25,1700000.0,Roposo,roposo,35000000.0,15000000.0,3,943.0,0,1340.0,4,1,Series B,Consumer Internet & Media,Delhi-NCR,0.00025031289111389235,0.0,3.63414446275521e-08,0.00017390235357615433,0.00017390235357615433,1.0,0.0,1.0,1.0,0
2911,21/03/2015,Round One,,,,"HT Media, Arun Duggal",Seed Funding,,,2015-03-21,,Round One,round one,0.0,0.0,0,-1.0,1,0.0,1,0,Seed/Angel,Other,Tier-2/Other,0.0,0.0,0.0,0.0,0.0,2.0,0.0,0.0,1.0,0
2896,14/03/2015,Routofy,,,,"Kunal Bahl, Rohit Bansal",Seed Funding,,,2015-03-14,,Routofy,routofy,0.0,0.0,0,-1.0,1,0.0,1,0,Seed/Angel,Other,Tier-2/Other,0.00025031289111389235,0.0,0.00017941689575689057,0.0001301985770115292,0.0001301985770115292,2.0,0.0,1.0,1.0,0
2919,25/03/2015,Rozgar Mela,,,,"Impact Investment Holding, Upaya Social Ventures",Seed Funding,,,2015-03-25,,Rozgar Mela,rozgar mela,0.0,0.0,0,-1.0,1,0.0,1,0,Seed/Angel,Other,Tier-2/Other,0.00025031289111389235,0.0,5.005742896119195e-07,0.00015863277424133518,0.00015863277424133518,2.0,0.0,1.0,1.0,0
780,28/06/2017,Rubique,Consumer Internet,Online Marketplace for financial products,Mumbai,"Kalaari Capital, Udayan Goyal",Private Equity,"30,00,000",,2017-06-28,3000000.0,Rubique,rubique,0.0,0.0,0,-1.0,1,0.0,2,1,Private Equity,Consumer Internet & Media,Mumbai,0.0025031289111389233,0.013397154605961893,0.0017630362707794693,0.0010197165577911919,0.0010197165577911919,2.0,1.0,1.0,1.0,0
313,29/04/2018,Rubique,Consumer Internet,Online Lending MarketPlace,Mumbai,"Emery Capital, Blacksoil and Kalaari Capital",Private Equity,,,2018-04-29,,Rubique,rubique,3000000.0,3000000.0,1,305.0,0,305.0,2,1,Private Equity,Consumer Internet & Media,Mumbai,0.0025031289111389233,0.013397154605961893,0.0017630362707794693,0.0010197165577911919,0.0010197165577911919,2.0,1.0,1.0,1.0,0
407,17/01/2018,Rubix,Technology,Education,Pune,Polaris Fund,Private Equity,"10,00,000",,2018-01-17,1000000.0,Rubix,rubix,0.0,0.0,0,-1.0,1,0.0,1,0,Private Equity,Technology & SaaS,Pune,0.0,0.0,0.0,0.0,0.0,1.0,0.0,0.0,1.0,0
1488,29/08/2016,Runnr,Consumer Internet,hyperlocal Logistics services provider,Bangalore,"Nexus Venture Partners, Blume Ventures",Private Equity,"70,00,000",,2016-08-29,7000000.0,Runnr,runnr,0.0,0.0,0,-1.0,1,0.0,1,0,Private Equity,Consumer Internet & Media,Bengaluru,0.00025031289111389235,0.0,0.004643633114189387,0.00014531887003520802,0.0001327253791430204,2.0,1.0,1.0,1.0,0
1141,12/12/2016,Rupaiya Exchange,Consumer Internet,P2P Lending platform,New Delhi,Undisclosed Investors,Seed Funding,"2,00,000",,2016-12-12,200000.0,Rupaiya Exchange,rupaiya exchange,0.0,0.0,0,-1.0,1,0.0,1,0,Seed/Angel,Consumer Internet & Media,Delhi-NCR,0.0,0.0,0.0,0.0,0.0,1.0,0.0,0.0,1.0,0
363,09/02/2018,Rupeek,Consumer Internet,Online Gold Loan,Bengaluru,"Accel Partners, Sequoia Capital",Private Equity,"68,30,000",,2018-02-09,6830000.0,Rupeek,rupeek,0.0,0.0,0,-1.0,1,0.0,1,0,Private Equity,Consumer Internet & Media,Bengaluru,0.004005006257822278,0.059859204892582674,0.09566198113272546,0.001413958516141685,0.0011868781191429374,2.0,1.0,1.0,1.0,0
2272,25/11/2015,S Chand,Education Content Provider,,New Delhi,IFC Everstone Group,Private Equity,"2,70,00,000",,2015-11-25,27000000.0,S Chand,s chand,0.0,0.0,0,-1.0,1,0.0,1,0,Private Equity,EdTech,Delhi-NCR,0.0,0.0,0.0,0.0,0.0,1.0,0.0,0.0,1.0,0
2341,17/10/2015,S-Cube Futuretech,Structural & Civil Engg Service Automation,,Mumbai,Parampara Capital,Private Equity,"10,00,000",Series A,2015-10-17,1000000.0,S-Cube Futuretech,s-cube futuretech,0.0,0.0,0,-1.0,1,0.0,1,0,Private Equity,Other,Mumbai,0.00025031289111389235,0.0,0.006749369399702827,0.00013107607070514182,0.00013107607070514182,1.0,0.0,1.0,1.0,0
91,06/05/2019,Saahas Zero Waste,Waste Management Service,Optimization,Bengaluru,C4D Partners,Venture - Series Unknown,"8,68,600",,2019-05-06,868600.0,Saahas Zero Waste,saahas zero waste,0.0,0.0,0,-1.0,1,0.0,1,0,Other/Undisclosed,Other,Bengaluru,0.0005006257822277847,0.0012624694237852398,3.7727802401302004e-06,0.00024968146815634634,0.00024968146815634634,1.0,0.0,1.0,1.0,0
2676,02/06/2015,Saama,Big Data & Analytics Services,,Pune / US,Carrick Capital Partners,Private Equity,"3,50,00,000",Series A,2015-06-02,35000000.0,Saama,saama,0.0,0.0,0,-1.0,1,0.0,1,0,Private Equity,Other,Pune,0.0,0.0,0.0,0.0,0.0,1.0,0.0,0.0,1.0,0
2593,08/07/2015,Saavn,Music Streaming App,,Mumbai,"Tiger Global Management, Bertelsmann India, Steadview Capital, Liberty Media, Mousse Partners, Quilvest",Private Equity,"10,00,00,000",Series C,2015-07-08,100000000.0,Saavn,saavn,0.0,0.0,0,-1.0,1,0.0,2,1,Private Equity,Other,Mumbai,0.005006257822277847,0.07287536754319783,0.18527724887454788,0.0017164247516392465,0.0007574521912583589,6.0,1.0,1.0,1.0,0
1613,16/06/2016,Saavn,Consumer Internet,Web/Mobile Music Streaming service,USA,Guy Oseary,Private Equity,,,2016-06-16,,Saavn,saavn,100000000.0,100000000.0,1,344.0,0,344.0,2,1,Private Equity,Consumer Internet & Media,Tier-2/Other,0.0,0.0,0.0,0.0,0.0,1.0,0.0,0.0,1.0,0
2201,03/11/2015,Sabse,WiFi \xe2\x80\x93 first Cloud communication platform,,Mumbai,Ratan Tata,Private Equity,,,2015-11-03,,Sabse,sabse,0.0,0.0,0,-1.0,1,0.0,1,0,Private Equity,Other,Mumbai,0.0,0.0,0.0,0.0,0.0,1.0,0.0,0.0,1.0,0
888,13/04/2017,SafetyKart,eCommerce,Safety & Hygiene Products etailer,Gurgaon,Redcliffe Capital,Private Equity,,,2017-04-13,,SafetyKart,safetykart,0.0,0.0,0,-1.0,1,0.0,1,0,Private Equity,E-Commerce,Delhi-NCR,0.0,0.0,0.0,0.0,0.0,1.0,0.0,0.0,1.0,0
1553,19/07/2016,Sagacito,Technology,Cloud-Based Enterprise Solutions,New Delhi,Star India Pvt. Ltd,Private Equity,"1,00,00,000",,2016-07-19,10000000.0,Sagacito,sagacito,0.0,0.0,0,-1.0,1,0.0,1,0,Private Equity,Technology & SaaS,Delhi-NCR,0.0,0.0,0.0,0.0,0.0,1.0,0.0,0.0,1.0,0
401,10/01/2018,Sahajanand Medical Technologies,Technology,Medical Devices,Surat,Morgan Stanley Private Equity Asia,Private Equity,"3,62,30,000",,2018-01-10,36230000.0,Sahajanand Medical Technologies,sahajanand medical,0.0,0.0,0,-1.0,1,0.0,1,0,Private Equity,Technology & SaaS,Tier-2/Other,0.0005006257822277847,1.7548224715045032e-06,3.861719993442213e-07,0.00027083118669728943,0.00027083118669728943,1.0,0.0,1.0,1.0,0
2400,07/09/2015,Sahayog Dairy,Dairy Based Product Manufacturer,,Bhopal,Acumen Fund,Private Equity,"18,00,000",Series A,2015-09-07,1800000.0,Sahayog Dairy,sahayog dairy,0.0,0.0,0,-1.0,1,0.0,1,0,Private Equity,Technology & SaaS,Tier-2/Other,0.0,0.0,0.0,0.0,0.0,1.0,0.0,0.0,1.0,0
1960,16/02/2016,Salebhai,eCommerce,"Sweets, Eatables, Handicrafts Online Marketplace",Ahmedabad,"Virendra Shekhawat, Deepak Chokhani, Yogesh Patel & Others",Seed Funding,,,2016-02-16,,Salebhai,salebhai,0.0,0.0,0,-1.0,1,0.0,2,1,Seed/Angel,E-Commerce,Ahmedabad,0.0,0.0,0.0,0.0,0.0,3.0,0.0,0.0,1.0,0
1450,16/08/2016,SaleBhai,eCommerce,"Sweets, Dry Fruits & Handicrafts etailer",Ahmedabad,Brand Capital,Private Equity,"15,00,000",,2016-08-16,1500000.0,SaleBhai,salebhai,0.0,0.0,1,182.0,0,182.0,2,1,Private Equity,E-Commerce,Ahmedabad,0.0,0.0,0.0,0.0,0.0,1.0,0.0,0.0,1.0,0
201,11/07/2018,Sambandh,Consumer Internet,Online Micro Lending Platform,Rourkela,Base of Pyramid Asia (BOPA) Pte Ltd,Private Equity,"25,00,000",,2018-07-11,2500000.0,Sambandh,sambandh,0.0,0.0,0,-1.0,1,0.0,1,0,Private Equity,Consumer Internet & Media,Tier-2/Other,0.0,0.0,0.0,0.0,0.0,1.0,0.0,0.0,1.0,0
314,30/04/2018,Samco,Consumer Internet,Online Stock Broker,Mumbai,Bay Capital Investments and Others,Private Equity,"75,00,000",,2018-04-30,7500000.0,Samco,samco,0.0,0.0,0,-1.0,1,0.0,1,0,Private Equity,Consumer Internet & Media,Mumbai,0.0,0.0,0.0,0.0,0.0,1.0,0.0,0.0,1.0,0
167,02/08/2018,Samosa Labs,Consumer Internet,Social Media and Chat Entertainment Platform,Hyderabad,Xiaomi and Sequoia Capital India,Private Equity,"70,00,000",,2018-08-02,7000000.0,Samosa Labs,samosa labs,0.0,0.0,0,-1.0,1,0.0,1,0,Private Equity,Consumer Internet & Media,Hyderabad,0.004005006257822278,0.059859204892582674,0.09566198113272546,0.001413958516141685,0.001413958516141685,1.0,1.0,1.0,1.0,0
2527,17/08/2015,Sampurnearth,Waste Management Solutions,,Mumbai,"Intellecap Impact Investment Network, family office fund",Seed Funding,"1,60,000",,2015-08-17,160000.0,Sampurnearth,sampurnearth,0.0,0.0,0,-1.0,1,0.0,1,0,Seed/Angel,Other,Mumbai,0.0,0.0,0.0,0.0,0.0,2.0,0.0,0.0,1.0,0
400,10/01/2018,Samunnati,Finance,Agricultural Loan,Chennai,"responsAbility, Elevar Equity and Accel Partners",Private Equity,"2,35,00,000",,2018-01-10,23500000.0,Samunnati,samunnati,0.0,0.0,0,-1.0,1,0.0,1,0,Private Equity,FinTech,Chennai,0.000750938673341677,0.0018933281022911086,0.0017200359104022932,0.0003330140780723053,0.0002354687043159069,2.0,1.0,1.0,1.0,1
119,04/01/2019,Samunnati Financial Intermediation & Services Pvt. Ltd,Finance,Non-banking financial company,Chennai,"MASSIF, a Dutch government fund",Debt-Funding,"50,00,000",,2019-01-04,5000000.0,Samunnati Financial Intermediation & Services Pvt. Ltd,samunnati financial intermediation & services .,0.0,0.0,0,-1.0,1,0.0,1,0,Debt,FinTech,Chennai,0.0,0.0,0.0,0.0,0.0,2.0,0.0,0.0,1.0,0
2072,20/01/2016,Saral Designs,Healthcare,Women Hygiene Product Manufacturer,Mumbai,"Farooq Adam, Ambi Parameswaran,",Seed Funding,,,2016-01-20,,Saral Designs,saral designs,0.0,0.0,0,-1.0,1,0.0,1,0,Seed/Angel,Healthcare,Mumbai,0.0,0.0,0.0,0.0,0.0,2.0,0.0,0.0,1.0,0
852,31/05/2017,SastaSundar,eCommerce,Online Pharmacy,Kolkata,Rohto Pharmaceutical,Private Equity,"50,00,000",,2017-05-31,5000000.0,SastaSundar,sastasundar,0.0,0.0,0,-1.0,1,0.0,1,0,Private Equity,E-Commerce,Tier-2/Other,0.0,0.0,0.0,0.0,0.0,1.0,0.0,0.0,1.0,0
2984,25/02/2015,Sattviko,,,,"Sumit Jain, Rajat Jain, Sanjay Bhasin",Seed\\nFunding,"3,20,000",,2015-02-25,320000.0,Sattviko,sattviko,0.0,0.0,0,-1.0,1,0.0,3,1,Seed/Angel,Other,Tier-2/Other,0.0,0.0,0.0,0.0,0.0,3.0,0.0,0.0,1.0,0
1192,02/11/2016,Sattviko,Food & Beverage,Health Food Restaurant Chain,New Delhi,"Raman Roy, Ashish Gupta, Yogesh Andlay, Vaibhav Jain",Seed Funding,,,2016-11-02,,Sattviko,sattviko,320000.0,320000.0,1,616.0,0,616.0,3,1,Seed/Angel,Food & Beverage,Delhi-NCR,0.00025031289111389235,0.0,0.0010952179751230122,0.00012749926006189275,0.00012749926006189275,4.0,0.0,1.0,1.0,0
595,12/09/2017,Sattviko,eCommerce,Health Food etailer,New Delhi,"Raman Roy, Arvind Uppal, Sonu Bhasin, G Ravishankar",Seed Funding,,,2017-09-12,,Sattviko,sattviko,320000.0,320000.0,2,314.0,0,930.0,3,1,Seed/Angel,E-Commerce,Delhi-NCR,0.0,0.0,0.0,0.0,0.0,4.0,0.0,0.0,1.0,0
2215,06/11/2015,Satvacart,Online Grocery platform,,Gurgaon,Undisclosed HNIs,Private Equity,"18,00,000",Pre-Series A Bridge,2015-11-06,1800000.0,Satvacart,satvacart,0.0,0.0,0,-1.0,1,0.0,2,1,Private Equity,Other,Delhi-NCR,0.00025031289111389235,0.0,1.54413417595609e-07,0.00016435886649189237,0.00016435886649189237,1.0,0.0,1.0,1.0,0
1546,15/07/2016,SatvaCart,eCommerce,Online Grocers,New Delhi,"Abhijit Avasthi, Karan Chellani, SP Vijay",Seed Funding,,,2016-07-15,,SatvaCart,satvacart,1800000.0,1800000.0,1,252.0,0,252.0,2,1,Seed/Angel,E-Commerce,Delhi-NCR,0.0,0.0,0.0,0.0,0.0,3.0,0.0,0.0,1.0,0
1326,25/10/2016,SatvaKart,eCommerce,Online Grocery Etailer,Gurgaon,Nimit Panigrahi,Seed Funding,,,2016-10-25,,SatvaKart,satvakart,0.0,0.0,0,-1.0,1,0.0,1,0,Seed/Angel,E-Commerce,Delhi-NCR,0.0,0.0,0.0,0.0,0.0,1.0,0.0,0.0,1.0,0
612,21/09/2017,SaveBC,Finance,financial services firm,Gaya,Incofin Investment Management.,Private Equity,"60,00,000",,2017-09-21,6000000.0,SaveBC,savebc,0.0,0.0,0,-1.0,1,0.0,1,0,Private Equity,FinTech,Tier-2/Other,0.00025031289111389235,0.0,3.4278545050524794e-05,0.00014517464954712274,0.00014517464954712274,1.0,0.0,1.0,1.0,0
2035,11/01/2016,SavvyMob,ECommerce,Last Minute Hotel Bookings mobile marketplace,Bangalore,"TV Mohandas Pai, LetsVenture",Seed Funding,"10,00,000",,2016-01-11,1000000.0,SavvyMob,savvymob,0.0,0.0,0,-1.0,1,0.0,1,0,Seed/Angel,E-Commerce,Bengaluru,0.00025031289111389235,0.0,0.0014541392121809268,0.00013664812728624517,0.00013664812728624517,2.0,0.0,1.0,1.0,0
1990,24/02/2016,Sayfix,Consumer Internet,Hyperlocal Home Services Provider,Bangalore,Yajnanarayana Kammaje,Seed Funding,"1,60,000",,2016-02-24,160000.0,Sayfix,sayfix,0.0,0.0,0,-1.0,1,0.0,1,0,Seed/Angel,Consumer Internet & Media,Bengaluru,0.0,0.0,0.0,0.0,0.0,1.0,0.0,0.0,1.0,0
2311,07/10/2015,Scandid,Product Discovery & comparison App,,Pune,Micromax Informatics,Private Equity,,Strategic Funding,2015-10-07,,Scandid,scandid,0.0,0.0,0,-1.0,1,0.0,2,1,Private Equity,Other,Pune,0.0,0.0,0.0,0.0,0.0,1.0,0.0,0.0,1.0,0
1271,04/10/2016,Scandid,Consumer Internet,Product Shopping Comparison App,Pune,3One4 Capital,Private Equity,,,2016-10-04,,Scandid,scandid,0.0,0.0,1,363.0,0,363.0,2,1,Private Equity,Consumer Internet & Media,Pune,0.001501877346683354,0.023785097432873104,0.008421220328907532,0.0005483948331491189,0.0005483948331491189,1.0,0.0,1.0,1.0,0
425,30/01/2018,Scapic,Technology,Virtual Reality,Bengaluru,"Axilor Ventures, Newfort Capital",Angel / Seed Funding,"5,00,000",,2018-01-30,500000.0,Scapic,scapic,0.0,0.0,0,-1.0,1,0.0,1,0,Seed/Angel,Technology & SaaS,Bengaluru,0.0010012515644555694,0.0028383000031962837,0.0014169998952540074,0.0004588750969253953,0.0004588750969253953,2.0,0.0,1.0,1.0,0
1641,24/06/2016,Schedulers Logistics,Logistics,Cold Storage Logistics solutions,Mumbai,GVFL,Private Equity,"60,00,000",,2016-06-24,6000000.0,Schedulers Logistics,schedulers logistics,0.0,0.0,0,-1.0,1,0.0,1,0,Private Equity,Logistics & Mobility,Mumbai,0.0005006257822277847,0.0018922000021308557,0.0002128155007433365,0.00023514730585925598,0.00023514730585925598,1.0,0.0,1.0,1.0,0
2308,07/10/2015,SchoolGuru,E-Learning Service Provider,,Mumbai,High Networth Individuals from India & USA,Private Equity,"30,00,000",Series A,2015-10-07,3000000.0,SchoolGuru,schoolguru,0.0,0.0,0,-1.0,1,0.0,1,0,Private Equity,EdTech,Mumbai,0.0,0.0,0.0,0.0,0.0,1.0,0.0,0.0,1.0,0
1895,28/03/2016,Schoolkart,eCommerce,Online Marketplace for Schools,Noida,Undisclosed investors,Seed Funding,"3,00,000",,2016-03-28,300000.0,Schoolkart,schoolkart,0.0,0.0,0,-1.0,1,0.0,1,0,Seed/Angel,E-Commerce,Delhi-NCR,0.0,0.0,0.0,0.0,0.0,1.0,0.0,0.0,1.0,0
1692,10/05/2016,SchoolWear,eCommerce,School Uniform & Supplies Marketplace,Mumbai,Undisclosed investors,Seed Funding,"15,00,000",,2016-05-10,1500000.0,SchoolWear,schoolwear,0.0,0.0,0,-1.0,1,0.0,1,0,Seed/Angel,E-Commerce,Mumbai,0.0,0.0,0.0,0.0,0.0,1.0,0.0,0.0,1.0,0
1217,17/11/2016,Scienaptic,Technology,Data Analytics platform,Bangalore,Pramod Bhasin,Seed Funding,,,2016-11-17,,Scienaptic,scienaptic,0.0,0.0,0,-1.0,1,0.0,1,0,Seed/Angel,Technology & SaaS,Bengaluru,0.0,0.0,0.0,0.0,0.0,1.0,0.0,0.0,1.0,0
2247,18/11/2015,ScoopWhoop,Viral Content web Platform,,New Delhi,Kalaari Capital,Private Equity,"40,00,000",Series A,2015-11-18,4000000.0,ScoopWhoop,scoopwhoop,0.0,0.0,0,-1.0,1,0.0,1,0,Private Equity,Other,Delhi-NCR,0.0025031289111389233,0.013397154605961893,0.0017630362707794693,0.0010197165577911919,0.0010197165577911919,1.0,1.0,1.0,1.0,0
918,27/04/2017,Scootsy,Consumer Internet,On-Demand Food Delivery,Mumbai,"Agnus Capital, Khattar Holdings",Private Equity,"36,00,000",,2017-04-27,3600000.0,Scootsy,scootsy,0.0,0.0,0,-1.0,1,0.0,1,0,Private Equity,Consumer Internet & Media,Mumbai,0.00025031289111389235,0.0,1.353352185599358e-06,0.00015481537940763035,0.00015481537940763035,2.0,0.0,1.0,1.0,0
887,12/04/2017,ScoutMyTrip,Consumer Internet,Online Travel planner,Mumbai,Z Nation Lab,Seed Funding,,,2017-04-12,,ScoutMyTrip,scoutmytrip,0.0,0.0,0,-1.0,1,0.0,1,0,Seed/Angel,Consumer Internet & Media,Mumbai,0.0,0.0,0.0,0.0,0.0,1.0,0.0,0.0,1.0,0
2517,12/08/2015,Scripbox,Mutual Fund Investing platform,,Bangalore,"Accel Partners, Deep Kalra, Rajesh Magow, Mohit Gupta, Shamik Sharma",Private Equity,"25,00,000",Series A,2015-08-12,2500000.0,Scripbox,scripbox,0.0,0.0,0,-1.0,1,0.0,2,1,Private Equity,Other,Bengaluru,0.0025031289111389233,0.03180691231866443,0.01397423501569189,0.0009597977221441899,0.0004472638918292039,5.0,1.0,1.0,1.0,0
1660,30/06/2016,Scripbox,Consumer Internet,Online Mutual Fund Investment platform,Bangalore,"Omidyar Network, Accel Partners & existing investors",Private Equity,,,2016-06-30,,Scripbox,scripbox,2500000.0,2500000.0,1,323.0,0,323.0,2,1,Private Equity,Consumer Internet & Media,Bengaluru,0.0025031289111389233,0.03180691231866443,0.01397423501569189,0.0009597977221441899,0.0006790595926431137,2.0,1.0,1.0,1.0,0
1674,04/05/2016,Seclore,Technology,Enterprise Security Technology platform,Mumbai,"Sistema Asia Fund, Helion Venture, VentureEast, India Alternatives",Private Equity,"1,20,00,000",,2016-05-04,12000000.0,Seclore,seclore,0.0,0.0,0,-1.0,1,0.0,1,0,Private Equity,Technology & SaaS,Mumbai,0.00025031289111389235,0.0,0.00013803840184575106,0.00013119051310689684,0.00013119051310689684,4.0,0.0,1.0,1.0,0
1055,10/01/2017,Securens,Technology,e-surveillance services provider,Mumbai,"Mayfield India, Trifecta Capital",Private Equity,"50,00,000",,2017-01-10,5000000.0,Securens,securens,0.0,0.0,0,-1.0,1,0.0,1,0,Private Equity,Technology & SaaS,Mumbai,0.00025031289111389235,0.0,0.007851646982310443,0.00013105928853511366,0.00013105928853511366,2.0,0.0,1.0,1.0,0
1067,14/01/2017,SecururAX,Technology,Cloud-based solutions provider,Bangalore,"Axilor Ventures, Parampara Early Stage Opportunities Fund & Others",Private Equity,,,2017-01-14,,SecururAX,secururax,0.0,0.0,0,-1.0,1,0.0,1,0,Private Equity,Technology & SaaS,Bengaluru,0.0010012515644555694,0.0028383000031962837,0.006749369399702827,0.0004588750969253953,0.00029497558381526854,2.0,0.0,1.0,1.0,0
2758,05/05/2015,Seed Schools,Affordable Education,,Hyderabad,Acumen Fund,Seed Funding,"6,50,000",,2015-05-05,650000.0,Seed Schools,seed schools,0.0,0.0,0,-1.0,1,0.0,1,0,Seed/Angel,EdTech,Hyderabad,0.0,0.0,0.0,0.0,0.0,1.0,0.0,0.0,1.0,0
1511,05/07/2016,SeeDoc,Consumer Internet,Video Based Doctor Consulting platform App,Gurgaon,YourNest Angel Fund\\xc2\\xa0 & Others,Private Equity,"10,00,000",,2016-07-05,1000000.0,SeeDoc,seedoc,0.0,0.0,0,-1.0,1,0.0,1,0,Private Equity,Consumer Internet & Media,Delhi-NCR,0.00025031289111389235,0.0,5.436574580572323e-09,0.00019298932774467834,0.00019298932774467834,1.0,0.0,1.0,1.0,0
927,01/03/2017,Seenit,Consumer Internet,AI based Fashion Search Portal,Kolkata,"Calcutta Angels Network (CAN), Augment Ventures",Seed Funding,,,2017-03-01,,Seenit,seenit,0.0,0.0,0,-1.0,1,0.0,1,0,Seed/Angel,Consumer Internet & Media,Tier-2/Other,0.00025031289111389235,0.0,1.54413417595609e-07,0.00016435886649189237,0.00016435886649189237,2.0,0.0,1.0,1.0,0
1095,24/01/2017,SelectJobs,Consumer Internet,Online Job portal,Mumbai,India Educational Investment Fund,Seed Funding,,,2017-01-24,,SelectJobs,selectjobs,0.0,0.0,0,-1.0,1,0.0,1,0,Seed/Angel,Consumer Internet & Media,Mumbai,0.0,0.0,0.0,0.0,0.0,1.0,0.0,0.0,1.0,0
590,07/09/2017,Seniority,eCommerce,Ecommerce portal for senior citizens,Pune,RPG Enterprises,Private Equity,"10,00,000",,2017-09-07,1000000.0,Seniority,seniority,0.0,0.0,0,-1.0,1,0.0,1,0,Private Equity,E-Commerce,Pune,0.0,0.0,0.0,0.0,0.0,1.0,0.0,0.0,1.0,0
2017,06/01/2016,Sensara,Technology,"TV Search, Guide and Remote mobile app",Bangalore,"Lalitesh Katragadda,\\xc2\\xa0 Ganayantrika Systems",Seed Funding,"7,50,000",,2016-01-06,750000.0,Sensara,sensara,0.0,0.0,0,-1.0,1,0.0,1,0,Seed/Angel,Technology & SaaS,Bengaluru,0.0,0.0,0.0,0.0,0.0,2.0,0.0,0.0,1.0,0
2253,19/11/2015,SenseGiz,Smartwatch Maker,,Belgaum,Karnataka Semiconductor Venture Capital firm,Seed Funding,"5,00,000",,2015-11-19,500000.0,SenseGiz,sensegiz,0.0,0.0,0,-1.0,1,0.0,1,0,Seed/Angel,Other,Tier-2/Other,0.0,0.0,0.0,0.0,0.0,1.0,0.0,0.0,1.0,0
922,28/04/2017,Sepalika,Consumer Internet,Healthcare related content platform,New Delhi,Accel Partners,Seed Funding,"7,50,000",,2017-04-28,750000.0,Sepalika,sepalika,0.0,0.0,0,-1.0,1,0.0,1,0,Seed/Angel,Consumer Internet & Media,Delhi-NCR,0.0025031289111389233,0.03180691231866443,0.01397423501569189,0.0009597977221441899,0.0009597977221441899,1.0,1.0,1.0,1.0,0
809,09/05/2017,Sequretek,Technology,IT Security & Data Management Services,Mumbai,"GVFL, Unicorn India Ventures",Private Equity,,,2017-05-09,,Sequretek,sequretek,0.0,0.0,0,-1.0,1,0.0,1,0,Private Equity,Technology & SaaS,Mumbai,0.0005006257822277847,0.0018922000021308557,0.0002128155007433365,0.00023514730585925598,0.00019133722036541643,2.0,0.0,1.0,1.0,0
1154,15/12/2016,SERV\\xe2\\x80\\x99D,Consumer Internet,Financial Services For Unorganized Workforce,Pune,Digital Financial Service Lab,Seed Funding,"1,00,000",,2016-12-15,100000.0,SERV\\xe2\\x80\\x99D,serv\\xe2\\x80\\x99d,0.0,0.0,0,-1.0,1,0.0,1,0,Seed/Angel,Consumer Internet & Media,Pune,0.0,0.0,0.0,0.0,0.0,1.0,0.0,0.0,1.0,0
1750,05/04/2016,Servify,Consumer Internet,Gadget & Appliances Service App,Mumbai,"Blume Ventures, Barkawi Holdings GmbH, TM Service Technology Holdings GmbH",Private Equity,,,2016-04-05,,Servify,servify,0.0,0.0,0,-1.0,1,0.0,2,1,Private Equity,Consumer Internet & Media,Mumbai,0.00025031289111389235,0.0,2.4573577241560827e-06,0.00014531887003520802,0.00014531887003520802,3.0,1.0,1.0,1.0,0
1240,24/11/2016,Servify,Consumer Internet,Personal Device Assistant App,Mumbai,"Blume Ventures, BEENEXT, Barkawi Holdings GmbH, TM Service Technology Holdings Gmbh, Sreevathsa Prabhakar",Private Equity,,,2016-11-24,,Servify,servify,0.0,0.0,1,233.0,0,233.0,2,1,Private Equity,Consumer Internet & Media,Mumbai,0.002252816020025031,0.026666534645510814,0.01377356864908714,0.0008378082004402911,0.0004915635352377495,5.0,1.0,1.0,1.0,0
2267,24/11/2015,ServX,Automotive Services platform,,New Delhi,Manish Gupta,Seed Funding,,,2015-11-24,,ServX,servx,0.0,0.0,0,-1.0,1,0.0,1,0,Seed/Angel,Other,Delhi-NCR,0.0,0.0,0.0,0.0,0.0,1.0,0.0,0.0,1.0,0
1458,18/08/2016,Sesame Software,Technology,Financial Technology Solutions Provider,Kozhikode,Speridian Technologies,Private Equity,,,2016-08-18,,Sesame Software,sesame software,0.0,0.0,0,-1.0,1,0.0,1,0,Private Equity,Technology & SaaS,Tier-2/Other,0.0012515644555694616,0.004638772999889398,7.508484863299938e-05,0.0005537048140257201,0.0005537048140257201,1.0,0.0,1.0,1.0,0
104,11/04/2019,Setu,Fintech,Banking,Bengaluru,Lightspeed India Partners,Seed Funding,"35,00,000",,2019-04-11,3500000.0,Setu,setu,0.0,0.0,0,-1.0,1,0.0,1,0,Seed/Angel,FinTech,Bengaluru,0.000750938673341677,0.002140516295368845,0.0010745970944144054,0.0003368274814566413,0.0003368274814566413,1.0,1.0,1.0,1.0,0
1469,24/08/2016,ShaadiSaga,Consumer Internet,Wedding Website Creator,New Delhi,"ah! Ventures, Anupam Mittal, Kunal Shah, Sandeep Tandon, Dheeraj Jain, Rohit Chokhani",Seed Funding,,,2016-08-24,,ShaadiSaga,shaadisaga,0.0,0.0,0,-1.0,1,0.0,1,0,Seed/Angel,Consumer Internet & Media,Delhi-NCR,0.0012515644555694616,0.0034676545481551486,0.00024930596051947864,0.0005595823330734198,0.0005595823330734198,6.0,0.0,1.0,1.0,0
2078,22/01/2016,ShabdaNagari,Consumer Internet,Hindi Language Social Networking Portal,Kanpur,Kanpur Angels & Others,Seed Funding,"2,00,000",,2016-01-22,200000.0,ShabdaNagari,shabdanagari,0.0,0.0,0,-1.0,1,0.0,1,0,Seed/Angel,Consumer Internet & Media,Tier-2/Other,0.00025031289111389235,0.0,1.54413417595609e-07,0.00016435886649189237,0.00016435886649189237,1.0,0.0,1.0,1.0,0
1701,12/05/2016,ShabdNagari,Consumer Internet,Hindi social networking portal,Kanpur,ah! Ventures,Seed Funding,,,2016-05-12,,ShabdNagari,shabdnagari,0.0,0.0,0,-1.0,1,0.0,1,0,Seed/Angel,Consumer Internet & Media,Tier-2/Other,0.0012515644555694616,0.0034676545481551486,0.00024930596051947864,0.0005595823330734198,0.0005595823330734198,1.0,0.0,1.0,1.0,0
2531,17/08/2015,ShadowFax,on-demand delivery service,,Gurgaon,"Kunal Bahl, Rohit Bansal, Zishaan Hayath, Prashant Malik",Seed Funding,"3,10,000",,2015-08-17,310000.0,ShadowFax,shadowfax,0.0,0.0,0,-1.0,1,0.0,2,1,Seed/Angel,Logistics & Mobility,Delhi-NCR,0.00025031289111389235,0.0,0.00017941689575689057,0.0001301985770115292,0.0001301985770115292,4.0,0.0,1.0,1.0,0
2414,14/09/2015,Shadowfax,Hyperlocal Delivery Services,,Gurgaon,Eight Roads Ventures,Private Equity,"90,00,000",Series A,2015-09-14,9000000.0,Shadowfax,shadowfax,310000.0,310000.0,1,28.0,0,28.0,2,1,Private Equity,Logistics & Mobility,Delhi-NCR,0.0012515644555694616,0.006316536841184845,0.004537866606428548,0.0004983133807781689,0.0004983133807781689,1.0,0.0,1.0,1.0,0
1181,26/12/2016,Shadowfox,Logistics,On-Demand Delivery Service,Gurgaon,Eight Roads Ventures,Private Equity,"1,00,00,000",,2016-12-26,10000000.0,Shadowfox,shadowfox,0.0,0.0,0,-1.0,1,0.0,1,0,Private Equity,Logistics & Mobility,Delhi-NCR,0.0012515644555694616,0.006316536841184845,0.004537866606428548,0.0004983133807781689,0.0004983133807781689,1.0,0.0,1.0,1.0,0
359,08/02/2018,Shape,Healthcare,"Online Portal for Diet,fitness and Beauty",Pune,Sandeep Mathur,Seed / Angle Funding,"10,00,00,000",,2018-02-08,100000000.0,Shape,shape,0.0,0.0,0,-1.0,1,0.0,1,0,Seed/Angel,Healthcare,Pune,0.0,0.0,0.0,0.0,0.0,1.0,0.0,0.0,1.0,0
1534,13/07/2016,ShareChat,Consumer Internet,Vernacular Language Content Creation & Sharing App,Bangalore,"SAIF Partners, India Quotient",Private Equity,"13,50,000",,2016-07-13,1350000.0,ShareChat,sharechat,0.0,0.0,0,-1.0,1,0.0,3,1,Private Equity,Consumer Internet & Media,Bengaluru,0.0012515644555694616,0.0042731615220654,0.0017614729921763422,0.000554745742038456,0.00042350899390991017,2.0,1.0,1.0,3.0,1
1238,24/11/2016,ShareChat,Consumer Internet,Local Language Social Networking Platform,Mumbai,"Lightspeed India Partners, SAIF Partners, India Quotient, Venture Highway",Private Equity,"40,00,000",,2016-11-24,4000000.0,ShareChat,sharechat,1350000.0,1350000.0,1,134.0,0,134.0,3,1,Private Equity,Consumer Internet & Media,Mumbai,0.001501877346683354,0.009489956416459439,0.0017614729921763422,0.0005817174715755811,0.0004413907352130107,4.0,1.0,1.0,3.0,1
408,18/01/2018,ShareChat,Technology,Social,Bengaluru,"Xiaomi Singapore, Shunwei Capital",Private Equity,"1,82,00,000",,2018-01-18,18200000.0,ShareChat,sharechat,5350000.0,4000000.0,2,420.0,0,554.0,3,1,Private Equity,Technology & SaaS,Bengaluru,0.0,0.0,0.0,0.0,0.0,2.0,0.0,0.0,3.0,1
2516,12/08/2015,Sheroes,Career Community for Women,,Noida,"Quintillion Media, 500 Startups",Seed Funding,"7,70,000",,2015-08-12,770000.0,Sheroes,sheroes,0.0,0.0,0,-1.0,1,0.0,2,1,Seed/Angel,Other,Delhi-NCR,0.0,0.0,0.0,0.0,0.0,2.0,0.0,0.0,1.0,0
1418,02/08/2016,Sheroes,Consumer Internet,Online Job and Career Platform for Women,Noida,"Lumis Partners, The HR Fund, Rajul Garg, Quintillion Media",Private Equity,"18,00,000",,2016-08-02,1800000.0,Sheroes,sheroes,770000.0,770000.0,1,356.0,0,356.0,2,1,Private Equity,Consumer Internet & Media,Delhi-NCR,0.00025031289111389235,0.0,3.32198033193759e-05,0.00013722610522145704,0.00013722610522145704,4.0,0.0,1.0,1.0,0
1729,25/05/2016,SheThePeople,Consumer Internet,Digital platform for Women,New Delhi,Anand Mahindra,Seed Funding,,,2016-05-25,,SheThePeople,shethepeople,0.0,0.0,0,-1.0,1,0.0,1,0,Seed/Angel,Consumer Internet & Media,Delhi-NCR,0.0,0.0,0.0,0.0,0.0,1.0,0.0,0.0,1.0,0
963,16/03/2017,ShilpMIS,Technology,Virtual Reality platform,Surat,"Puneet Gupta, Nimitt Desai & Others",Seed Funding,,,2017-03-16,,ShilpMIS,shilpmis,0.0,0.0,0,-1.0,1,0.0,1,0,Seed/Angel,Technology & SaaS,Tier-2/Other,0.0,0.0,0.0,0.0,0.0,2.0,0.0,0.0,1.0,0
2708,15/06/2015,Shippr,Intra-City Logistics service,,Bangalore,i2india Pvt Ltd,Seed Funding,"5,00,000",,2015-06-15,500000.0,Shippr,shippr,0.0,0.0,0,-1.0,1,0.0,1,0,Seed/Angel,Logistics & Mobility,Bengaluru,0.0,0.0,0.0,0.0,0.0,1.0,0.0,0.0,1.0,0
1751,06/04/2016,Shipsy,Logistics,Logistics Solutions,Gurgaon,DTDC Express Ltd,Private Equity,"10,00,000",,2016-04-06,1000000.0,Shipsy,shipsy,0.0,0.0,0,-1.0,1,0.0,1,0,Private Equity,Logistics & Mobility,Delhi-NCR,0.0,0.0,0.0,0.0,0.0,1.0,0.0,0.0,1.0,0
2208,04/11/2015,Shirsa Labs,Digital Intelligent learning platform,,Mumbai,ah! Ventures,Seed Funding,"2,50,000",,2015-11-04,250000.0,Shirsa Labs,shirsa labs,0.0,0.0,0,-1.0,1,0.0,2,1,Seed/Angel,Other,Mumbai,0.0012515644555694616,0.0034676545481551486,0.00024930596051947864,0.0005595823330734198,0.0005595823330734198,1.0,0.0,1.0,1.0,0
373,14/02/2018,Shirsa Labs,Ed-Tech,Integrated Kids Engagement Company,Mumbai,"Dewang Neralla, Mahesh Kothurkar,Atul Agarwal",Private Equity,"5,00,000",,2018-02-14,500000.0,Shirsa Labs,shirsa labs,250000.0,250000.0,1,833.0,0,833.0,2,1,Private Equity,Other,Mumbai,0.0,0.0,0.0,0.0,0.0,3.0,0.0,0.0,1.0,0
1369,13/09/2016,ShoeKonnect,eCommerce,Footwear & Leather B2B App,Agra,Indian Angels Network,Seed Funding,,,2016-09-13,,ShoeKonnect,shoekonnect,0.0,0.0,0,-1.0,1,0.0,2,1,Seed/Angel,E-Commerce,Tier-2/Other,0.0012515644555694616,0.004638772999889398,7.508484863299938e-05,0.0005537048140257201,0.0005537048140257201,1.0,0.0,1.0,1.0,0
1292,13/10/2016,Shoekonnect,eCommerce,B2B Marketplace for Shoes,Agra,Indian Angel Network,Seed Funding,,,2016-10-13,,Shoekonnect,shoekonnect,0.0,0.0,1,30.0,0,30.0,2,1,Seed/Angel,E-Commerce,Tier-2/Other,0.002002503128911139,0.01032696862918804,0.03555811791464255,0.0008020854002554353,0.0008020854002554353,1.0,0.0,1.0,1.0,0
200,10/07/2018,Shop 101,Consumer Internet,Mobile Storefront And Commerce Platform For Sellers,Mumbai,"Stellaris Venture Partners, Vy Capital, Raghunandan G, and Ramakant Sharma",Private Equity,"50,00,000",,2018-07-10,5000000.0,Shop 101,shop 101,0.0,0.0,0,-1.0,1,0.0,1,0,Private Equity,Consumer Internet & Media,Mumbai,0.0025031289111389233,0.009284405205667146,0.0026777303065239127,0.0010012613196776867,0.00048567142116458755,4.0,0.0,1.0,1.0,0
2296,02/10/2015,Shopalyst,Product discovery & recommendation platform,,Bangalore,Kalaari Capital,Private Equity,"20,00,000",Series A,2015-10-02,2000000.0,Shopalyst,shopalyst,0.0,0.0,0,-1.0,1,0.0,1,0,Private Equity,Other,Bengaluru,0.0025031289111389233,0.013397154605961893,0.0017630362707794693,0.0010197165577911919,0.0010197165577911919,1.0,1.0,1.0,1.0,0
2642,25/07/2015,Shopatplaces,Ethnic/ Traditional Fashion Store,,New Delhi,Indian Angel Network,Seed Funding,,,2015-07-25,,Shopatplaces,shopatplaces,0.0,0.0,0,-1.0,1,0.0,1,0,Seed/Angel,Other,Delhi-NCR,0.002002503128911139,0.01032696862918804,0.03555811791464255,0.0008020854002554353,0.0008020854002554353,1.0,0.0,1.0,1.0,0
3014,18/01/2015,ShopClues,,,,Tiger Global & Other investors,Private Equity,"10,00,00,000",More Details,2015-01-18,100000000.0,ShopClues,shopclues,0.0,0.0,0,-1.0,1,0.0,3,1,Private Equity,Other,Tier-2/Other,0.005006257822277847,0.07287536754319783,0.18527724887454788,0.0017164247516392465,0.0017164247516392465,1.0,1.0,1.0,1.0,0
2037,12/01/2016,Shopclues,ECommerce,ECommerce Marketplace,Gurgaon,"GIC, Tiger Global Management, Nexus Venture Partners",Private Equity,"10,00,00,000",,2016-01-12,100000000.0,Shopclues,shopclues,100000000.0,100000000.0,1,359.0,0,359.0,3,1,Private Equity,E-Commerce,Delhi-NCR,0.005006257822277847,0.07287536754319783,0.18527724887454788,0.0017164247516392465,0.0006836426153562283,3.0,1.0,1.0,1.0,0
812,10/05/2017,Shopclues,eCommerce,Online marketplace,Gurgaon,InnoVen Capital,Private Equity,"77,00,000",,2017-05-10,7700000.0,Shopclues,shopclues,200000000.0,100000000.0,2,484.0,0,843.0,3,1,Private Equity,E-Commerce,Delhi-NCR,0.001501877346683354,0.014143283023837369,0.031913120524109655,0.0005258266880856241,0.0005258266880856241,1.0,0.0,1.0,1.0,0
448,12/12/2017,Shopholix,E-Commerce,Fashion and Lifestyle Coupon Platform,Gurgaon,Munesh Khanna,Seed/Angel Funding,"2,33,000",,2017-12-12,233000.0,Shopholix,shopholix,0.0,0.0,0,-1.0,1,0.0,1,0,Seed/Angel,E-Commerce,Delhi-NCR,0.0,0.0,0.0,0.0,0.0,1.0,0.0,0.0,1.0,0
1943,10/02/2016,Shopkirana,Consumer Internet,Retailer Supply Chain platform,Indore,"Atul Jain, Anil Gelra, Jaikumar Nair",Seed Funding,,,2016-02-10,,Shopkirana,shopkirana,0.0,0.0,0,-1.0,1,0.0,3,1,Seed/Angel,Consumer Internet & Media,Tier-2/Other,0.0,0.0,0.0,0.0,0.0,3.0,0.0,0.0,1.0,0
1174,23/12/2016,ShopKirana,eCommerce,B2B platform for Merchants & Retailers,Indore,"Incubate Fund, Lead Angels Group & Others",Private Equity,,,2016-12-23,,ShopKirana,shopkirana,0.0,0.0,1,317.0,0,317.0,3,1,Private Equity,E-Commerce,Tier-2/Other,0.0010012515644555694,0.006769913213594535,0.05549185359678784,0.00038032984394980706,0.00034922251428498027,2.0,0.0,1.0,1.0,0
125,06/12/2018,ShopKirana,B2B,eCommerce,Indore,"Info Edge, AET Fund, Akatsuki and Incubate Fund from Japan and Better Capital AngelList syndicate.",Seed Funding,"20,00,000",,2018-12-06,2000000.0,ShopKirana,shopkirana,0.0,0.0,2,713.0,0,1030.0,3,1,Seed/Angel,Other,Tier-2/Other,0.0010012515644555694,0.0017935092775083943,0.01164948001901309,0.0004433891403006348,0.0002639466647090967,3.0,0.0,1.0,1.0,0
1540,14/07/2016,ShoppinPal,Technology,M-Commerce Solutions for Retail Stores,Pune,"Plug and Play Tech Center, Steelhead Ventures & Others",Private Equity,"10,70,000",,2016-07-14,1070000.0,ShoppinPal,shoppinpal,0.0,0.0,0,-1.0,1,0.0,1,0,Private Equity,Technology & SaaS,Pune,0.0,0.0,0.0,0.0,0.0,2.0,0.0,0.0,1.0,0
2257,20/11/2015,Shopsense,ecommerce related software product platform,,Mumbai,"Kae Capital, Kunal Bahl, Rohit Bansal",Seed Funding,,Pre-Series A,2015-11-20,,Shopsense,shopsense,0.0,0.0,0,-1.0,1,0.0,1,0,Seed/Angel,E-Commerce,Mumbai,0.0005006257822277847,0.0022066892579169126,0.00030628027223875305,0.00022405951589119736,0.00017712904645136328,3.0,0.0,1.0,1.0,0
1250,30/11/2016,ShopsUp,eCommerce,Hyperlocal Shopping App,Bangalore,"Anand Sankeshwar, Yang Shu",Seed Funding,"9,63,000",,2016-11-30,963000.0,ShopsUp,shopsup,0.0,0.0,0,-1.0,1,0.0,1,0,Seed/Angel,E-Commerce,Bengaluru,0.0,0.0,0.0,0.0,0.0,2.0,0.0,0.0,1.0,0
1583,08/06/2016,Shopwati,Consumer Internet,Online Fashion Discussion Community,Gurgaon,Sanjiv Rai,Seed Funding,,,2016-06-08,,Shopwati,shopwati,0.0,0.0,0,-1.0,1,0.0,1,0,Seed/Angel,Consumer Internet & Media,Delhi-NCR,0.0,0.0,0.0,0.0,0.0,1.0,0.0,0.0,1.0,0
1182,27/12/2016,ShopX,eCommerce,SAAS ECommerce Retail app,Bangalore,Nandan Nilekani,Private Equity,"50,00,000",,2016-12-27,5000000.0,ShopX,shopx,0.0,0.0,0,-1.0,1,0.0,2,1,Private Equity,E-Commerce,Bengaluru,0.0,0.0,0.0,0.0,0.0,1.0,0.0,0.0,1.0,0
170,07/08/2018,ShopX,Consumer Internet,Assisted E-commerce Platform,Bengaluru,Fung Strategic Holdings,Private Equity,"3,50,00,000",,2018-08-07,35000000.0,ShopX,shopx,5000000.0,5000000.0,1,588.0,0,588.0,2,1,Private Equity,Consumer Internet & Media,Bengaluru,0.000750938673341677,0.005316817904266545,0.0035094163416045663,0.0003029236949897748,0.0003029236949897748,1.0,0.0,1.0,1.0,0
2188,23/12/2015,Shotang.com,B2B eCommerce Marketplace,,Bangalore,"Exfinity Venture Partners, Unitus Impact Livelihoods Fund",Private Equity,"50,00,000",Series A,2015-12-23,5000000.0,Shotang.com,shotang,0.0,0.0,0,-1.0,1,0.0,1,0,Private Equity,E-Commerce,Bengaluru,0.0005006257822277847,5.640500801264474e-07,0.002369353481933205,0.00022106739557454014,0.00022106739557454014,2.0,0.0,1.0,1.0,0
1829,03/03/2016,Shouut,Consumer Internet,Social Discovery Mobile app,New Delhi,Undisclosed investor,Seed Funding,"5,00,000",,2016-03-03,500000.0,Shouut,shouut,0.0,0.0,0,-1.0,1,0.0,1,0,Seed/Angel,Consumer Internet & Media,Delhi-NCR,0.0,0.0,0.0,0.0,0.0,1.0,0.0,0.0,1.0,0
579,05/09/2017,Shubh Loans,Consumer Internet,online lending platform,Bangalore,"SRI Capital, BeeNext, Pravega Ventures",Private Equity,"15,00,000",,2017-09-05,1500000.0,Shubh Loans,shubh loans,0.0,0.0,0,-1.0,1,0.0,2,1,Private Equity,Consumer Internet & Media,Bengaluru,0.002252816020025031,0.026666534645510814,0.014745586382638468,0.0008378082004402911,0.00043321535810314184,3.0,0.0,1.0,1.0,0
186,26/08/2018,Shubh Loans,Fin-Tech,\\xc2\\xa0Customer Sourcing Platform\\xc2\\xa0,Bengaluru,"Saama Capital, SRI Capital, Beenext, and Pravega Ventures",Private Equity,"42,00,000",,2018-08-26,4200000.0,Shubh Loans,shubh loans,1500000.0,1500000.0,1,355.0,0,355.0,2,1,Private Equity,Other,Bengaluru,0.002252816020025031,0.026666534645510814,0.018116329309672413,0.0008378082004402911,0.00043953594086427745,4.0,0.0,1.0,1.0,0
1231,22/11/2016,ShubhLoans,Technology,Consumer Finance & Credit Score platform,Bangalore,"Sanjai Vohra, V. Bunty Bohra",Seed Funding,,,2016-11-22,,ShubhLoans,shubhloans,0.0,0.0,0,-1.0,1,0.0,1,0,Seed/Angel,Technology & SaaS,Bengaluru,0.0,0.0,0.0,0.0,0.0,2.0,0.0,0.0,1.0,0
2120,03/12/2015,Shuttl,App based Bus Pooling Services,,Gurgaon,"Sequoia Capital, Times Internet Ltd & One more Fund",Private Equity,"2,00,00,000",Series B,2015-12-03,20000000.0,Shuttl,shuttl,0.0,0.0,0,-1.0,1,0.0,4,1,Private Equity,Other,Delhi-NCR,0.004005006257822278,0.059859204892582674,0.09566198113272546,0.001413958516141685,0.001413958516141685,2.0,1.0,1.0,1.0,0
222,30/07/2018,Shuttl,Consumer Internet,Bus Aggregation Platform,Gurugram,Amazon Alexa Fund & Dentsu Ventures,Private Equity,"1,10,00,000",,2018-07-30,11000000.0,Shuttl,shuttl,20000000.0,20000000.0,1,970.0,0,970.0,4,1,Private Equity,Consumer Internet & Media,Delhi-NCR,0.0005006257822277847,0.0006317360897416212,0.0003516401116276203,0.0002556191106767142,0.0002556191106767142,1.0,0.0,1.0,1.0,0
111,17/04/2019,Shuttl,Transportation,Bus Aggregation,Gurugram,New Atlantic Ventures,Venture Round,"50,00,000",,2019-04-17,5000000.0,Shuttl,shuttl,31000000.0,11000000.0,2,261.0,0,1231.0,4,1,Other/Undisclosed,Logistics & Mobility,Delhi-NCR,0.0,0.0,0.0,0.0,0.0,1.0,0.0,0.0,1.0,0
2,13/01/2020,Shuttl,Transportation,App based shuttle service,Gurgaon,Susquehanna Growth Equity,Series C,"80,48,394",,2020-01-13,8048394.0,Shuttl,shuttl,36000000.0,5000000.0,3,271.0,0,1502.0,4,1,Series C,Logistics & Mobility,Delhi-NCR,0.0,0.0,0.0,0.0,0.0,1.0,0.0,0.0,1.0,0
1286,07/10/2016,Sibia Analytics,Technology,Marketing & Customer Analytics Solutions,Kolkata,Radhakrishnan Natarajan & Others,Seed Funding,,,2016-10-07,,Sibia Analytics,sibia analytics,0.0,0.0,0,-1.0,1,0.0,1,0,Seed/Angel,Technology & SaaS,Tier-2/Other,0.0,0.0,0.0,0.0,0.0,1.0,0.0,0.0,1.0,0
1116,01/12/2016,SidQam,Technology,Healthcare Software System,Noida,"SQue Capital, Grace Capital Ventures, Soham Vencaps",Private Equity,"12,00,000",,2016-12-01,1200000.0,SidQam,sidqam,0.0,0.0,0,-1.0,1,0.0,1,0,Private Equity,Technology & SaaS,Delhi-NCR,0.0,0.0,0.0,0.0,0.0,3.0,0.0,0.0,1.0,0
2087,25/01/2016,SIFTR Labs,Consumer Internet,Photography curation & Aggregator platform,Mumbai,Venture Catalysts,Seed Funding,"1,50,000",,2016-01-25,150000.0,SIFTR Labs,siftr labs,0.0,0.0,0,-1.0,1,0.0,1,0,Seed/Angel,Consumer Internet & Media,Mumbai,0.006508135168961201,0.04017278424458088,0.35498683772439593,0.0024836634434645655,0.0024836634434645655,1.0,0.0,1.0,1.0,0
141,23/11/2018,Signzy,Financial Tech,Digital Onboarding Solution,Mumbai/Bengaluru,"Stellaris Venture Partners and Kalaari Capital, Rajan Anandan from Google, Dilip Khandwelwal from SAP Labs India, and Amrish Rau from PayU India",Series A,"34,00,000",,2018-11-23,3400000.0,Signzy,signzy,0.0,0.0,0,-1.0,1,0.0,1,0,Series A,Other,Bengaluru,0.0025031289111389233,0.013397154605961893,0.0017630362707794693,0.0010197165577911919,0.00048655039970432355,4.0,1.0,1.0,1.0,0
2736,24/06/2015,Sigrid Education,Online Education Platform,,Noida,Oliphans Capital,Seed Funding,,,2015-06-24,,Sigrid Education,sigrid education,0.0,0.0,0,-1.0,1,0.0,1,0,Seed/Angel,EdTech,Delhi-NCR,0.0,0.0,0.0,0.0,0.0,1.0,0.0,0.0,1.0,0
1984,22/02/2016,SigTuple,Technology,Healthcare based Tech Solutions,Bangalore,"Sachin Bansal, Binny Bansal, Accel Partners & Others",Seed Funding,,,2016-02-22,,SigTuple,sigtuple,0.0,0.0,0,-1.0,1,0.0,3,1,Seed/Angel,Technology & SaaS,Bengaluru,0.0025031289111389233,0.03180691231866443,0.01397423501569189,0.0009597977221441899,0.0007229547631604537,3.0,1.0,1.0,1.0,0
1012,13/02/2017,Sigtuple,Technology,Medical Automation platform,Bangalore,"Accel Partners, IDG Ventures, Endiya Partners, pi Ventures, VH Capital, Axilor Partners",Private Equity,"58,00,000",,2017-02-13,5800000.0,Sigtuple,sigtuple,0.0,0.0,1,357.0,0,357.0,3,1,Private Equity,Technology & SaaS,Bengaluru,0.0025031289111389233,0.03180691231866443,0.01397423501569189,0.0009597977221441899,0.0005538121425116902,6.0,1.0,1.0,1.0,0
253,26/06/2018,Sigtuple,Healthcare,Data Driven Intelligence Solutions Platform,Bengaluru,"Accel Partners, IDG Venture, Endiya Partners, pi Ventures, VH Capital, Axilor Ventures and Binny Bansal",Private Equity,"1,90,00,000",,2018-06-26,19000000.0,Sigtuple,sigtuple,5800000.0,5800000.0,2,498.0,0,855.0,3,1,Private Equity,Healthcare,Bengaluru,0.0025031289111389233,0.03180691231866443,0.01397423501569189,0.0009597977221441899,0.0005606213193245207,6.0,1.0,1.0,1.0,0
1574,06/06/2016,SillyMonks,Consumer Internet,Digital Media and Entertainment Startup,Hyderabad,Sreenivasa Reddy Musani,Seed Funding,"4,48,000",,2016-06-06,448000.0,SillyMonks,sillymonks,0.0,0.0,0,-1.0,1,0.0,1,0,Seed/Angel,Consumer Internet & Media,Hyderabad,0.0,0.0,0.0,0.0,0.0,1.0,0.0,0.0,1.0,0
2083,22/01/2016,Silvan,Technology,Home Automation & Security Solutions,Bangalore,The Chennai Angels,Seed Funding,"5,15,000",,2016-01-22,515000.0,Silvan,silvan,0.0,0.0,0,-1.0,1,0.0,1,0,Seed/Angel,Technology & SaaS,Bengaluru,0.000750938673341677,0.002207942702539416,0.0012113159830875644,0.0003491956708925769,0.0003491956708925769,1.0,0.0,1.0,1.0,0
1617,17/06/2016,Silvan Innovation Labs,Technology,Home Automation Solutions,Bangalore,Infuse Ventures,Private Equity,"9,00,000",,2016-06-17,900000.0,Silvan Innovation Labs,silvan innovation labs,0.0,0.0,0,-1.0,1,0.0,1,0,Private Equity,Technology & SaaS,Bengaluru,0.0,0.0,0.0,0.0,0.0,1.0,0.0,0.0,1.0,0
2450,23/09/2015,SilverPush,Cross-device retargeting platform,,Gurgaon / SFO,M&S Partners,Private Equity,"12,00,000",Series A,2015-09-23,1200000.0,SilverPush,silverpush,0.0,0.0,0,-1.0,1,0.0,1,0,Private Equity,Other,Delhi-NCR,0.0,0.0,0.0,0.0,0.0,1.0,0.0,0.0,1.0,0
447,12/12/2017,Simility,Technology,Adaptive Fraud Intelligence Platform,Hyderabad,Accel Partners,Private Equity,"1,75,00,000",,2017-12-12,17500000.0,Simility,simility,0.0,0.0,0,-1.0,1,0.0,1,0,Private Equity,Technology & SaaS,Hyderabad,0.0025031289111389233,0.03180691231866443,0.01397423501569189,0.0009597977221441899,0.0009597977221441899,1.0,1.0,1.0,1.0,0
2368,27/10/2015,Simpli5d,Online user engagement platform,,Gurgaon,"Redcliffe Capital, YourNest Angel Fund",Private Equity,,Bridge Funding,2015-10-27,,Simpli5d,simpli5d,0.0,0.0,0,-1.0,1,0.0,1,0,Private Equity,Other,Delhi-NCR,0.00025031289111389235,0.0,5.436574580572323e-09,0.00019298932774467834,0.00019298932774467834,2.0,0.0,1.0,1.0,0
3026,21/01/2015,Simplilearn,,,,"Mayfield India, Kalaari Capital, Helion Ventures",Private Equity,"1,47,50,000",,2015-01-21,14750000.0,Simplilearn,simplilearn,0.0,0.0,0,-1.0,1,0.0,4,1,Private Equity,Other,Tier-2/Other,0.0025031289111389233,0.013397154605961893,0.0017630362707794693,0.0010197165577911919,0.0010197165577911919,3.0,1.0,1.0,1.0,0
2851,23/04/2015,Simplilearn,Online Certification Courses,,Bangalore,"Mayfield Ventures, Kalaari Capital, Helion Ventures",Private Equity,"1,50,00,000",Series C,2015-04-23,15000000.0,Simplilearn,simplilearn,14750000.0,14750000.0,1,92.0,0,92.0,4,1,Private Equity,Other,Bengaluru,0.0025031289111389233,0.013397154605961893,0.0017630362707794693,0.0010197165577911919,0.0010197165577911919,3.0,1.0,1.0,1.0,0
1793,19/04/2016,Simplilearn,Consumer Internet,Online certification platform,Bangalore,Brand Capital,Private Equity,,,2016-04-19,,Simplilearn,simplilearn,29750000.0,15000000.0,2,362.0,0,454.0,4,1,Private Equity,Consumer Internet & Media,Bengaluru,0.0,0.0,0.0,0.0,0.0,1.0,0.0,0.0,1.0,0
1353,07/09/2016,Simplilearn,Education,Online Certification programs,Bangalore,InnoVen Capital India,Private Equity,"60,00,000",,2016-09-07,6000000.0,Simplilearn,simplilearn,29750000.0,15000000.0,3,141.0,0,595.0,4,1,Private Equity,EdTech,Bengaluru,0.001501877346683354,0.014143283023837369,0.031913120524109655,0.0005258266880856241,0.0005258266880856241,1.0,0.0,1.0,1.0,0
849,30/05/2017,SimpliLend,Consumer Internet,Online lending platform,New Delhi,Undisclosed Investors,Seed Funding,,,2017-05-30,,SimpliLend,simplilend,0.0,0.0,0,-1.0,1,0.0,1,0,Seed/Angel,Consumer Internet & Media,Delhi-NCR,0.0,0.0,0.0,0.0,0.0,1.0,0.0,0.0,1.0,0
3043,30/01/2015,Simplotel,,,,MakeMyTrip,Private Equity,,"Strategic Funding, Minority stake",2015-01-30,,Simplotel,simplotel,0.0,0.0,0,-1.0,1,0.0,1,0,Private Equity,Other,Tier-2/Other,0.0,0.0,0.0,0.0,0.0,1.0,0.0,0.0,1.0,0
897,17/04/2017,Simulanis,Consumer Internet,eLearning & Skills Development plat,New Delhi,Village Capital,Seed Funding,,,2017-04-17,,Simulanis,simulanis,0.0,0.0,0,-1.0,1,0.0,1,0,Seed/Angel,Consumer Internet & Media,Delhi-NCR,0.0,0.0,0.0,0.0,0.0,1.0,0.0,0.0,1.0,0
1526,12/07/2016,SirionLabs,Technology,SAAS based Service Agreement Management,Gurgaon,Sequoia Capital,Private Equity,"1,22,50,000",,2016-07-12,12250000.0,SirionLabs,sirionlabs,0.0,0.0,0,-1.0,1,0.0,1,0,Private Equity,Technology & SaaS,Delhi-NCR,0.004005006257822278,0.059859204892582674,0.09566198113272546,0.001413958516141685,0.001413958516141685,1.0,1.0,1.0,1.0,0
82,06/06/2019,Sistema.bio,Agriculture,Hybrid Reactor Biodigestor,Nairobi,"Shell Foundation, DILA CAPITAL, Engie RDE Fund, EcoEnterprise Fund, EDFIMC (ElectriFI), Endeavor Catalyst Fund, CoCapital, Triodos, Alpha Mundi, and Lendahand",,"27,39,034.68",,2019-06-06,2739034.68,Sistema.bio,sistema.bio,0.0,0.0,0,-1.0,1,0.0,1,0,Other/Undisclosed,Other,Tier-2/Other,0.00025031289111389235,0.0,0.0001905696650172938,0.00015481537940763035,0.0001406742322985452,10.0,0.0,1.0,1.0,0
1825,02/03/2016,Skedool,Consumer Internet,AI based Office Assistant Mobile App,Seattle / Bangalore,"Kludein LLC\\nPhanindra Sama, Narayan Ramachandran, Pranav Pai",Seed Funding,,,2016-03-02,,Skedool,skedool,0.0,0.0,0,-1.0,1,0.0,1,0,Seed/Angel,Consumer Internet & Media,Bengaluru,0.0,0.0,0.0,0.0,0.0,3.0,0.0,0.0,1.0,0
639,03/08/2017,Skill Connect,Consumer Internet,Recruitment Portal,Jaipur,Rajasthan Angel Investor Network,Seed Funding,,,2017-08-03,,Skill Connect,skill connect,0.0,0.0,0,-1.0,1,0.0,1,0,Seed/Angel,Consumer Internet & Media,Jaipur,0.0,0.0,0.0,0.0,0.0,1.0,0.0,0.0,1.0,0
2727,22/06/2015,SkillAngels,Brain Games Platform,,Chennai,Sprout Angels LLP,Seed Funding,,,2015-06-22,,SkillAngels,skillangels,0.0,0.0,0,-1.0,1,0.0,1,0,Seed/Angel,Technology & SaaS,Chennai,0.00025031289111389235,0.0,1.54413417595609e-07,0.00016435886649189237,0.00016435886649189237,1.0,0.0,1.0,1.0,0
411,22/01/2018,Skillate,Technology,Artificial Intellegence,Bengaluru,"Incubate Fund India, Anuj Agrawal",Private Equity,,,2018-01-22,,Skillate,skillate,0.0,0.0,0,-1.0,1,0.0,1,0,Private Equity,Technology & SaaS,Bengaluru,0.000750938673341677,0.006377784888338374,0.005593152911417266,0.0003181151846201535,0.0003181151846201535,2.0,0.0,1.0,1.0,0
140,22/11/2018,Skillbox,Social Network,Art,Gurugram,Individual investors,Seed Funding,Undisclosed,,2018-11-22,,Skillbox,skillbox,0.0,0.0,0,-1.0,1,0.0,1,0,Seed/Angel,Other,Delhi-NCR,0.0,0.0,0.0,0.0,0.0,1.0,0.0,0.0,1.0,0
563,24/10/2017,Skillenza,Consumer Internet,Online Learning Platform,Bangalore,"Blume Ventures, Indian Angel Network",Seed Funding,"7,22,000",,2017-10-24,722000.0,Skillenza,skillenza,0.0,0.0,0,-1.0,1,0.0,1,0,Seed/Angel,Consumer Internet & Media,Bengaluru,0.002002503128911139,0.01032696862918804,0.03555811791464255,0.0008020854002554353,0.00047370213514532164,2.0,1.0,1.0,1.0,0
2226,09/11/2015,Skoov.com,eCommerce Product Search Engine,,Mumbai,undisclosed investor,Seed Funding,"1,50,000",,2015-11-09,150000.0,Skoov.com,skoov,0.0,0.0,0,-1.0,1,0.0,1,0,Seed/Angel,E-Commerce,Mumbai,0.0,0.0,0.0,0.0,0.0,1.0,0.0,0.0,1.0,0
460,18/12/2017,Sky Met Weather,Technology,Weather Forecast Platform,Noida,InsuResillience Investment Fund,Private Equity,,,2017-12-18,,Sky Met Weather,sky met weather,0.0,0.0,0,-1.0,1,0.0,1,0,Private Equity,Technology & SaaS,Delhi-NCR,0.0,0.0,0.0,0.0,0.0,1.0,0.0,0.0,1.0,0
2089,25/01/2016,SkyCandle,ECommerce,Home D\\xc3\\xa9cor Product etailer,New Delhi,GPA group,Private Equity,,,2016-01-25,,SkyCandle,skycandle,0.0,0.0,0,-1.0,1,0.0,1,0,Private Equity,E-Commerce,Delhi-NCR,0.0,0.0,0.0,0.0,0.0,1.0,0.0,0.0,1.0,0
343,22/03/2018,Slang Labs,Technology,Voice-based assistant platform,Bengaluru,Endiya Partners,Seed / Angel Funding,"12,40,000",,2018-03-22,1240000.0,Slang Labs,slang labs,0.0,0.0,0,-1.0,1,0.0,1,0,Seed/Angel,Technology & SaaS,Bengaluru,0.001501877346683354,0.006678119493602958,0.00018976754291309922,0.0006322168844852831,0.0006322168844852831,1.0,0.0,1.0,1.0,1
534,06/10/2017,Slice Pay,Consumer Internet,Student Micro-financing platform,Bangalore,"Das Capital, Simile Ventures",Private Equity,"20,00,000",,2017-10-06,2000000.0,Slice Pay,slice pay,0.0,0.0,0,-1.0,1,0.0,1,0,Private Equity,Consumer Internet & Media,Bengaluru,0.0,0.0,0.0,0.0,0.0,2.0,0.0,0.0,1.0,0
1118,01/12/2016,Slide App,Consumer Internet,Lock screen Rewards mobile app,New Delhi,Songhyun Investment,Private Equity,"36,00,000",,2016-12-01,3600000.0,Slide App,slide app,0.0,0.0,0,-1.0,1,0.0,1,0,Private Equity,Consumer Internet & Media,Delhi-NCR,0.0,0.0,0.0,0.0,0.0,1.0,0.0,0.0,1.0,0
605,14/09/2017,Smaaash,Technology,Virtual Reality gaming and entertainment platform,Mumbai,ECL Finance,Private Equity,"4,40,00,000",,2017-09-14,44000000.0,Smaaash,smaaash,0.0,0.0,0,-1.0,1,0.0,2,1,Private Equity,Technology & SaaS,Mumbai,0.0,0.0,0.0,0.0,0.0,1.0,0.0,0.0,1.0,0
517,27/11/2017,Smaaash,Technology,Virtual Reality based gaming platform,Mumbai,Sixth Sense Ventures,Private Equity,"38,00,000",,2017-11-27,3800000.0,Smaaash,smaaash,44000000.0,44000000.0,1,74.0,0,74.0,2,1,Private Equity,Technology & SaaS,Mumbai,0.002753441802252816,0.028204996195751897,0.0041782685465482075,0.0010610833567829554,0.0010610833567829554,1.0,0.0,1.0,1.0,0
479,06/11/2017,Smart Karma,Technology,Financial Technology Research Platform,Bangalore,IDG Ventures India,Private Equity,,,2017-11-06,,Smart Karma,smart karma,0.0,0.0,0,-1.0,1,0.0,1,0,Private Equity,Technology & SaaS,Bengaluru,0.0,0.0,0.0,0.0,0.0,1.0,0.0,0.0,1.0,0
2977,23/02/2015,Smartairtrip.com,,,,Undisclosed,Private Equity,"1,00,00,000",Series A,2015-02-23,10000000.0,Smartairtrip.com,smartairtrip,0.0,0.0,0,-1.0,1,0.0,1,0,Private Equity,Other,Tier-2/Other,0.00025031289111389235,0.0,1.54413417595609e-07,0.00016435886649189237,0.00016435886649189237,1.0,0.0,1.0,1.0,0
859,03/04/2017,SmartCoin,Consumer Internet,Micro Lending platform,Bangalore,Unicorn India Ventures & Others,Private Equity,,,2017-04-03,,SmartCoin,smartcoin,0.0,0.0,0,-1.0,1,0.0,2,1,Private Equity,Consumer Internet & Media,Bengaluru,0.00025031289111389235,0.0,3.9377968408257e-06,0.0001475271348715769,0.0001475271348715769,1.0,0.0,1.0,3.0,1
347,28/03/2018,Smartcoin,Finance,Micro lending company,Bengaluru,"Accion Venture Lab, Unicorn India Ventures and ISME ACE.",Seed / Angel Funding,"20,00,000",,2018-03-28,2000000.0,Smartcoin,smartcoin,0.0,0.0,1,359.0,0,359.0,2,1,Seed/Angel,FinTech,Bengaluru,0.00025031289111389235,0.0,3.9377968408257e-06,0.0001475271348715769,0.0001475271348715769,2.0,0.0,1.0,3.0,1
2005,01/01/2016,Smartcooky,ECommerce,Health Food / Personal Care Marketplace,New Delhi,"Rajan Anandan, Pramod Bhasin, Siddharth Pai, TV Mohandas Pai, Manvinder Singh Banga",Seed Funding,,,2016-01-01,,Smartcooky,smartcooky,0.0,0.0,0,-1.0,1,0.0,2,1,Seed/Angel,E-Commerce,Delhi-NCR,0.0,0.0,0.0,0.0,0.0,5.0,0.0,0.0,1.0,0
1919,05/02/2016,Smartcooky,ECommerce,Marketplace for Health Foods,New Delhi,"Vandana Luthra,",Private Equity,,,2016-02-05,,Smartcooky,smartcooky,0.0,0.0,1,35.0,0,35.0,2,1,Private Equity,E-Commerce,Delhi-NCR,0.0,0.0,0.0,0.0,0.0,1.0,0.0,0.0,1.0,0
1091,23/01/2017,SmartHi,Technology,Audit automation Solutions,Pune,Singapore based investor,Seed Funding,,,2017-01-23,,SmartHi,smarthi,0.0,0.0,0,-1.0,1,0.0,1,0,Seed/Angel,Technology & SaaS,Pune,0.0,0.0,0.0,0.0,0.0,1.0,0.0,0.0,1.0,0
2370,28/10/2015,Smartivity.in,Virtual Reality activity based learning platform,,New Delhi,S Chand and Co Pvt Ltd,Seed Funding,"2,00,000",,2015-10-28,200000.0,Smartivity.in,smartivity,0.0,0.0,0,-1.0,1,0.0,3,1,Seed/Angel,Other,Delhi-NCR,0.00025031289111389235,0.0,3.63414446275521e-08,0.00017390235357615433,0.00017390235357615433,1.0,0.0,1.0,1.0,0
1706,16/05/2016,Smartivity,eCommerce,Smart Learning products,Delhi,"S Chand, AdvantEdge Partners",Private Equity,"10,00,000",,2016-05-16,1000000.0,Smartivity,smartivity,200000.0,200000.0,1,201.0,0,201.0,3,1,Private Equity,E-Commerce,Delhi-NCR,0.00025031289111389235,0.0,3.63414446275521e-08,0.00017390235357615433,0.00017390235357615433,2.0,0.0,1.0,1.0,0
272,24/05/2018,Smartivity,Ed-tech,Designer Of Toys and Learning Projects For Kids,Delhi,"Ashish Kacholi, S Chand Group",Seed/ Angel Funding,"20,00,000",,2018-05-24,2000000.0,Smartivity,smartivity,1200000.0,1000000.0,2,738.0,0,939.0,3,1,Seed/Angel,Other,Delhi-NCR,0.00025031289111389235,0.0,3.63414446275521e-08,0.00017390235357615433,0.00017390235357615433,2.0,0.0,1.0,1.0,0
2940,02/02/2015,SmartPocket,,,,"Sol Primero, Rajiv Mehta",Seed\\nFunding,"2,50,000",For mobile app,2015-02-02,250000.0,SmartPocket,smartpocket,0.0,0.0,0,-1.0,1,0.0,1,0,Seed/Angel,Other,Tier-2/Other,0.0,0.0,0.0,0.0,0.0,2.0,0.0,0.0,1.0,0
1884,22/03/2016,Smartron,Technology,Internet of Things Device manufacturer,Bangalore,Sachin Tendulkar,Private Equity,,,2016-03-22,,Smartron,smartron,0.0,0.0,0,-1.0,1,0.0,1,0,Private Equity,Technology & SaaS,Bengaluru,0.00025031289111389235,0.0,5.436574580572323e-09,0.00019298932774467834,0.00019298932774467834,1.0,0.0,1.0,1.0,0
1851,09/03/2016,SmartVizX,Technology,Virtual Reality Solutions,Noida,"Indian Angel Network, Stanford Angels, Entrepreneurs India",Seed Funding,"5,00,000",,2016-03-09,500000.0,SmartVizX,smartvizx,0.0,0.0,0,-1.0,1,0.0,1,0,Seed/Angel,Technology & SaaS,Delhi-NCR,0.002002503128911139,0.01032696862918804,0.03555811791464255,0.0008020854002554353,0.00035874685591384334,3.0,0.0,1.0,1.0,0
790,02/05/2017,SMECorner,Consumer Internet,Online Platform for small business loans,Mumbai,Dutch government fund,Private Equity,,,2017-05-02,,SMECorner,smecorner,0.0,0.0,0,-1.0,1,0.0,1,0,Private Equity,Consumer Internet & Media,Mumbai,0.0,0.0,0.0,0.0,0.0,1.0,0.0,0.0,1.0,0
1606,14/06/2016,Sminq,Consumer Internet,Queue management Mobile app,Pune,"Saama Capital, Blume Ventures & Vaibhav Domkundwar",Seed Funding,"10,00,000",,2016-06-14,1000000.0,Sminq,sminq,0.0,0.0,0,-1.0,1,0.0,1,0,Seed/Angel,Consumer Internet & Media,Pune,0.0012515644555694616,0.002722547121846088,0.023341819309146472,0.0004584976891476841,0.0003327281294683748,2.0,1.0,1.0,1.0,0
2242,17/11/2015,Smytten,Online Products Discovery Platform,,Gurgaon,"Rimpal Chawla, Anuj Srivastava",Seed Funding,"2,00,000",,2015-11-17,200000.0,Smytten,smytten,0.0,0.0,0,-1.0,1,0.0,2,1,Seed/Angel,Other,Delhi-NCR,0.0,0.0,0.0,0.0,0.0,2.0,0.0,0.0,2.0,1
1783,18/04/2016,Smytten,eCommerce,Online Discovery and Shopping Platform,Gurgaon,Rajan Anandan,Seed Funding,,,2016-04-18,,Smytten,smytten,200000.0,200000.0,1,153.0,0,153.0,2,1,Seed/Angel,E-Commerce,Delhi-NCR,0.0,0.0,0.0,0.0,0.0,1.0,0.0,0.0,2.0,1
895,17/04/2017,Snackible,Food & Beverages,Healthy Snacks manufacturer,Mumbai,"Nibhrant Shah, Anandbir Singh, Anirudh Sheth, Pratik Singhi, Vikram Mehta, Murali Nair",Seed Funding,"1,75,000",,2017-04-17,175000.0,Snackible,snackible,0.0,0.0,0,-1.0,1,0.0,1,0,Seed/Angel,Food & Beverage,Mumbai,0.0,0.0,0.0,0.0,0.0,6.0,0.0,0.0,1.0,0
2080,22/01/2016,SnapBizz,ECommerce,Mobile based Retail Market Ecosystem,Bangalore,"Jungle Ventures, Taurus Value Creation, Konly Venture, Blume Ventures",Private Equity,"72,00,000",,2016-01-22,7200000.0,SnapBizz,snapbizz,0.0,0.0,0,-1.0,1,0.0,2,1,Private Equity,E-Commerce,Bengaluru,0.001501877346683354,0.013589173215773223,0.010289474729885855,0.0005614148492715481,0.0003533668596533781,4.0,1.0,1.0,1.0,0
1953,15/02/2016,Snapbizz,Technology,Connectivity platform for local grocery stores,Bangalore,Ratan Tata,Private Equity,,,2016-02-15,,Snapbizz,snapbizz,7200000.0,7200000.0,1,24.0,0,24.0,2,1,Private Equity,Technology & SaaS,Bengaluru,0.0,0.0,0.0,0.0,0.0,1.0,0.0,0.0,1.0,0
2471,01/08/2015,Snapdeal,Ecommerce Marketplace,,New Delhi,"Alibaba, Foxconn, Softbank",Private Equity,"50,00,00,000",Late Stage Round 7th (More details),2015-08-01,500000000.0,Snapdeal,snapdeal,0.0,0.0,0,-1.0,1,0.0,2,1,Private Equity,E-Commerce,Delhi-NCR,0.000750938673341677,0.0017101211245292814,0.0032531152155108644,0.0003100500256790823,0.0003100500256790823,3.0,1.0,1.0,1.0,0
1951,15/02/2016,Snapdeal,eCommerce,Horizontal Online Marketplace,New Delhi,Ontario Teachers\\xe2\\x80\\x99 Pension Plan & Others,Private Equity,"20,00,00,000",,2016-02-15,200000000.0,Snapdeal,snapdeal,500000000.0,500000000.0,1,198.0,0,198.0,2,1,Private Equity,E-Commerce,Delhi-NCR,0.0,0.0,0.0,0.0,0.0,1.0,0.0,0.0,1.0,0
2047,14/01/2016,Snapshopr,Consumer Internet,Visual Search & Image Recognition Platform,Bangalore,Amod Malviya,Seed Funding,,,2016-01-14,,Snapshopr,snapshopr,0.0,0.0,0,-1.0,1,0.0,1,0,Seed/Angel,Consumer Internet & Media,Bengaluru,0.0,0.0,0.0,0.0,0.0,1.0,0.0,0.0,1.0,0
1345,05/09/2016,Social Quotient,Technology,Platform for Social Causes,Mumbai,"Anita Dongre, Yash Dongre, Milind Sarwate",Seed Funding,,,2016-09-05,,Social Quotient,social quotient,0.0,0.0,0,-1.0,1,0.0,1,0,Seed/Angel,Technology & SaaS,Mumbai,0.0,0.0,0.0,0.0,0.0,3.0,0.0,0.0,1.0,0
3005,09/01/2015,Sokrati,,,,"IvyCap Ventures, Inventus Capital",Private Equity,,Series B,2015-01-09,,Sokrati,sokrati,0.0,0.0,0,-1.0,1,0.0,1,0,Private Equity,Other,Tier-2/Other,0.0010012515644555694,0.0025562052263307694,9.695382383805698e-05,0.00042674507745196256,0.00042674507745196256,2.0,0.0,1.0,1.0,0
1675,04/05/2016,SolarTown,Technology,Solar Rooftop system installation company,Chennai,Grex.in,Seed Funding,"2,00,000",,2016-05-04,200000.0,SolarTown,solartown,0.0,0.0,0,-1.0,1,0.0,1,0,Seed/Angel,Technology & SaaS,Chennai,0.0,0.0,0.0,0.0,0.0,1.0,0.0,0.0,1.0,0
1327,25/10/2016,SooperMO,Technology,Android utility app suite creator,Gurgaon,Lalit Vase,Seed Funding,"1,00,000",,2016-10-25,100000.0,SooperMO,soopermo,0.0,0.0,0,-1.0,1,0.0,1,0,Seed/Angel,Technology & SaaS,Delhi-NCR,0.0,0.0,0.0,0.0,0.0,1.0,0.0,0.0,1.0,0
2219,06/11/2015,Soothe Healthcare,affordable Personal Healthcare Products,,Noida,Saina Nehwal,Seed Funding,,2nd seed funding,2015-11-06,,Soothe Healthcare,soothe healthcare,0.0,0.0,0,-1.0,1,0.0,1,0,Seed/Angel,Healthcare,Delhi-NCR,0.0,0.0,0.0,0.0,0.0,1.0,0.0,0.0,1.0,1
1911,02/02/2016,SoundSurround,Technology,Audio Technology Solutions,Mumbai,Multiple investors through Ten Minute Million competition,Seed Funding,"22,500",,2016-02-02,22500.0,SoundSurround,soundsurround,0.0,0.0,0,-1.0,1,0.0,1,0,Seed/Angel,Technology & SaaS,Mumbai,0.0,0.0,0.0,0.0,0.0,1.0,0.0,0.0,1.0,0
1889,23/03/2016,SP Robotics,Technology,Robotic Classes for Students,Chennai,"Indian Angel Network,",Seed Funding,"3,00,000",,2016-03-23,300000.0,SP Robotics,sp robotics,0.0,0.0,0,-1.0,1,0.0,1,0,Seed/Angel,Technology & SaaS,Chennai,0.002002503128911139,0.01032696862918804,0.03555811791464255,0.0008020854002554353,0.0008020854002554353,1.0,0.0,1.0,1.0,0
465,20/12/2017,Spandana Sphoorty,Finance,Micro finance institution providing small ticket unsecured loans to women,Hyderabad,"""Kedaraa Capital, Ontario Teachers\\'""",Private Equity,"1,95,00,000",,2017-12-20,19500000.0,Spandana Sphoorty,spandana sphoorty,0.0,0.0,0,-1.0,1,0.0,1,0,Private Equity,FinTech,Hyderabad,0.0,0.0,0.0,0.0,0.0,2.0,0.0,0.0,1.0,0
778,27/06/2017,Spares Hub,eCommerce,Automobile parts marketplace,Pune,"The Chennai Angels, Anthill Scale Ventures, Esvee Technologies Inc, Inc95 Consulting",Seed Funding,"3,11,000",,2017-06-27,311000.0,Spares Hub,spares hub,0.0,0.0,0,-1.0,1,0.0,1,0,Seed/Angel,E-Commerce,Pune,0.000750938673341677,0.002207942702539416,0.0012113159830875644,0.0003491956708925769,0.0003491956708925769,4.0,0.0,1.0,1.0,0
2217,06/11/2015,SparesHub,Online Vehicle Spare Parts etailer,,Pune,"Hyderabad Angels, M&S Partners",Seed Funding,"4,60,000",Pre-Series A,2015-11-06,460000.0,SparesHub,spareshub,0.0,0.0,0,-1.0,1,0.0,1,0,Seed/Angel,Technology & SaaS,Pune,0.00025031289111389235,0.0,1.54413417595609e-07,0.00016435886649189237,0.00016435886649189237,2.0,0.0,1.0,1.0,0
469,26/12/2017,Specsmakers,E-Commerce,Online Spects Platform for Men and Women,Chennai,Eight Roads Ventures India,Private Equity,"1,00,00,000",,2017-12-26,10000000.0,Specsmakers,specsmakers,0.0,0.0,0,-1.0,1,0.0,1,0,Private Equity,E-Commerce,Chennai,0.0012515644555694616,0.006316536841184845,0.004537866606428548,0.0004983133807781689,0.0004983133807781689,1.0,0.0,1.0,1.0,0
1520,07/07/2016,SpectraVR,Technology,Virtual Reality Content Studio,Mumbai,Rothenberg Ventures,Seed Funding,,,2016-07-07,,SpectraVR,spectravr,0.0,0.0,0,-1.0,1,0.0,1,0,Seed/Angel,Technology & SaaS,Mumbai,0.0,0.0,0.0,0.0,0.0,1.0,0.0,0.0,1.0,0
638,03/08/2017,SpeedBox,Logistics,On-Demand Logistics Service provider,Mumbai,Cismat Cargo Services Pvt. Ltd.,Seed Funding,"3,00,000",,2017-08-03,300000.0,SpeedBox,speedbox,0.0,0.0,0,-1.0,1,0.0,1,0,Seed/Angel,Logistics & Mobility,Mumbai,0.00025031289111389235,0.0,0.002253627186395401,0.0001310338692853393,0.0001310338692853393,1.0,0.0,1.0,1.0,0
1633,22/06/2016,SpiderG,Consumer Internet,Online invoice app for SMEs,Pune,"Rahul Kirloskar, Fusion Tech Ventures, Adi Saravanan, Pravin Dongre, Mahendra Doshi",Seed Funding,"1,50,000",,2016-06-22,150000.0,SpiderG,spiderg,0.0,0.0,0,-1.0,1,0.0,1,0,Seed/Angel,Consumer Internet & Media,Pune,0.0,0.0,0.0,0.0,0.0,5.0,0.0,0.0,1.0,0
725,06/06/2017,Spinny,eCommerce,Online Used Car marketplace,Gurgaon,"Blume Ventures, Indian Angel Network, Kunal Shah, Sandeep Tandon",Private Equity,"10,00,000",,2017-06-06,1000000.0,Spinny,spinny,0.0,0.0,0,-1.0,1,0.0,1,0,Private Equity,E-Commerce,Delhi-NCR,0.002002503128911139,0.01032696862918804,0.03555811791464255,0.0008020854002554353,0.00047370213514532164,4.0,1.0,1.0,3.0,1
2126,04/12/2015,Splitkart,Splitting Bills Mobile App,,New Delhi,"Rajesh Sawhney, Anupam Mittal, Dinesh Agarwal, Gaurav Gupta,",Seed Funding,,,2015-12-04,,Splitkart,splitkart,0.0,0.0,0,-1.0,1,0.0,1,0,Seed/Angel,Other,Delhi-NCR,0.0005006257822277847,0.0012624694237852398,4.980030884600046e-05,0.0002463891269862537,0.00020537399673907305,4.0,0.0,1.0,1.0,0
2757,04/05/2015,SpoonJoy,Online Food Delivery,,Bangalore,SAIF Partners,Seed Funding,"10,00,000",,2015-05-04,1000000.0,SpoonJoy,spoonjoy,0.0,0.0,0,-1.0,1,0.0,1,0,Seed/Angel,Logistics & Mobility,Bengaluru,0.000750938673341677,0.0042731615220654,0.0014112094183159625,0.00029227224578136433,0.00029227224578136433,1.0,1.0,1.0,1.0,0
977,27/03/2017,Sport Flashes,Consumer Internet,Sports Based Online Media portal,New Delhi,"Vikas Bajaj, Amit Kharbanda,",Seed Funding,,,2017-03-27,,Sport Flashes,sport flashes,0.0,0.0,0,-1.0,1,0.0,1,0,Seed/Angel,Consumer Internet & Media,Delhi-NCR,0.0,0.0,0.0,0.0,0.0,2.0,0.0,0.0,1.0,0
1281,06/10/2016,Sportido,Consumer Internet,Sports Discovery platform,Noida,Sumpoorna Group,Seed Funding,,,2016-10-06,,Sportido,sportido,0.0,0.0,0,-1.0,1,0.0,1,0,Seed/Angel,Consumer Internet & Media,Delhi-NCR,0.0,0.0,0.0,0.0,0.0,1.0,0.0,0.0,1.0,0
623,25/09/2017,Sportobuddy,Consumer Internet,Sports & Sport related equipment portal,Mumbai,Mehul Shah,Seed Funding,"1,50,000",,2017-09-25,150000.0,Sportobuddy,sportobuddy,0.0,0.0,0,-1.0,1,0.0,1,0,Seed/Angel,Consumer Internet & Media,Mumbai,0.0,0.0,0.0,0.0,0.0,1.0,0.0,0.0,1.0,0
881,11/04/2017,Sports Flashes,Consumer Internet,Online Sports portal & Mobile app,New Delhi,"Sushil Kumar, Sandeep Singh",Seed Funding,,,2017-04-11,,Sports Flashes,sports flashes,0.0,0.0,0,-1.0,1,0.0,2,1,Seed/Angel,Consumer Internet & Media,Delhi-NCR,0.00025031289111389235,0.0,0.01959410325908435,0.00012169806969544294,0.00012169806969544294,2.0,0.0,1.0,1.0,0
655,14/08/2017,Sports Flashes,Consumer Internet,Sports Content Mobile App,New Delhi,"Bennett, Coleman and Company Ltd (BCCL),",Private Equity,,,2017-08-14,,Sports Flashes,sports flashes,0.0,0.0,1,125.0,0,125.0,2,1,Private Equity,Consumer Internet & Media,Delhi-NCR,0.0,0.0,0.0,0.0,0.0,2.0,0.0,0.0,1.0,0
2305,06/10/2015,SportyBeans,multi-sport program for preschoolers,,Pune,YouWeCan Ventures,Seed Funding,,,2015-10-06,,SportyBeans,sportybeans,0.0,0.0,0,-1.0,1,0.0,1,0,Seed/Angel,Other,Pune,0.0,0.0,0.0,0.0,0.0,1.0,0.0,0.0,1.0,0
2304,06/10/2015,SportzVillage,Sports Management & Physical Education Business,,Bangalore,Gaja Capital Private Equity Fund,Private Equity,"1,00,00,000",Series B,2015-10-06,10000000.0,SportzVillage,sportzvillage,0.0,0.0,0,-1.0,1,0.0,1,0,Private Equity,EdTech,Bengaluru,0.00025031289111389235,0.0,3.63414446275521e-08,0.00017390235357615433,0.00017390235357615433,1.0,0.0,1.0,1.0,0
566,25/10/2017,SpotDraft,Consumer Internet,Contract Automation,Gurgaon,"Hunch Ventures, Spiral Ventures, 500 Startups, Singapore Angel Network, Citrus Payments",Seed Funding,"5,50,000",,2017-10-25,550000.0,SpotDraft,spotdraft,0.0,0.0,0,-1.0,1,0.0,1,0,Seed/Angel,Consumer Internet & Media,Delhi-NCR,0.00025031289111389235,0.0,2.1987016027543615e-06,0.00014618287768732643,0.00014618287768732643,5.0,0.0,1.0,1.0,0
2169,17/12/2015,Springboard,Data Science & UX design Learning platform,,Bangalore,"Allen Blue, John Katzman, Naveen Tewari, Kartik Hosanagar, Kashyap Deorah, 500 Startups, Blue Fog Capital",Seed Funding,"17,00,000",,2015-12-17,1700000.0,Springboard,springboard,0.0,0.0,0,-1.0,1,0.0,2,1,Seed/Angel,Other,Bengaluru,0.0,0.0,0.0,0.0,0.0,7.0,0.0,0.0,1.0,0
461,19/12/2017,Springboard,Technology,Online Courses and Mentoring from Experts,Bengaluru,"Costanoa, Learn Capital, Jyoti Bansal",Private Equity,"95,00,000",,2017-12-19,9500000.0,Springboard,springboard,1700000.0,1700000.0,1,733.0,0,733.0,2,1,Private Equity,Technology & SaaS,Bengaluru,0.00025031289111389235,0.0,0.00022806435212406834,0.00017390235357615433,0.00015574511160264,3.0,0.0,1.0,1.0,0
2971,19/05/2015,Springleap,,,,Cross Border Angels,Seed\\nFunding,"8,00,000",,2015-05-19,800000.0,Springleap,springleap,0.0,0.0,0,-1.0,1,0.0,1,0,Seed/Angel,Other,Tier-2/Other,0.00025031289111389235,0.0,1.54413417595609e-07,0.00016435886649189237,0.00016435886649189237,1.0,0.0,1.0,1.0,0
251,25/06/2018,Sqqrl,Finance,App-based investment platform,Gurugram,Equanimity Venture Fund,Seed/ Angel Funding,"10,00,000",,2018-06-25,1000000.0,Sqqrl,sqqrl,0.0,0.0,0,-1.0,1,0.0,1,0,Seed/Angel,FinTech,Delhi-NCR,0.0,0.0,0.0,0.0,0.0,1.0,0.0,0.0,1.0,0
2980,25/02/2015,SquadRun,,,,"Amit Ranjan, Deepinder Goyal, Zishaan Hayath, Powai Lake Ventures",Seed\\nFunding,,,2015-02-25,,SquadRun,squadrun,0.0,0.0,0,-1.0,1,0.0,2,1,Seed/Angel,Other,Tier-2/Other,0.00025031289111389235,0.0,0.012286592739117051,0.000123183625253369,0.000123183625253369,4.0,0.0,1.0,1.0,0
885,12/04/2017,Squadrun,Technology,Software-As-a-Service Platform,Noida,"Blume Ventures, Contrarian Capital, 91springboard, Emergent Ventures, Abstract Ventures, Anthill Ventures, Axilor Ventures",Private Equity,"21,00,000",,2017-04-12,2100000.0,Squadrun,squadrun,0.0,0.0,1,777.0,0,777.0,2,1,Private Equity,Technology & SaaS,Delhi-NCR,0.0012515644555694616,0.004638772999889398,0.007482042517897026,0.0005537048140257201,0.0003562119070410078,7.0,1.0,1.0,1.0,0
2760,05/05/2015,Square Yards,Real Estate Advisory,,Gurgaon,Undisclosed Investors,Private Equity,"60,00,000",pre-Series A,2015-05-05,6000000.0,Square Yards,square yards,0.0,0.0,0,-1.0,1,0.0,3,1,Private Equity,Other,Delhi-NCR,0.0,0.0,0.0,0.0,0.0,1.0,0.0,0.0,1.0,1
1206,09/11/2016,Square Yards,Consumer Internet,Online Property Search Portal,Gurgaon,ADAG Reliance Private Equity,Private Equity,"1,20,00,000",,2016-11-09,12000000.0,Square Yards,square yards,6000000.0,6000000.0,1,554.0,0,554.0,3,1,Private Equity,Consumer Internet & Media,Delhi-NCR,0.0012515644555694616,0.004638772999889398,7.508484863299938e-05,0.0005537048140257201,0.0005537048140257201,1.0,0.0,1.0,1.0,1
1062,12/01/2017,Square Yards,Consumer Internet,Property Search Aggregator platform,Gurgaon,"Lohia Group, Andre Hoffman",Private Equity,"1,00,00,000",,2017-01-12,10000000.0,Square Yards,square yards,18000000.0,12000000.0,2,64.0,0,618.0,3,1,Private Equity,Consumer Internet & Media,Delhi-NCR,0.0,0.0,0.0,0.0,0.0,2.0,0.0,0.0,1.0,1
2167,16/12/2015,STAGE 3,Online Renting platform,,New Delhi,"Nisha Sharma, Puneet Dalmia, Balaji Prabhakar",Seed Funding,,,2015-12-16,,STAGE 3,stage 3,0.0,0.0,0,-1.0,1,0.0,1,0,Seed/Angel,Other,Delhi-NCR,0.00025031289111389235,0.0,5.005742896119195e-07,0.00015863277424133518,0.00015863277424133518,3.0,0.0,1.0,1.0,0
1346,05/09/2016,Stalk Buy Love,eCommerce,Fashion Apparel eTailer,New Delhi,William Bissel,Seed Funding,,,2016-09-05,,Stalk Buy Love,stalk buy love,0.0,0.0,0,-1.0,1,0.0,2,1,Seed/Angel,E-Commerce,Delhi-NCR,0.0,0.0,0.0,0.0,0.0,1.0,0.0,0.0,1.0,0
1136,09/12/2016,Stalk Buy Love,eCommerce,Fashion Apparel eTailer,New Delhi,Kalaari Capital,Private Equity,"60,00,000",,2016-12-09,6000000.0,Stalk Buy Love,stalk buy love,0.0,0.0,1,95.0,0,95.0,2,1,Private Equity,E-Commerce,Delhi-NCR,0.0025031289111389233,0.013397154605961893,0.0017630362707794693,0.0010197165577911919,0.0010197165577911919,1.0,1.0,1.0,1.0,0
2312,07/10/2015,StalkBuyLove,Online Apparels Fashion brand,,New Delhi,"Mato Peric, Peter Kabel & others",Private Equity,,Series A,2015-10-07,,StalkBuyLove,stalkbuylove,0.0,0.0,0,-1.0,1,0.0,3,1,Private Equity,Other,Delhi-NCR,0.0,0.0,0.0,0.0,0.0,2.0,0.0,0.0,1.0,0
1890,23/03/2016,StalkBuyLove,eCommerce,Fashion eTailer,New Delhi,"500 Startups, Littlerock, Singularity Ventures",Seed Funding,,,2016-03-23,,StalkBuyLove,stalkbuylove,0.0,0.0,1,168.0,0,168.0,3,1,Seed/Angel,E-Commerce,Delhi-NCR,0.0,0.0,0.0,0.0,0.0,3.0,0.0,0.0,1.0,0
916,26/04/2017,StalkBuyLove,eCommerce,Online fashion marketplace,New Delhi,Trifecta Capital,Private Equity,"10,00,000",,2017-04-26,1000000.0,StalkBuyLove,stalkbuylove,0.0,0.0,2,399.0,0,567.0,3,1,Private Equity,E-Commerce,Delhi-NCR,0.00025031289111389235,0.0,0.007851646982310443,0.00013105928853511366,0.00013105928853511366,1.0,0.0,1.0,1.0,0
544,11/10/2017,StanPlus,Logistics,Medical Transportation Services,Hyderabad,KStart Capital,Private Equity,"11,00,000",,2017-10-11,1100000.0,StanPlus,stanplus,0.0,0.0,0,-1.0,1,0.0,1,0,Private Equity,Logistics & Mobility,Hyderabad,0.0,0.0,0.0,0.0,0.0,1.0,0.0,0.0,1.0,0
521,28/11/2017,Stanza Living,Technology,Student accommodation platform,Delhi,"Matrix PArtners, Accel",Private Equity,"20,00,000",,2017-11-28,2000000.0,Stanza Living,stanza living,0.0,0.0,0,-1.0,1,0.0,1,0,Private Equity,Technology & SaaS,Delhi-NCR,0.000750938673341677,0.0019139299017369813,0.005457297960275162,0.00028541397413927596,0.0002076402849091175,2.0,1.0,1.0,1.0,0
1636,23/06/2016,Staqu,Technology,Artificial Intelligence based search platform,Gurgaon,Indian Angel Network,Seed Funding,,,2016-06-23,,Staqu,staqu,0.0,0.0,0,-1.0,1,0.0,1,0,Seed/Angel,Technology & SaaS,Delhi-NCR,0.002002503128911139,0.01032696862918804,0.03555811791464255,0.0008020854002554353,0.0008020854002554353,1.0,0.0,1.0,1.0,0
871,07/04/2017,Startup Buddy,Consumer Internet,Startup Support Platform,Gurgaon,"YouWeCan Ventures,",Seed Funding,,,2017-04-07,,Startup Buddy,startup buddy,0.0,0.0,0,-1.0,1,0.0,1,0,Seed/Angel,Consumer Internet & Media,Delhi-NCR,0.0,0.0,0.0,0.0,0.0,1.0,0.0,0.0,1.0,0
776,27/06/2017,Stashfin,Consumer Internet,Personal Finance App,New Delhi,"Snow Leopard Ventures, Alto Partners",Private Equity,"50,00,000",,2017-06-27,5000000.0,Stashfin,stashfin,0.0,0.0,0,-1.0,1,0.0,1,0,Private Equity,Consumer Internet & Media,Delhi-NCR,0.0,0.0,0.0,0.0,0.0,2.0,0.0,0.0,1.0,0
1216,16/11/2016,Stasis Labs,Technology,Cloud based\\xc2\\xa0 health monitoring platform,Bangalore,"RTP-HC, Wonder Ventures, Techstars Ventures & Others",Private Equity,"50,00,000",,2016-11-16,5000000.0,Stasis Labs,stasis labs,0.0,0.0,0,-1.0,1,0.0,1,0,Private Equity,Technology & SaaS,Bengaluru,0.00025031289111389235,0.0,1.54413417595609e-07,0.00016435886649189237,0.00016435886649189237,3.0,0.0,1.0,1.0,0
2146,10/12/2015,Stay Simple Resorts,Holiday Resort Chain,,Bangalore,"Mr. Sudhir & Ms. Shalini Sethi, Mr. Praveen Someshwar",Seed Funding,,,2015-12-10,,Stay Simple Resorts,stay simple resorts,0.0,0.0,0,-1.0,1,0.0,1,0,Seed/Angel,Technology & SaaS,Bengaluru,0.0,0.0,0.0,0.0,0.0,2.0,0.0,0.0,1.0,0
651,10/08/2017,Stayabode,Consumer Internet,Co-Living space aggregator,Bangalore,"Incubate Fund, Sanjay Shenoy, Mridul Upreti,",Private Equity,,,2017-08-10,,Stayabode,stayabode,0.0,0.0,0,-1.0,1,0.0,1,0,Private Equity,Consumer Internet & Media,Bengaluru,0.000750938673341677,0.006377784888338374,0.005593152911417266,0.0003181151846201535,0.0003181151846201535,3.0,0.0,1.0,1.0,0
1039,27/02/2017,Staydobe,Consumer Internet,Co-Living Spaces Aggregator,Bangalore,Ishan Manaktala,Seed Funding,,,2017-02-27,,Staydobe,staydobe,0.0,0.0,0,-1.0,1,0.0,1,0,Seed/Angel,Consumer Internet & Media,Bengaluru,0.0,0.0,0.0,0.0,0.0,1.0,0.0,0.0,1.0,0
2745,29/06/2015,StayGlad,Beauty services Mobile Marketplace,,Bangalore,"Tracxn Labs, Sahil Barua",Seed Funding,,,2015-06-29,,StayGlad,stayglad,0.0,0.0,0,-1.0,1,0.0,2,1,Seed/Angel,E-Commerce,Bengaluru,0.0,0.0,0.0,0.0,0.0,2.0,0.0,0.0,1.0,0
2278,27/11/2015,StayGlad,On Demand Beauty Services Platform,,Bangalore,"Bessemer Venture Partners, Anil Chopra",Private Equity,,Series A,2015-11-27,,StayGlad,stayglad,0.0,0.0,1,151.0,0,151.0,2,1,Private Equity,Other,Bengaluru,0.0012515644555694616,0.004593992124282985,0.002924969761969057,0.0005026251490342794,0.0005026251490342794,2.0,0.0,1.0,1.0,0
1316,20/10/2016,Stayology,Consumer Internet,Stay & Travel related services,Bangalore,Ranjan Pai,Seed Funding,,,2016-10-20,,Stayology,stayology,0.0,0.0,0,-1.0,1,0.0,1,0,Seed/Angel,Consumer Internet & Media,Bengaluru,0.0,0.0,0.0,0.0,0.0,1.0,0.0,0.0,1.0,0
2962,12/02/2015,Stayzilla,,,,"Nexus Venture Partners, Matrix Partners",Private Equity,"2,00,00,000",Series B,2015-02-12,20000000.0,Stayzilla,stayzilla,0.0,0.0,0,-1.0,1,0.0,2,1,Private Equity,Other,Tier-2/Other,0.00025031289111389235,0.0,0.004643633114189387,0.00012986659567895903,0.00012499924196489591,2.0,1.0,1.0,1.0,0
1704,13/05/2016,StayZilla,Consumer Internet,Budget Room Aggregator Booking platform,Chennai,"Matrix Partners, Nexus Ventures",Private Equity,"1,35,00,000",,2016-05-13,13500000.0,StayZilla,stayzilla,20000000.0,20000000.0,1,456.0,0,456.0,2,1,Private Equity,Consumer Internet & Media,Chennai,0.00025031289111389235,0.0,0.004643633114189387,0.00012986659567895903,0.00012499924196489591,2.0,1.0,1.0,1.0,0
2273,26/11/2015,Stelae,Content Management Software Solutions,,Chennai,Earlsfield Capital,Private Equity,,Pre-Series A,2015-11-26,,Stelae,stelae,0.0,0.0,0,-1.0,1,0.0,1,0,Private Equity,Technology & SaaS,Chennai,0.0005006257822277847,0.008024933839176919,0.013254907783069371,0.0002118061073660992,0.0002118061073660992,1.0,0.0,1.0,1.0,0
279,30/05/2018,Stellaps,Technology,Iot Application Platform In Agriculture,Bengaluru,"IndusAge Partners, Bill & Melinda Gates Foundation, Qualcomm Venture, ABB Technology Ventures, Omnivore, Blume Ventures, Venture Highway and BEENEXT",Private Equity,"1,40,00,000",,2018-05-30,14000000.0,Stellaps,stellaps,0.0,0.0,0,-1.0,1,0.0,1,0,Private Equity,Technology & SaaS,Bengaluru,0.002252816020025031,0.026666534645510814,0.025036897071613846,0.0008378082004402911,0.000390108856837128,7.0,1.0,1.0,1.0,0
2583,04/07/2015,Stitchwood,Custom Furniture Marketplace,,Mumbai,"Powai Lake Ventures, Ajeet Khurana & others",Seed Funding,"3,95,000",,2015-07-04,395000.0,Stitchwood,stitchwood,0.0,0.0,0,-1.0,1,0.0,2,1,Seed/Angel,E-Commerce,Mumbai,0.0,0.0,0.0,0.0,0.0,2.0,0.0,0.0,1.0,0
1507,04/07/2016,StitchWood,eCommerce,Custom Furniture Online,Mumbai,Deepak Gupta,Seed Funding,"2,00,000",,2016-07-04,200000.0,StitchWood,stitchwood,395000.0,395000.0,1,366.0,0,366.0,2,1,Seed/Angel,E-Commerce,Mumbai,0.0,0.0,0.0,0.0,0.0,1.0,0.0,0.0,1.0,0
2354,21/10/2015,Stockal,Personalized Stock Intelligence Platform,,Bangalore,"R Natarajan, Mohan Alexander",Seed Funding,,,2015-10-21,,Stockal,stockal,0.0,0.0,0,-1.0,1,0.0,2,1,Seed/Angel,Other,Bengaluru,0.0,0.0,0.0,0.0,0.0,2.0,0.0,0.0,1.0,0
737,08/06/2017,Stockal,Consumer Internet,App-based Investment advisory Services,Bangalore,"Mohan Alexander, R. Natarajan, Vikrant Varshney, Amit Sinha",Seed Funding,"3,50,000",,2017-06-08,350000.0,Stockal,stockal,0.0,0.0,1,596.0,0,596.0,2,1,Seed/Angel,Consumer Internet & Media,Bengaluru,0.0,0.0,0.0,0.0,0.0,4.0,0.0,0.0,1.0,0
2318,09/10/2015,Stockroom.io,Developer Portfolio Showcase platform,,Hyderabad,Undisclosed Investors,Seed Funding,"70,000",,2015-10-09,70000.0,Stockroom.io,stockroom.io,0.0,0.0,0,-1.0,1,0.0,2,1,Seed/Angel,Other,Hyderabad,0.0,0.0,0.0,0.0,0.0,1.0,0.0,0.0,1.0,0
997,03/02/2017,Stockroom.io,Consumer Internet,Curated Platform for Developers,Hyderabad,"Satya D Sinha, Gyanendra Singh",Seed Funding,,,2017-02-03,,Stockroom.io,stockroom.io,70000.0,70000.0,1,483.0,0,483.0,2,1,Seed/Angel,Consumer Internet & Media,Hyderabad,0.0,0.0,0.0,0.0,0.0,2.0,0.0,0.0,1.0,0
2957,10/02/2015,StoreKing,,,,Mangrove Capital Partners,Private Equity,,,2015-02-10,,StoreKing,storeking,0.0,0.0,0,-1.0,1,0.0,2,1,Private Equity,Other,Tier-2/Other,0.0,0.0,0.0,0.0,0.0,1.0,0.0,0.0,1.0,0
1585,08/06/2016,StoreKing,eCommerce,Connecting Small Town Consumers to E-Commerce,Bangalore,Axiata Digital,Private Equity,"1,60,00,000",,2016-06-08,16000000.0,StoreKing,storeking,0.0,0.0,1,484.0,0,484.0,2,1,Private Equity,E-Commerce,Bengaluru,0.0,0.0,0.0,0.0,0.0,1.0,0.0,0.0,1.0,0
2499,07/08/2015,StoreMore.in,Self-Storage Spaces,,Noida,Bedrock Ventures,Seed Funding,,,2015-08-07,,StoreMore.in,storemore,0.0,0.0,0,-1.0,1,0.0,1,0,Seed/Angel,Other,Delhi-NCR,0.0,0.0,0.0,0.0,0.0,1.0,0.0,0.0,1.0,0
429,01/12/2017,Strata Enviro,Technology,IoT based air pollution controller,Mumbai,Scale Minds,Private Equity,,,2017-12-01,,Strata Enviro,strata enviro,0.0,0.0,0,-1.0,1,0.0,1,0,Private Equity,Technology & SaaS,Mumbai,0.0,0.0,0.0,0.0,0.0,1.0,0.0,0.0,1.0,0
734,08/06/2017,Stratfit,Consumer Internet,Health coaching programs,Hyderabad,Bodhtree Consulting Limited,Seed Funding,"2,32,000",,2017-06-08,232000.0,Stratfit,stratfit,0.0,0.0,0,-1.0,1,0.0,1,0,Seed/Angel,Consumer Internet & Media,Hyderabad,0.0,0.0,0.0,0.0,0.0,1.0,0.0,0.0,1.0,0
404,15/01/2018,Streak,Technology,Algorithmic Trading,Bengaluru,"Indian fintech fund, Rainmatter",Angel / Seed Funding,"3,54,600",,2018-01-15,354600.0,Streak,streak,0.0,0.0,0,-1.0,1,0.0,1,0,Seed/Angel,Technology & SaaS,Bengaluru,0.0012515644555694616,0.004638772999889398,0.002994561045724411,0.0005537048140257201,0.0003449522147395423,2.0,0.0,1.0,1.0,0
2163,15/12/2015,Streamoid,visual search and discovery platform,,Bangalore / Palo Alto,Undisclosed,Seed Funding,"10,00,000",,2015-12-15,1000000.0,Streamoid,streamoid,0.0,0.0,0,-1.0,1,0.0,1,0,Seed/Angel,Other,Bengaluru,0.00025031289111389235,0.0,1.54413417595609e-07,0.00016435886649189237,0.00016435886649189237,1.0,0.0,1.0,1.0,0
1120,02/12/2016,Streo,Consumer Internet,Live Music Streaming App,Bangalore,"GEMs Advisory, Quarizon",Seed Funding,,,2016-12-02,,Streo,streo,0.0,0.0,0,-1.0,1,0.0,1,0,Seed/Angel,Consumer Internet & Media,Bengaluru,0.0,0.0,0.0,0.0,0.0,2.0,0.0,0.0,1.0,0
3003,07/01/2015,Stridalyzer,,,,Kickstarter,Crowd Funding,"30,768",,2015-01-07,30768.0,Stridalyzer,stridalyzer,0.0,0.0,0,-1.0,1,0.0,1,0,Other/Undisclosed,Other,Tier-2/Other,0.0,0.0,0.0,0.0,0.0,1.0,0.0,0.0,1.0,0
1908,02/02/2016,Strike,Consumer Internet,Mobile Email productivity tool,Bangalore,Multiple investors through Ten Minute Million competition,Seed Funding,"22,500",,2016-02-02,22500.0,Strike,strike,0.0,0.0,0,-1.0,1,0.0,1,0,Seed/Angel,Consumer Internet & Media,Bengaluru,0.0,0.0,0.0,0.0,0.0,1.0,0.0,0.0,1.0,0
2204,03/11/2015,Stuffed,Quick Service Restaurant & Online Delivery,,Mumbai,Riqueza Capital,Seed Funding,"3,85,000",Funding happened in Sept 2015,2015-11-03,385000.0,Stuffed,stuffed,0.0,0.0,0,-1.0,1,0.0,1,0,Seed/Angel,Logistics & Mobility,Mumbai,0.0,0.0,0.0,0.0,0.0,1.0,0.0,0.0,1.0,0
332,14/03/2018,Stumagz,Consumer Internet,Online Communication and Collaboration Platform For Educational Institutions,Hyderabad,"Venkat Subramanian, Sudhakar Pennam, and other tech investors from Silicon Valley",Seed / Angel Funding,,,2018-03-14,,Stumagz,stumagz,0.0,0.0,0,-1.0,1,0.0,1,0,Seed/Angel,Consumer Internet & Media,Hyderabad,0.0012515644555694616,0.004638772999889398,7.508484863299938e-05,0.0005537048140257201,0.0005537048140257201,3.0,0.0,1.0,1.0,0
2385,01/09/2015,Stylecracker,Personalized Styling platform,,Mumbai,Group of HNI investors,Private Equity,"10,00,000",Series A,2015-09-01,1000000.0,Stylecracker,stylecracker,0.0,0.0,0,-1.0,1,0.0,1,0,Private Equity,Other,Mumbai,0.0,0.0,0.0,0.0,0.0,1.0,0.0,0.0,1.0,0
1986,22/02/2016,Styledotme,Consumer Internet,Mobile Fashion App,New Delhi,Indian Angel Network,Seed Funding,"37,000",,2016-02-22,37000.0,Styledotme,styledotme,0.0,0.0,0,-1.0,1,0.0,2,1,Seed/Angel,Consumer Internet & Media,Delhi-NCR,0.002002503128911139,0.01032696862918804,0.03555811791464255,0.0008020854002554353,0.0008020854002554353,1.0,0.0,1.0,1.0,0
92,05/05/2019,StyleDotMe,E-commerce,Fashion and Shopping,Delhi,"Indian Angel Network and other angel investors, Innov8 founder Ritesh Malik, Josh Talks founders Supriya Paul and Shobha Banga, and former Hero Corporate president Rohit Chanana",Bridge Round,undisclosed,,2019-05-05,,StyleDotMe,styledotme,37000.0,37000.0,1,1168.0,0,1168.0,2,1,Other/Undisclosed,E-Commerce,Delhi-NCR,0.002002503128911139,0.01032696862918804,0.03555811791464255,0.0008020854002554353,0.0004631447649847642,4.0,0.0,1.0,1.0,0
2241,17/11/2015,StyleTag,Designer fashion Jewellery Marketplace,,Bangalore,Jitu Virwani,Seed Funding,"75,00,000",,2015-11-17,7500000.0,StyleTag,styletag,0.0,0.0,0,-1.0,1,0.0,1,0,Seed/Angel,E-Commerce,Bengaluru,0.0,0.0,0.0,0.0,0.0,1.0,0.0,0.0,1.0,0
1858,10/03/2016,Stylflip,ECommerce,Pre-Owned Fashion marketplace mobile app,Mumbai,"Raj Gala Shah, Zaheer Memon",Seed Funding,,,2016-03-10,,Stylflip,stylflip,0.0,0.0,0,-1.0,1,0.0,1,0,Seed/Angel,E-Commerce,Mumbai,0.0,0.0,0.0,0.0,0.0,2.0,0.0,0.0,1.0,0
2266,24/11/2015,Stylofie,Health and Beauty Services Marketplace,,Gurgaon,Swastika,Seed Funding,"2,50,000",,2015-11-24,250000.0,Stylofie,stylofie,0.0,0.0,0,-1.0,1,0.0,2,1,Seed/Angel,E-Commerce,Delhi-NCR,0.0,0.0,0.0,0.0,0.0,1.0,0.0,0.0,1.0,0
1944,10/02/2016,Stylofie,Consumer Internet,Online Beauty Parlour search & discovery Platform,Gurgaon,Jaideep Mehta,Seed Funding,,,2016-02-10,,Stylofie,stylofie,250000.0,250000.0,1,78.0,0,78.0,2,1,Seed/Angel,Consumer Internet & Media,Delhi-NCR,0.0,0.0,0.0,0.0,0.0,1.0,0.0,0.0,1.0,0
2847,20/04/2015,Sulekha.com,Online Classifieds & Listings,,Chennai,GIC ventures,Private Equity,"2,80,00,000",Series C,2015-04-20,28000000.0,Sulekha.com,sulekha,0.0,0.0,0,-1.0,1,0.0,1,0,Private Equity,Other,Chennai,0.0005006257822277847,0.001962034289606808,0.009224563305798345,0.00021437120617860534,0.00021437120617860534,1.0,0.0,1.0,1.0,0
793,03/05/2017,Sumeru,Technology,Software & Mobile development services,Bangalore,undisclosed investors,Seed Funding,"10,00,000",,2017-05-03,1000000.0,Sumeru,sumeru,0.0,0.0,0,-1.0,1,0.0,2,1,Seed/Angel,Technology & SaaS,Bengaluru,0.0,0.0,0.0,0.0,0.0,1.0,0.0,0.0,1.0,0
496,15/11/2017,Sumeru,Technology,Banking Software License Platform,Bangalore,Undisclosed Investors,Seed Funding,"9,00,000",,2017-11-15,900000.0,Sumeru,sumeru,1000000.0,1000000.0,1,196.0,0,196.0,2,1,Seed/Angel,Technology & SaaS,Bengaluru,0.0,0.0,0.0,0.0,0.0,1.0,0.0,0.0,1.0,0
942,06/03/2017,Summerlabel,Consumer Internet,Fashion and Lifestyle discovery platform,Gurgaon,"Aneesh Seth, Tushar Mittal",Seed Funding,"1,50,000",,2017-03-06,150000.0,Summerlabel,summerlabel,0.0,0.0,0,-1.0,1,0.0,1,0,Seed/Angel,Consumer Internet & Media,Delhi-NCR,0.0,0.0,0.0,0.0,0.0,2.0,0.0,0.0,1.0,0
2487,05/08/2015,Sunday Realty Solutions,Tech Platform for property brokers,,Mumbai,"Ramesh Jogani, Shailesh Viswanathan, Jay Srinivasan",Seed Funding,"7,85,000",,2015-08-05,785000.0,Sunday Realty Solutions,sunday realty solutions,0.0,0.0,0,-1.0,1,0.0,1,0,Seed/Angel,Other,Mumbai,0.0,0.0,0.0,0.0,0.0,3.0,0.0,0.0,1.0,0
20,13/11/2019,Sunstone Eduversity Pvt. Ltd,Education,Elearning,Gurgaon,"Prime Venture Partners, LetsVenture, PS1 Venture and GlobalLogic co-founder Rajul Garg",Seed,"15,00,000",,2019-11-13,1500000.0,Sunstone Eduversity Pvt. Ltd,sunstone eduversity .,0.0,0.0,0,-1.0,1,0.0,1,0,Seed/Angel,EdTech,Delhi-NCR,0.000750938673341677,0.005316817904266545,0.0035094163416045663,0.0003029236949897748,0.00019342905504500445,3.0,0.0,1.0,1.0,0
2794,21/05/2015,SunTerrace,Rooftop Solar Plants,,New Delhi,Sunergy Investors,Private Equity,,,2015-05-21,,SunTerrace,sunterrace,0.0,0.0,0,-1.0,1,0.0,1,0,Private Equity,Other,Delhi-NCR,0.0,0.0,0.0,0.0,0.0,1.0,0.0,0.0,1.0,0
25,12/11/2019,SuperGaming,Video Games,Social gaming platform,Pune,Dream Incubator,Seed Funding,"13,00,000",,2019-11-12,1300000.0,SuperGaming,supergaming,0.0,0.0,0,-1.0,1,0.0,1,0,Seed/Angel,Other,Pune,0.00025031289111389235,0.0,0.0005028093977582128,0.00013177668582755648,0.00013177668582755648,1.0,0.0,1.0,3.0,1
2285,30/11/2015,Superhero Brands,character merchandize sales platform,,Mumbai,DSG Consumer Partners,Seed Funding,"5,40,000",,2015-11-30,540000.0,Superhero Brands,superhero brands,0.0,0.0,0,-1.0,1,0.0,1,0,Seed/Angel,Other,Mumbai,0.001501877346683354,0.005746251505479102,0.030855919122090774,0.0005464575058024244,0.0005464575058024244,1.0,0.0,1.0,1.0,0
1860,10/03/2016,Supplified,ECommerce,Construction material eTailer,New Delhi,Mohit Goel,Seed Funding,"10,00,000",,2016-03-10,1000000.0,Supplified,supplified,0.0,0.0,0,-1.0,1,0.0,1,0,Seed/Angel,E-Commerce,Delhi-NCR,0.0,0.0,0.0,0.0,0.0,1.0,0.0,0.0,1.0,0
1166,21/12/2016,Supr Daily,Consumer Internet,Daily Subscription based Delivery service,Mumbai,"Dr. Apoorv Ranjan Sharma, Anil Jain, Anuj Golecha, Krishna Jhunjhunwala, Anirudh Damani",Seed Funding,,,2016-12-21,,Supr Daily,supr daily,0.0,0.0,0,-1.0,1,0.0,3,1,Seed/Angel,Consumer Internet & Media,Mumbai,0.0,0.0,0.0,0.0,0.0,5.0,0.0,0.0,1.0,0
951,08/03/2017,Supr Daily,Consumer Internet,Subscription based Home Delivery Platform,Mumbai,Y Combinator,Seed Funding,"1,20,000",,2017-03-08,120000.0,Supr Daily,supr daily,0.0,0.0,1,77.0,0,77.0,3,1,Seed/Angel,Consumer Internet & Media,Mumbai,0.00425531914893617,0.03704616522382135,0.1137077548087308,0.0015893753600148012,0.0015893753600148012,1.0,0.0,1.0,1.0,0
850,30/05/2017,Supr Daily,Consumer Internet,Subscription based delivery platform,Mumbai,"Soma Capital, Great Oaks Ventures, 122 West Ventures",Private Equity,"15,00,000",,2017-05-30,1500000.0,Supr Daily,supr daily,120000.0,120000.0,2,83.0,0,160.0,3,1,Private Equity,Consumer Internet & Media,Mumbai,0.0,0.0,0.0,0.0,0.0,3.0,0.0,0.0,1.0,0
2655,29/07/2015,Swajal,Innovative Water Solutions,,Gurgaon,Abhishek Gupta,Private Equity,"12,00,000",Series A,2015-07-29,1200000.0,Swajal,swajal,0.0,0.0,0,-1.0,1,0.0,1,0,Private Equity,Other,Delhi-NCR,0.0,0.0,0.0,0.0,0.0,1.0,0.0,0.0,2.0,1
2811,03/04/2015,Swiggy,Online Food Delivery,,Bangalore,"Accel Partners, SAIF Partners",Private Equity,"20,00,000",Series A,2015-04-03,2000000.0,Swiggy,swiggy,0.0,0.0,0,-1.0,1,0.0,8,1,Private Equity,Logistics & Mobility,Bengaluru,0.0025031289111389233,0.03180691231866443,0.01397423501569189,0.0009597977221441899,0.0006260349839627771,2.0,1.0,1.0,3.0,1
2764,06/05/2015,Swiggy,Online Food Delivery,,Bangalore,Norwest Venture Partners,Private Equity,"1,50,00,000",Series B,2015-05-06,15000000.0,Swiggy,swiggy,2000000.0,2000000.0,1,33.0,0,33.0,8,1,Private Equity,Logistics & Mobility,Bengaluru,0.0010012515644555694,0.0019344325116446817,0.004810399254406555,0.0003916403585052038,0.0003916403585052038,1.0,1.0,1.0,3.0,1
2697,09/06/2015,Swiggy,Online Food Ordering,,Bangalore,"Norwest Venture Partners, SAIF Partners, Accel Partners",Private Equity,"1,65,00,000",Series B,2015-06-09,16500000.0,Swiggy,swiggy,17000000.0,15000000.0,2,34.0,0,67.0,8,1,Private Equity,Food & Beverage,Bengaluru,0.0025031289111389233,0.03180691231866443,0.01397423501569189,0.0009597977221441899,0.0005479034421435859,3.0,1.0,1.0,3.0,1
2059,19/01/2016,Swiggy,Consumer Internet,Online/Mobile food ordering platform,Bangalore,"Harmony Partners, RB Investments & existing investors",Private Equity,"3,50,00,000",,2016-01-19,35000000.0,Swiggy,swiggy,33500000.0,16500000.0,3,224.0,0,291.0,8,1,Private Equity,Consumer Internet & Media,Bengaluru,0.0,0.0,0.0,0.0,0.0,2.0,0.0,0.0,3.0,1
1693,10/05/2016,Swiggy,Consumer Internet,Food Delivery Platform,Bangalore,"Norwest Venture Partners, DST Global, Accel Partners",Private Equity,"70,00,000",,2016-05-10,7000000.0,Swiggy,swiggy,68500000.0,35000000.0,4,112.0,0,403.0,8,1,Private Equity,Consumer Internet & Media,Bengaluru,0.0025031289111389233,0.03180691231866443,0.03569335593627569,0.0009597977221441899,0.0006251357455866073,3.0,1.0,1.0,3.0,1
1381,19/09/2016,Swiggy,Consumer Internet,Online Food Ordering & Delivery,Bangalore,Bessemer Venture Partners,Private Equity,"1,50,00,000",,2016-09-19,15000000.0,Swiggy,swiggy,75500000.0,7000000.0,5,132.0,0,535.0,8,1,Private Equity,Consumer Internet & Media,Bengaluru,0.0012515644555694616,0.004593992124282985,0.002924969761969057,0.0005026251490342794,0.0005026251490342794,1.0,0.0,1.0,3.0,1
851,30/05/2017,Swiggy,Consumer Internet,Online food delivery platform,Bangalore,"Nasper, Accel India, SAIF Partners, Bessemer Venture Partners, Harmony Partners, Norwest Venture Partners",Private Equity,"8,00,00,000",,2017-05-30,80000000.0,Swiggy,swiggy,90500000.0,15000000.0,6,253.0,0,788.0,8,1,Private Equity,Consumer Internet & Media,Bengaluru,0.0012515644555694616,0.004593992124282985,0.005457297960275162,0.0005026251490342794,0.00036798793186503084,6.0,1.0,1.0,3.0,1
358,07/02/2018,Swiggy,Food and Beverages,Online Food Delivery,Bengaluru,Naspers,Private Equity,"10,00,00,000",,2018-02-07,100000000.0,Swiggy,swiggy,170500000.0,80000000.0,7,253.0,0,1041.0,8,1,Private Equity,Food & Beverage,Bengaluru,0.0,0.0,0.0,0.0,0.0,1.0,0.0,0.0,3.0,1
1903,31/03/2016,SwitchMe,Consumer Internet,Home Loan Rate comparison platform,Mumbai,"Mohandas Pai, Hiro Mashita, Singapore Angel Network, 500 Startups, Rajan Anandan, Ajay Sarupria",Seed Funding,,,2016-03-31,,SwitchMe,switchme,0.0,0.0,0,-1.0,1,0.0,1,0,Seed/Angel,Consumer Internet & Media,Mumbai,0.00025031289111389235,0.0,2.1987016027543615e-06,0.00014618287768732643,0.00014618287768732643,6.0,0.0,1.0,1.0,0
282,02/04/2018,Synctag,Technology,Social Media Anlaytics Platform,Coimbatore,Subhkam Ventures and Mohit Khadaria,Seed / Angel Funding,"3,07,600",,2018-04-02,307600.0,Synctag,synctag,0.0,0.0,0,-1.0,1,0.0,1,0,Seed/Angel,Technology & SaaS,Tier-2/Other,0.0,0.0,0.0,0.0,0.0,1.0,0.0,0.0,1.0,0
619,25/09/2017,Synup,Technology,SME Marketing Management Solution,Bangalore,"Vertex Ventures, Prime Venture Partners.",Private Equity,"60,00,000",,2017-09-25,6000000.0,Synup,synup,0.0,0.0,0,-1.0,1,0.0,1,0,Private Equity,Technology & SaaS,Bengaluru,0.0005006257822277847,0.0017919265324928945,0.001091590874873286,0.0002252863951394502,0.00018300086899922181,2.0,0.0,1.0,1.0,0
2735,24/06/2015,Syona Cosmetics,Beauty and Wellness platform,,Chennai,Chennai Angels,Seed Funding,,,2015-06-24,,Syona Cosmetics,syona cosmetics,0.0,0.0,0,-1.0,1,0.0,2,1,Seed/Angel,Other,Chennai,0.000750938673341677,0.002207942702539416,0.0012113159830875644,0.0003491956708925769,0.0003491956708925769,1.0,0.0,1.0,1.0,0
1631,21/06/2016,Syona Cosmetics,FMCG,Beauty Products & Training to Salons & Spas,Chennai,The Chennai Angels,Seed Funding,"1,50,000",,2016-06-21,150000.0,Syona Cosmetics,syona cosmetics,0.0,0.0,1,363.0,0,363.0,2,1,Seed/Angel,Other,Chennai,0.000750938673341677,0.002207942702539416,0.0012113159830875644,0.0003491956708925769,0.0003491956708925769,1.0,0.0,1.0,1.0,0
1826,02/03/2016,Systemantics,Technology,Industrial robots maker,Bangalore,"Nandan Nilekani, Accel Partners",Private Equity,"14,00,000",,2016-03-02,1400000.0,Systemantics,systemantics,0.0,0.0,0,-1.0,1,0.0,1,0,Private Equity,Technology & SaaS,Bengaluru,0.0025031289111389233,0.03180691231866443,0.01397423501569189,0.0009597977221441899,0.0009597977221441899,2.0,1.0,1.0,1.0,0
1958,16/02/2016,TableHero,Consumer Internet,Dynamic Restaurant Website creator,Bangalore,"GrowX Ventures, Kunal Shah, Sandeep Tandon, Haresh Chawla, Powai Lake Ventures, Globevestor",Seed Funding,"10,00,000",,2016-02-16,1000000.0,TableHero,tablehero,0.0,0.0,0,-1.0,1,0.0,1,0,Seed/Angel,Consumer Internet & Media,Bengaluru,0.00025031289111389235,0.0,0.01164948001901309,0.00014934135773833068,0.00013830379879697393,6.0,0.0,1.0,1.0,0
1465,23/08/2016,TAC Security,Technology,Cyber-Security Solutions Provider,New Delhi,Vijay Kedia,Seed Funding,,,2016-08-23,,TAC Security,tac security,0.0,0.0,0,-1.0,1,0.0,1,0,Seed/Angel,Technology & SaaS,Delhi-NCR,0.0,0.0,0.0,0.0,0.0,1.0,0.0,0.0,1.0,0
560,24/10/2017,TagBox,Technology,Cold Chain monitoring solution,Bangalore,"Indian Angel network, IAN Fund",Seed Funding,,,2017-10-24,,TagBox,tagbox,0.0,0.0,0,-1.0,1,0.0,1,0,Seed/Angel,Technology & SaaS,Bengaluru,0.002002503128911139,0.01824005447159346,0.03555811791464255,0.0008020854002554353,0.0007596966518906184,2.0,0.0,1.0,1.0,0
784,30/06/2017,Tagos Design,Technology,in-video discovery platform,Bangalore,Undisclosed Investors,Private Equity,"50,00,000",,2017-06-30,5000000.0,Tagos Design,tagos design,0.0,0.0,0,-1.0,1,0.0,1,0,Private Equity,Technology & SaaS,Bengaluru,0.0,0.0,0.0,0.0,0.0,1.0,0.0,0.0,1.0,0
586,07/09/2017,Tails Life,Consumer Internet,Pet care portal & mobile app,Bangalore,V Balakrishnan.,Private Equity,,,2017-09-07,,Tails Life,tails life,0.0,0.0,0,-1.0,1,0.0,1,0,Private Equity,Consumer Internet & Media,Bengaluru,0.0,0.0,0.0,0.0,0.0,1.0,0.0,0.0,1.0,0
1130,07/12/2016,Tailslife,Consumer Internet,Pet Parenting mobile app,Bangalore,"Mohan Kumar, V. Balakrishnan",Seed Funding,,,2016-12-07,,Tailslife,tailslife,0.0,0.0,0,-1.0,1,0.0,1,0,Seed/Angel,Consumer Internet & Media,Bengaluru,0.0,0.0,0.0,0.0,0.0,2.0,0.0,0.0,1.0,0
55,23/08/2019,Tala,FinTech,Digital Lending Platform,Santa Monica,RPS Ventures,Series D,"11,00,00,000",,2019-08-23,110000000.0,Tala,tala,0.0,0.0,0,-1.0,1,0.0,1,0,Late Stage (C+),FinTech,Tier-2/Other,0.0,0.0,0.0,0.0,0.0,1.0,0.0,0.0,1.0,0
1339,31/10/2016,Talent Next,Consumer Internet,Talent Discovery & Audition management platform,Mumbai,Karanpal Singh & Others,Seed Funding,"10,00,000",,2016-10-31,1000000.0,Talent Next,talent next,0.0,0.0,0,-1.0,1,0.0,1,0,Seed/Angel,Consumer Internet & Media,Mumbai,0.0,0.0,0.0,0.0,0.0,1.0,0.0,0.0,1.0,0
484,08/11/2017,TalentEdge,Technology,Distance Education Learning Platform,Bangalore,Lumis Partners,Private Equity,"76,00,000",,2017-11-08,7600000.0,TalentEdge,talentedge,0.0,0.0,0,-1.0,1,0.0,1,0,Private Equity,Technology & SaaS,Bengaluru,0.00025031289111389235,0.0,3.32198033193759e-05,0.00013722610522145704,0.00013722610522145704,1.0,0.0,1.0,1.0,0
2282,27/11/2015,Talentrack,Talent Exchange & Talent Services Marketplace,,New Delhi,Unigrowth Inc,Seed Funding,,,2015-11-27,,Talentrack,talentrack,0.0,0.0,0,-1.0,1,0.0,1,0,Seed/Angel,E-Commerce,Delhi-NCR,0.0,0.0,0.0,0.0,0.0,1.0,0.0,0.0,1.0,0
2263,21/11/2015,Talkoot,Social platform for traders and investors,,Bangalore,Undisclosed investors,Seed Funding,"1,00,000",,2015-11-21,100000.0,Talkoot,talkoot,0.0,0.0,0,-1.0,1,0.0,1,0,Seed/Angel,Other,Bengaluru,0.0,0.0,0.0,0.0,0.0,1.0,0.0,0.0,1.0,0
1780,15/04/2016,Tapchief,Consumer Internet,Expert Advice Platform,Bangalore,Vijay Shekhar Sharma,Seed Funding,"1,50,000",,2016-04-15,150000.0,Tapchief,tapchief,0.0,0.0,0,-1.0,1,0.0,2,1,Seed/Angel,Consumer Internet & Media,Bengaluru,0.000750938673341677,0.00471909365926236,0.0014597492225774918,0.0003333108063015668,0.0003333108063015668,1.0,0.0,1.0,1.0,0
1244,26/11/2016,TapChief,Consumer Internet,Professional Expert Advice Platform,Bangalore,"Paytm, Aprameya Radhakrishna, Subramanya Venkat, Venk Krishnan",Seed Funding,,,2016-11-26,,TapChief,tapchief,150000.0,150000.0,1,225.0,0,225.0,2,1,Seed/Angel,Consumer Internet & Media,Bengaluru,0.00025031289111389235,0.0,5.436574580572323e-09,0.00019298932774467834,0.00019298932774467834,4.0,0.0,1.0,1.0,0
3007,09/01/2015,TapCibo,,,,Alok Goel,Seed Funding,,,2015-01-09,,TapCibo,tapcibo,0.0,0.0,0,-1.0,1,0.0,1,0,Seed/Angel,Other,Tier-2/Other,0.0,0.0,0.0,0.0,0.0,1.0,0.0,0.0,1.0,0
398,10/01/2018,Tapzo,Technology,Personal Assistant,Bengaluru,RuNet & Other,Private Equity,"19,30,000",,2018-01-10,1930000.0,Tapzo,tapzo,0.0,0.0,0,-1.0,1,0.0,1,0,Private Equity,Technology & SaaS,Bengaluru,0.0,0.0,0.0,0.0,0.0,1.0,0.0,0.0,1.0,0
1836,04/03/2016,Tarusa World,ECommerce,Handicraft products eTailer,Mumbai,Mohit Gulati,Seed Funding,,,2016-03-04,,Tarusa World,tarusa world,0.0,0.0,0,-1.0,1,0.0,1,0,Seed/Angel,E-Commerce,Mumbai,0.0,0.0,0.0,0.0,0.0,1.0,0.0,0.0,1.0,0
2840,16/04/2015,Taskbob,OnDemand\\nMobile Handyman Services,,Mumbai,"Orios Venture Partners, Mayfield India",Seed Funding,"12,00,000",,2015-04-16,1200000.0,Taskbob,taskbob,0.0,0.0,0,-1.0,1,0.0,2,1,Seed/Angel,Other,Mumbai,0.0005006257822277847,0.001577460057420298,0.0006611364960252393,0.00023911949570192242,0.00023911949570192242,2.0,0.0,1.0,1.0,0
1985,22/02/2016,Taskbob,Consumer Internet,Hyperlocal Handyman services platform,Mumbai,"IvyCap Ventures, Orios Venture Partners, Mayfield India",Private Equity,"45,00,000",,2016-02-22,4500000.0,Taskbob,taskbob,1200000.0,1200000.0,1,312.0,0,312.0,2,1,Private Equity,Consumer Internet & Media,Mumbai,0.0010012515644555694,0.0025562052263307694,0.0006611364960252393,0.00042674507745196256,0.0003329322865769425,3.0,0.0,1.0,1.0,0
2238,16/11/2015,TaskBucks,mobile-only tasks marketplace,,New Delhi,Times Internet,Private Equity,"1,50,00,000",Strategic Investment,2015-11-16,15000000.0,TaskBucks,taskbucks,0.0,0.0,0,-1.0,1,0.0,1,0,Private Equity,E-Commerce,Delhi-NCR,0.0,0.0,0.0,0.0,0.0,1.0,0.0,0.0,1.0,0
431,05/12/2017,Tata Housing,Real Estate,Residential Project,Mumbai,Hines,Private Equity,"2,30,00,000",,2017-12-05,23000000.0,Tata Housing,tata housing,0.0,0.0,0,-1.0,1,0.0,1,0,Private Equity,Other,Mumbai,0.0,0.0,0.0,0.0,0.0,1.0,0.0,0.0,1.0,0
2372,29/10/2015,Tavaga,Investment management platform,,Mumbai,Tracxn Syndicate,Seed Funding,,,2015-10-29,,Tavaga,tavaga,0.0,0.0,0,-1.0,1,0.0,1,0,Seed/Angel,Other,Mumbai,0.0,0.0,0.0,0.0,0.0,1.0,0.0,0.0,1.0,0
1557,20/07/2016,Tax2Win,Consumer Internet,Online Tax Filing Portal,Jaipur,Undisclosed Investors,Private Equity,"10,00,000",,2016-07-20,1000000.0,Tax2Win,tax2win,0.0,0.0,0,-1.0,1,0.0,1,0,Private Equity,Consumer Internet & Media,Jaipur,0.0,0.0,0.0,0.0,0.0,1.0,0.0,0.0,1.0,0
1719,19/05/2016,TaxiVaxi,Consumer Internet,Cab Aggregating Platform,New Delhi,Undisclosed HNIs,Seed Funding,"5,00,000",,2016-05-19,500000.0,TaxiVaxi,taxivaxi,0.0,0.0,0,-1.0,1,0.0,1,0,Seed/Angel,Consumer Internet & Media,Delhi-NCR,0.00025031289111389235,0.0,1.54413417595609e-07,0.00016435886649189237,0.00016435886649189237,1.0,0.0,1.0,1.0,0
2982,25/02/2015,TaxSutra,,,,"V Balakrishnan, T V Mohandas Pai",Seed\\nFunding,"1,60,000",,2015-02-25,160000.0,TaxSutra,taxsutra,0.0,0.0,0,-1.0,1,0.0,2,1,Seed/Angel,Other,Tier-2/Other,0.0,0.0,0.0,0.0,0.0,2.0,0.0,0.0,1.0,0
1044,02/01/2017,TaxSutra,Consumer Internet,Online Tax Filing platform,Pune,"TV Mohandas Pai, V Balakrishnan, PV Srinivasan",Seed Funding,"3,66,000",,2017-01-02,366000.0,TaxSutra,taxsutra,160000.0,160000.0,1,677.0,0,677.0,2,1,Seed/Angel,Consumer Internet & Media,Pune,0.0,0.0,0.0,0.0,0.0,3.0,0.0,0.0,1.0,0
1302,15/10/2016,Tazzo Bikes,Consumer Internet,Motorbike rental platform,Hyderabad,DSG Consumer Partners,Seed Funding,"2,27,000",,2016-10-15,227000.0,Tazzo Bikes,tazzo bikes,0.0,0.0,0,-1.0,1,0.0,1,0,Seed/Angel,Consumer Internet & Media,Hyderabad,0.001501877346683354,0.005746251505479102,0.030855919122090774,0.0005464575058024244,0.0005464575058024244,1.0,0.0,1.0,1.0,0
453,14/12/2017,Tea Box,E-Commerce,Fresh Indian Tea Selling Platform across 112 countries,Bengaluru,RB Investments,Private Equity,"70,00,000",,2017-12-14,7000000.0,Tea Box,tea box,0.0,0.0,0,-1.0,1,0.0,1,0,Private Equity,E-Commerce,Bengaluru,0.0,0.0,0.0,0.0,0.0,1.0,0.0,0.0,1.0,0
2420,15/09/2015,Tea Trails,Chain of Tea Caf\\xc3\\xa9\\xe2\\x80\\x99s,,Mumbai,"Anil Matai, Vikram Tandon, Shyam Sundar R & others",Seed Funding,"10,00,000",,2015-09-15,1000000.0,Tea Trails,tea trails,0.0,0.0,0,-1.0,1,0.0,1,0,Seed/Angel,Technology & SaaS,Mumbai,0.0,0.0,0.0,0.0,0.0,3.0,0.0,0.0,1.0,0
2916,25/03/2015,Teabox,,,,"JAFCO Asia, Keystone Group, Dragoneer Investment, Accel Partners",Private Equity,"60,00,000",Series A,2015-03-25,6000000.0,Teabox,teabox,0.0,0.0,0,-1.0,1,0.0,3,1,Private Equity,Other,Tier-2/Other,0.0025031289111389233,0.03180691231866443,0.02657466515047878,0.0009597977221441899,0.0004534836510762003,4.0,1.0,1.0,1.0,0
2090,27/01/2016,Teabox.com,ECommerce,Specialty Tea ETailer,Siliguri,Ratan Tata,Private Equity,,,2016-01-27,,Teabox.com,teabox,6000000.0,6000000.0,1,308.0,0,308.0,3,1,Private Equity,E-Commerce,Tier-2/Other,0.0,0.0,0.0,0.0,0.0,1.0,0.0,0.0,1.0,0
1588,09/06/2016,Teabox,eCommerce,Online Tea Store,Siliguri,Cameron Jones,Seed Funding,,,2016-06-09,,Teabox,teabox,6000000.0,6000000.0,2,134.0,0,442.0,3,1,Seed/Angel,E-Commerce,Tier-2/Other,0.0,0.0,0.0,0.0,0.0,1.0,0.0,0.0,1.0,0
2928,28/03/2015,Team Indus,,,,"Nandan Nilekani, Rajiv Mody, Ajai Chowdhary",Private Equity,"15,00,000",Pre-Series A,2015-03-28,1500000.0,Team Indus,team indus,0.0,0.0,0,-1.0,1,0.0,1,0,Private Equity,Other,Tier-2/Other,0.0,0.0,0.0,0.0,0.0,3.0,0.0,0.0,1.0,0
2922,26/03/2015,Teewe,,,,"Sequoia Capital, India Quotient",Seed Funding,"17,50,000",,2015-03-26,1750000.0,Teewe,teewe,0.0,0.0,0,-1.0,1,0.0,1,0,Seed/Angel,Other,Tier-2/Other,0.004005006257822278,0.059859204892582674,0.09566198113272546,0.001413958516141685,0.0009843521290900706,2.0,1.0,1.0,1.0,0
825,16/05/2017,Telr,Technology,Online Payment Gateway,Mumbai,Innovations East,Private Equity,"30,00,000",,2017-05-16,3000000.0,Telr,telr,0.0,0.0,0,-1.0,1,0.0,1,0,Private Equity,Technology & SaaS,Mumbai,0.0,0.0,0.0,0.0,0.0,1.0,0.0,0.0,1.0,0
514,24/11/2017,TempGo,Technology,IoT and SaaS based transportation platform,Goa,Javelin StartupO Victory Fund,Seed/Angel Funding,"2,50,000",,2017-11-24,250000.0,TempGo,tempgo,0.0,0.0,0,-1.0,1,0.0,1,0,Seed/Angel,Technology & SaaS,Tier-2/Other,0.0,0.0,0.0,0.0,0.0,1.0,0.0,0.0,1.0,0
1045,03/01/2017,TempoGo,Technology,IoT & SAAS Solutions for Transportation Industry,Panaji,K2 Capital,Seed Funding,"8,25,000",,2017-01-03,825000.0,TempoGo,tempogo,0.0,0.0,0,-1.0,1,0.0,1,0,Seed/Angel,Technology & SaaS,Tier-2/Other,0.0,0.0,0.0,0.0,0.0,1.0,0.0,0.0,1.0,0
1152,14/12/2016,Ten3t Health,Technology,medical grade wearable patch maker,Bangalore,"V. Krishna Prasad, Bhupen Shah & Others",Seed Funding,,,2016-12-14,,Ten3t Health,ten3t health,0.0,0.0,0,-1.0,1,0.0,1,0,Seed/Angel,Technology & SaaS,Bengaluru,0.0,0.0,0.0,0.0,0.0,2.0,0.0,0.0,1.0,0
2700,09/06/2015,Teritree,Digital Marketing Services,,Bangalore,KCL,Seed Funding,"1,40,000",,2015-06-09,140000.0,Teritree,teritree,0.0,0.0,0,-1.0,1,0.0,1,0,Seed/Angel,Other,Bengaluru,0.0,0.0,0.0,0.0,0.0,1.0,0.0,0.0,1.0,0
2754,01/05/2015,Termsheet,Fund Raising Platform,,Chennai,"Anand Vijay, Nipun Dureja, Satyajit Heeralal, Keith Rodricks, Gaurav Lochan, Azmul Haque, Nikhil Bagri",Seed Funding,"1,00,000",,2015-05-01,100000.0,Termsheet,termsheet,0.0,0.0,0,-1.0,1,0.0,1,0,Seed/Angel,Technology & SaaS,Chennai,0.0,0.0,0.0,0.0,0.0,7.0,0.0,0.0,1.0,0
1822,01/03/2016,Testbook,Consumer Internet,Online Test Preparation Platform,Mumbai,S Chand & Co,Private Equity,,,2016-03-01,,Testbook,testbook,0.0,0.0,0,-1.0,1,0.0,2,1,Private Equity,Consumer Internet & Media,Mumbai,0.00025031289111389235,0.0,3.63414446275521e-08,0.00017390235357615433,0.00017390235357615433,1.0,0.0,1.0,1.0,0
856,03/04/2017,TestBook,Consumer Internet,Online Test Preparation Platform,Mumbai,Matrix Partners India,Private Equity,,,2017-04-03,,TestBook,testbook,0.0,0.0,1,398.0,0,398.0,2,1,Private Equity,Consumer Internet & Media,Mumbai,0.00025031289111389235,0.0,0.0011995984420673335,0.00012986659567895903,0.00012986659567895903,1.0,1.0,1.0,1.0,0
1126,06/12/2016,THB,Technology,Clinical research and data analytics,Gurgaon,"Ajith Sukumaran, Currae Healthtech Fund",Seed Funding,,,2016-12-06,,THB,thb,0.0,0.0,0,-1.0,1,0.0,1,0,Seed/Angel,Technology & SaaS,Delhi-NCR,0.0,0.0,0.0,0.0,0.0,2.0,0.0,0.0,1.0,0
2899,16/03/2015,The Better India,,,,I-cube-N,Seed Funding,"1,66,000",,2015-03-16,166000.0,The Better India,the better india,0.0,0.0,0,-1.0,1,0.0,1,0,Seed/Angel,Other,Tier-2/Other,0.0,0.0,0.0,0.0,0.0,1.0,0.0,0.0,1.0,0
1167,21/12/2016,The BlueBook,Consumer Internet,online to offline marketing platform,Bangalore,"Indian Angel Network, Let\\xe2\\x80\\x99s Venture",Seed Funding,"5,00,000",,2016-12-21,500000.0,The BlueBook,the bluebook,0.0,0.0,0,-1.0,1,0.0,1,0,Seed/Angel,Consumer Internet & Media,Bengaluru,0.002002503128911139,0.01032696862918804,0.03555811791464255,0.0008020854002554353,0.0008020854002554353,2.0,0.0,1.0,1.0,0
829,18/05/2017,The Good Life,ECommerce,Online Luxury Tea etailer,Mumbai,"Ayesha Takia Azmi, Abu Farhan Azmi",Seed Funding,"10,00,000",,2017-05-18,1000000.0,The Good Life,the good life,0.0,0.0,0,-1.0,1,0.0,1,0,Seed/Angel,E-Commerce,Mumbai,0.0,0.0,0.0,0.0,0.0,2.0,0.0,0.0,1.0,0
1200,04/11/2016,The Gourmet Jar,eCommerce,Gourmet Food etailer,Noida,Chandigarh Angels Network,Seed Funding,,,2016-11-04,,The Gourmet Jar,the gourmet jar,0.0,0.0,0,-1.0,1,0.0,1,0,Seed/Angel,E-Commerce,Delhi-NCR,0.00025031289111389235,0.0,1.54413417595609e-07,0.00016435886649189237,0.00016435886649189237,1.0,0.0,1.0,1.0,1
383,21/02/2018,The Healthy Billions,Healthcare,Analytics,Gurugram,"Blume Ventures, HealthQuad and Fireside Ventures",Private Equity,"21,00,000",,2018-02-21,2100000.0,The Healthy Billions,the healthy billions,0.0,0.0,0,-1.0,1,0.0,1,0,Private Equity,Healthcare,Delhi-NCR,0.0005006257822277847,3.7603338675096497e-07,2.4573577241560827e-06,0.0003074012149302045,0.00022636004248270626,2.0,1.0,1.0,1.0,0
2475,03/08/2015,The Home Salon,on-demand home beauty and wellness portal,,Mumbai,VentureNursery,Seed Funding,,,2015-08-03,,The Home Salon,the home salon,0.0,0.0,0,-1.0,1,0.0,1,0,Seed/Angel,Other,Mumbai,0.0,0.0,0.0,0.0,0.0,1.0,0.0,0.0,1.0,0
1623,20/06/2016,The Indian IRIS,Consumer Internet,Govt Policy Research & Information portal,Ahmedabad,Timbru Ventures,Seed Funding,,,2016-06-20,,The Indian IRIS,the indian iris,0.0,0.0,0,-1.0,1,0.0,1,0,Seed/Angel,Consumer Internet & Media,Ahmedabad,0.0,0.0,0.0,0.0,0.0,1.0,0.0,0.0,1.0,0
1027,17/02/2017,The Ken,Consumer Internet,Online Media Platform,Bangalore,"Aprameya Radhakrishna, Deepak Natraj, Girish Mathrubootham, Mahesh Murthy, Pallav Nadhani, Pavan Ongole, Sandeep Mathur, Vijay Shekhar Sharma & Others",Seed Funding,"4,00,000",,2017-02-17,400000.0,The Ken,the ken,0.0,0.0,0,-1.0,1,0.0,2,1,Seed/Angel,Consumer Internet & Media,Bengaluru,0.000750938673341677,0.00471909365926236,0.0014597492225774918,0.0003333108063015668,0.0003333108063015668,8.0,0.0,1.0,1.0,0
207,18/07/2018,The Ken,Consumer Internet,Subscription-Only News Website,Bengaluru,Omidyar Network & Others,Seed/ Angel Funding,"15,00,000",,2018-07-18,1500000.0,The Ken,the ken,400000.0,400000.0,1,516.0,0,516.0,2,1,Seed/Angel,Consumer Internet & Media,Bengaluru,0.0010012515644555694,0.007109553316259028,0.013758018688313459,0.0003983214631420374,0.0003983214631420374,1.0,0.0,1.0,1.0,0
1330,26/10/2016,The Kettlery,eCommerce,Online Tea Etailer,Ahmedabad,"hooting Starts Sports LLP, Franchise India Brands",Private Equity,"10,00,000",,2016-10-26,1000000.0,The Kettlery,the kettlery,0.0,0.0,0,-1.0,1,0.0,1,0,Private Equity,E-Commerce,Ahmedabad,0.0,0.0,0.0,0.0,0.0,2.0,0.0,0.0,1.0,0
437,07/12/2017,The Label Life,E-Commerce,Home Decor and Online Fashion Portal,Mumbai,Kalpvriksh,Private Equity,"31,00,000",,2017-12-07,3100000.0,The Label Life,the label life,0.0,0.0,0,-1.0,1,0.0,1,0,Private Equity,E-Commerce,Mumbai,0.0,0.0,0.0,0.0,0.0,1.0,0.0,0.0,1.0,0
2443,22/09/2015,The Man Company,Content-based Subscription eCommerce platform,,New Delhi,"Karan Bajwa, Amanpreet Bajaj, Manish Vij",Seed Funding,,,2015-09-22,,The Man Company,the man company,0.0,0.0,0,-1.0,1,0.0,2,1,Seed/Angel,E-Commerce,Delhi-NCR,0.00025031289111389235,0.0,0.0013162790414074882,0.0001309464257626213,0.0001309464257626213,3.0,0.0,1.0,1.0,0
35,21/10/2019,The Man Company,Consumer Goods,Beauty and Grooming,Gurgaon,Ayushmann Khurana,Corporate Round,unknown,,2019-10-21,,The Man Company,the man company,0.0,0.0,1,1490.0,0,1490.0,2,1,Other/Undisclosed,Other,Delhi-NCR,0.0,0.0,0.0,0.0,0.0,1.0,0.0,0.0,1.0,0
608,18/09/2017,The Moms Co,eCommerce,Pregnancy & Baby Care product etailer,Gurgaon,"DSG Consumer Partners, Saama Capital",Private Equity,"10,00,000",,2017-09-18,1000000.0,The Moms Co,the moms co,0.0,0.0,0,-1.0,1,0.0,1,0,Private Equity,E-Commerce,Delhi-NCR,0.001501877346683354,0.005746251505479102,0.030855919122090774,0.0005464575058024244,0.0005024775974750543,2.0,0.0,1.0,1.0,0
970,22/03/2017,The Mons Co.,eCommerce,Pregnancy & Baby Care etailer,New Delhi,"Shripad Nadkarni, Nandu Nandkishore",Seed Funding,,,2017-03-22,,The Mons Co.,the mons co.,0.0,0.0,0,-1.0,1,0.0,1,0,Seed/Angel,E-Commerce,Delhi-NCR,0.0,0.0,0.0,0.0,0.0,2.0,0.0,0.0,1.0,0
2173,18/12/2015,The News Minute,Online Media Publication,,Bangalore,Quintillion Media,Seed Funding,,,2015-12-18,,The News Minute,the news minute,0.0,0.0,0,-1.0,1,0.0,1,0,Seed/Angel,Consumer Internet & Media,Bengaluru,0.0,0.0,0.0,0.0,0.0,1.0,0.0,0.0,1.0,0
910,25/04/2017,The Office Pass,Consumer Internet,CoWorking Spaces booking platform,Gurgaon,"Arun Tadanki, Aditya Verma",Seed Funding,"2,45,000",,2017-04-25,245000.0,The Office Pass,the office pass,0.0,0.0,0,-1.0,1,0.0,1,0,Seed/Angel,Consumer Internet & Media,Delhi-NCR,0.00025031289111389235,0.0,5.005742896119195e-07,0.00015863277424133518,0.00015863277424133518,2.0,0.0,1.0,1.0,0
2832,13/04.2015,The Porter,Logistics Tech,,Mumbai,Kae Capital,Seed Funding,"5,00,000",,2015-04-13,500000.0,The Porter,the porter,0.0,0.0,0,-1.0,1,0.0,2,1,Seed/Angel,Logistics & Mobility,Mumbai,0.0005006257822277847,0.0022066892579169126,0.00030628027223875305,0.00022405951589119736,0.00022405951589119736,1.0,0.0,1.0,1.0,0
2738,24/06/2015,The Porter,Logistics Tech,,Mumbai,"Sequoia Capital, Kae Capital, Anupam Mittal, Sandeep Tandon",Private Equity,"55,00,000",Series A,2015-06-24,5500000.0,The Porter,the porter,500000.0,500000.0,1,72.0,0,72.0,2,1,Private Equity,Logistics & Mobility,Mumbai,0.004005006257822278,0.059859204892582674,0.09566198113272546,0.001413958516141685,0.0008190090160164412,4.0,1.0,1.0,1.0,0
1178,26/12/2016,The Postbox,eCommerce,Art & Lifestyle ECommerce Store,Chennai,"The Chennai Angels, Ritesh Mehta, Aruna Ganesh Ram",Seed Funding,,,2016-12-26,,The Postbox,the postbox,0.0,0.0,0,-1.0,1,0.0,1,0,Seed/Angel,E-Commerce,Chennai,0.000750938673341677,0.002207942702539416,0.0012113159830875644,0.0003491956708925769,0.0003491956708925769,3.0,0.0,1.0,1.0,0
839,23/05/2017,The Print,Consumer Internet,News Portal,New Delhi,"Ratan Tata, Nandan Nilekani, Uday Kotak, Vijay Shekhar Sharma, Kiran Mazumdar-Shaw, Rajiv C Mody",Seed Funding,,,2017-05-23,,The Print,the print,0.0,0.0,0,-1.0,1,0.0,2,1,Seed/Angel,Consumer Internet & Media,Delhi-NCR,0.000750938673341677,0.00471909365926236,0.0014597492225774918,0.0003333108063015668,0.0003333108063015668,6.0,0.0,1.0,1.0,0
348,27/03/2018,The Print,Media,News portal,Delhi,Ratan Tata,Seed / Angel Funding,"5,35,000",,2018-03-27,535000.0,The Print,the print,0.0,0.0,1,308.0,0,308.0,2,1,Seed/Angel,Consumer Internet & Media,Delhi-NCR,0.0,0.0,0.0,0.0,0.0,1.0,0.0,0.0,1.0,0
1635,23/06/2016,The Uolo,Consumer Internet,School Parent Communication App,Bangalore,"Purvi Ventures, Rajul Garg, Vipin Arora",Seed Funding,"2,10,000",,2016-06-23,210000.0,The Uolo,the uolo,0.0,0.0,0,-1.0,1,0.0,1,0,Seed/Angel,Consumer Internet & Media,Bengaluru,0.0,0.0,0.0,0.0,0.0,3.0,0.0,0.0,1.0,0
1967,17/02/2016,The Viral Fever,Consumer Internet,Independent Online Video production company,Mumbai,Tiger Global,Private Equity,"1,00,00,000",,2016-02-17,10000000.0,The Viral Fever,the viral fever,0.0,0.0,0,-1.0,1,0.0,1,0,Private Equity,Consumer Internet & Media,Mumbai,0.005006257822277847,0.07287536754319783,0.18527724887454788,0.0017164247516392465,0.0017164247516392465,1.0,1.0,1.0,1.0,1
1816,28/04/2016,The Wedding Brigade,Consumer Internet,Online Wedding Information Portal,Mumbai,Blume Ventures & Other unnamed Investors,Seed Funding,"6,00,000",,2016-04-28,600000.0,The Wedding Brigade,the wedding brigade,0.0,0.0,0,-1.0,1,0.0,2,1,Seed/Angel,Consumer Internet & Media,Mumbai,0.00025031289111389235,0.0,2.4573577241560827e-06,0.00014531887003520802,0.00014531887003520802,1.0,1.0,1.0,1.0,0
422,29/01/2018,The Wedding Brigade,Consumer internet,Online Services,Mumbai,Blume Ventures,Private Equity,"10,00,000",,2018-01-29,1000000.0,The Wedding Brigade,the wedding brigade,600000.0,600000.0,1,641.0,0,641.0,2,1,Private Equity,Consumer Internet & Media,Mumbai,0.00025031289111389235,0.0,2.4573577241560827e-06,0.00014531887003520802,0.00014531887003520802,1.0,1.0,1.0,1.0,0
2406,10/09/2015,The/Nudge Foundation,Non Profit Organization to alleviate poverty,,Bangalore,"Nanadan Nilekani, InMobi, Paytm",Seed Funding,"3,15,000",,2015-09-10,315000.0,The/Nudge Foundation,the/nudge foundation,0.0,0.0,0,-1.0,1,0.0,1,0,Seed/Angel,Other,Bengaluru,0.00025031289111389235,0.0,5.436574580572323e-09,0.00019298932774467834,0.00019298932774467834,3.0,0.0,1.0,1.0,0
2784,18/05/2015,TheBetterIndia.com,Online News Media,,Bangalore,Mohandas Pai,Seed Funding,,Pre-Series Bridge,2015-05-18,,TheBetterIndia.com,thebetterindia,0.0,0.0,0,-1.0,1,0.0,1,0,Seed/Angel,Consumer Internet & Media,Bengaluru,0.0,0.0,0.0,0.0,0.0,1.0,0.0,0.0,1.0,0
221,26/07/2018,TheCapitalNet,Fin-Tech,Unified Global Investments Ecosystem,Hyderabad,Lindwall Family Investments LLC (LFI),Private Equity,"5,00,000",,2018-07-26,500000.0,TheCapitalNet,thecapitalnet,0.0,0.0,0,-1.0,1,0.0,1,0,Private Equity,Other,Hyderabad,0.0,0.0,0.0,0.0,0.0,1.0,0.0,0.0,1.0,0
2807,28/05/2015,TheKarrier,Last Mile Logistics,,Bangalore,"Sol Primero, Outbox Ventures, Nikunj Jain",Seed Funding,"2,40,000",,2015-05-28,240000.0,TheKarrier,thekarrier,0.0,0.0,0,-1.0,1,0.0,1,0,Seed/Angel,Logistics & Mobility,Bengaluru,0.0,0.0,0.0,0.0,0.0,3.0,0.0,0.0,1.0,0
234,11/06/2018,Theranosis,Healthcare,Specialised diagnostics Platform,Hyderabad,Mumbai Angels Network,Seed/ Angel Funding,,,2018-06-11,,Theranosis,theranosis,0.0,0.0,0,-1.0,1,0.0,1,0,Seed/Angel,Healthcare,Hyderabad,0.0017521902377972466,0.010975312042205362,0.00961306277325317,0.0007274642447918312,0.0007274642447918312,1.0,0.0,1.0,1.0,0
1711,18/05/2016,TheSmartQ,Consumer Internet,Food Ordering Mobile App,Bangalore,YourNest Angel Fund,Seed Funding,"2,50,000",,2016-05-18,250000.0,TheSmartQ,thesmartq,0.0,0.0,0,-1.0,1,0.0,1,0,Seed/Angel,Consumer Internet & Media,Bengaluru,0.00025031289111389235,0.0,5.436574580572323e-09,0.00019298932774467834,0.00019298932774467834,1.0,0.0,1.0,1.0,0
716,26/07/2017,ThinkerBell,Consumer Internet,Assisted Learning Startup,Bangalore,"Indian Angel Network, Anand Mahindra",Seed Funding,"2,00,000",,2017-07-26,200000.0,ThinkerBell,thinkerbell,0.0,0.0,0,-1.0,1,0.0,1,0,Seed/Angel,Consumer Internet & Media,Bengaluru,0.002002503128911139,0.01032696862918804,0.03555811791464255,0.0008020854002554353,0.0008020854002554353,2.0,0.0,1.0,1.0,0
1615,16/06/2016,ThinkPhi,Technology,Sustainable Green Tech Solution developer,Mumbai,Nimmagadda Prasad,Seed Funding,,,2016-06-16,,ThinkPhi,thinkphi,0.0,0.0,0,-1.0,1,0.0,1,0,Seed/Angel,Technology & SaaS,Mumbai,0.0,0.0,0.0,0.0,0.0,1.0,0.0,0.0,1.0,0
540,09/10/2017,ThirdWatch,Technology,AI-powered anti-fraud solutions,Gurgaon,"Rahul Agarwalla, Keshav Sanghi, Batlivala & Karani Securities",Seed Funding,,,2017-10-09,,ThirdWatch,thirdwatch,0.0,0.0,0,-1.0,1,0.0,1,0,Seed/Angel,Technology & SaaS,Delhi-NCR,0.0,0.0,0.0,0.0,0.0,3.0,0.0,0.0,1.0,0
3037,25/01/2015,Thrill App,,,,People Group (Shaadi.com),Private Equity,"10,00,000",Strategic Funding,2015-01-25,1000000.0,Thrill App,thrill app,0.0,0.0,0,-1.0,1,0.0,1,0,Private Equity,Other,Tier-2/Other,0.0,0.0,0.0,0.0,0.0,1.0,0.0,0.0,1.0,0
1053,09/01/2017,TicketNew,Consumer Internet,Movie Ticket Booking platform,Chennai,Alibaba Pictures,Private Equity,"3,50,00,000",,2017-01-09,35000000.0,TicketNew,ticketnew,0.0,0.0,0,-1.0,1,0.0,1,0,Private Equity,Consumer Internet & Media,Chennai,0.0,0.0,0.0,0.0,0.0,1.0,0.0,0.0,1.0,0
489,09/11/2017,Tilite Technologies Pvt. Ltd,Technology,Saas based Corporate Travel Management Solution,Bangalore,Matrix Partners,Seed Funding,,,2017-11-09,,Tilite Technologies Pvt. Ltd,tilite  .,0.0,0.0,0,-1.0,1,0.0,1,0,Seed/Angel,Technology & SaaS,Bengaluru,0.00025031289111389235,0.0,0.0011995984420673335,0.00012986659567895903,0.00012986659567895903,1.0,1.0,1.0,1.0,0
1964,17/02/2016,Timemytask,Consumer Internet,On-Demand home cleaning services,Mumbai,Lead Angels,Seed Funding,,,2016-02-17,,Timemytask,timemytask,0.0,0.0,0,-1.0,1,0.0,1,0,Seed/Angel,Consumer Internet & Media,Mumbai,0.0010012515644555694,0.006769913213594535,0.05549185359678784,0.00038032984394980706,0.00038032984394980706,1.0,0.0,1.0,1.0,0
2540,19/08/2015,TimeSaverz,"Hyperlocal Maintenance, Repair & Cleaning services",,Mumbai,Unilazer Ventures,Private Equity,"24,00,000",,2015-08-19,2400000.0,TimeSaverz,timesaverz,0.0,0.0,0,-1.0,1,0.0,2,1,Private Equity,Technology & SaaS,Mumbai,0.0005006257822277847,0.0006317360897416212,0.00014200954400772872,0.00025171097761001013,0.00025171097761001013,1.0,0.0,1.0,1.0,0
683,05/07/2017,Timesaverz,Consumer Internet,Hyperlocal home services provider,Mumbai,BCCL,Private Equity,"10,00,000",,2017-07-05,1000000.0,Timesaverz,timesaverz,2400000.0,2400000.0,1,686.0,0,686.0,2,1,Private Equity,Consumer Internet & Media,Mumbai,0.0,0.0,0.0,0.0,0.0,1.0,0.0,0.0,1.0,0
2105,29/01/2016,TinMen,Consumer Internet,Food Delivery Platform,Hyderabad,Lead Angel Network,Seed Funding,,,2016-01-29,,TinMen,tinmen,0.0,0.0,0,-1.0,1,0.0,3,1,Seed/Angel,Consumer Internet & Media,Hyderabad,0.0,0.0,0.0,0.0,0.0,1.0,0.0,0.0,1.0,0
886,12/04/2017,Tinmen,Consumer Internet,Food Delivery Platform,Hyderabad,"MAPE Advisory Group, R Ramaraj, Corvus Ventures",Seed Funding,,,2017-04-12,,Tinmen,tinmen,0.0,0.0,1,439.0,0,439.0,3,1,Seed/Angel,Consumer Internet & Media,Hyderabad,0.0,0.0,0.0,0.0,0.0,3.0,0.0,0.0,1.0,0
620,25/09/2017,Tinmen,Consumer Internet,Food Delivery platform,Hyderabad,Zomato Media Pvt. Ltd,Private Equity,,,2017-09-25,,Tinmen,tinmen,0.0,0.0,2,166.0,0,605.0,3,1,Private Equity,Consumer Internet & Media,Hyderabad,0.00025031289111389235,0.0,3.4199451298329235e-07,0.00015533646197261793,0.00015533646197261793,1.0,0.0,1.0,1.0,0
2987,26/02/2015,TinyOwl,,,,"Matrix Partners, Sequoia Capital, Nexus Venture Partners",Private Equity,"1,60,00,000",Series B,2015-02-26,16000000.0,TinyOwl,tinyowl,0.0,0.0,0,-1.0,1,0.0,2,1,Private Equity,Other,Tier-2/Other,0.004005006257822278,0.059859204892582674,0.09566198113272546,0.001413958516141685,0.0005546523333571589,3.0,1.0,1.0,1.0,0
2378,30/10/2015,TinyOwl,Food Discovery & Delivery Mobile app,,Mumbai,"Sequoia Capital, Matrix Partners",Private Equity,"75,00,000",Series B,2015-10-30,7500000.0,TinyOwl,tinyowl,16000000.0,16000000.0,1,246.0,0,246.0,2,1,Private Equity,Logistics & Mobility,Mumbai,0.004005006257822278,0.059859204892582674,0.09566198113272546,0.001413958516141685,0.000771912555910322,2.0,1.0,1.0,1.0,0
2060,19/01/2016,TinyStep,Consumer Internet,Parenting Social Network,Bangalore,Flipkart,Seed Funding,,,2016-01-19,,TinyStep,tinystep,0.0,0.0,0,-1.0,1,0.0,4,1,Seed/Angel,Consumer Internet & Media,Bengaluru,0.00025031289111389235,0.0,0.007045835078804396,0.0001332984609229168,0.0001332984609229168,1.0,0.0,1.0,1.0,0
1830,04/03/2016,TinyStep,Consumer Internet,Parenting Social Network Platform,Bangalore,Matt Glickman,Private Equity,,,2016-03-04,,TinyStep,tinystep,0.0,0.0,1,45.0,0,45.0,4,1,Private Equity,Consumer Internet & Media,Bengaluru,0.0,0.0,0.0,0.0,0.0,1.0,0.0,0.0,1.0,0
1401,27/09/2016,TinyStep,Consumer Internet,Parenting Network Platform,Bangalore,Flipkart Logistics Pvt. Ltd,Private Equity,"15,80,000",,2016-09-27,1580000.0,TinyStep,tinystep,0.0,0.0,2,207.0,0,252.0,4,1,Private Equity,Consumer Internet & Media,Bengaluru,0.0,0.0,0.0,0.0,0.0,1.0,0.0,0.0,1.0,0
1073,17/01/2017,TinyStep,Consumer Internet,Parenting Info & Social Network,Bangalore,Flipkart,Private Equity,"20,00,000",,2017-01-17,2000000.0,TinyStep,tinystep,1580000.0,1580000.0,3,112.0,0,364.0,4,1,Private Equity,Consumer Internet & Media,Bengaluru,0.00025031289111389235,0.0,0.007045835078804396,0.0001332984609229168,0.0001332984609229168,1.0,0.0,1.0,1.0,0
1163,20/12/2016,Tiyo,Consumer Internet,Doctor Search Mobile App,Kolkata,Ajith Nair,Seed Funding,,,2016-12-20,,Tiyo,tiyo,0.0,0.0,0,-1.0,1,0.0,1,0,Seed/Angel,Consumer Internet & Media,Tier-2/Other,0.0,0.0,0.0,0.0,0.0,1.0,0.0,0.0,1.0,0
276,29/05/2018,Toffee,Consumer Internet,Online Insurance Platform,Gurugram,"Kalaari Capital, Omidyar Network and Accion Venture Labs",Seed/ Angel Funding,"15,00,000",,2018-05-29,1500000.0,Toffee,toffee,0.0,0.0,0,-1.0,1,0.0,1,0,Seed/Angel,Consumer Internet & Media,Delhi-NCR,0.0025031289111389233,0.013397154605961893,0.013758018688313459,0.0010197165577911919,0.0007090190104666146,2.0,1.0,1.0,1.0,0
2383,01/09/2015,TOFlo,FinTech Startup Incubation platform,,Mumbai,Tania Johny Palathinkal,Seed Funding,"1,00,000",,2015-09-01,100000.0,TOFlo,toflo,0.0,0.0,0,-1.0,1,0.0,1,0,Seed/Angel,FinTech,Mumbai,0.0,0.0,0.0,0.0,0.0,1.0,0.0,0.0,1.0,0
1804,22/04/2016,TOKO Innovation Studios,Consumer Internet,Children\xe2\x80\x99s Entertainment Games & Products,New Delhi,Indian Angel network,Seed Funding,"4,50,000",,2016-04-22,450000.0,TOKO Innovation Studios,toko innovation studios,0.0,0.0,0,-1.0,1,0.0,1,0,Seed/Angel,Consumer Internet & Media,Delhi-NCR,0.002002503128911139,0.01032696862918804,0.03555811791464255,0.0008020854002554353,0.0008020854002554353,1.0,0.0,1.0,1.0,0
1687,09/05/2016,Toko Innovations,Consumer Internet,Children\\xe2\\x80\\x99s Entertainment Portal,Bangalore,"Roopak Saluja, Vishal Khare",Seed Funding,"4,50,000",,2016-05-09,450000.0,Toko Innovations,toko innovations,0.0,0.0,0,-1.0,1,0.0,1,0,Seed/Angel,Consumer Internet & Media,Bengaluru,0.0,0.0,0.0,0.0,0.0,2.0,0.0,0.0,1.0,0
1417,01/08/2016,Tokri,Consumer Internet,Hyperlocal Grocery Delivery platform,Pune,Syska LED group,Private Equity,"25,00,000",,2016-08-01,2500000.0,Tokri,tokri,0.0,0.0,0,-1.0,1,0.0,1,0,Private Equity,Consumer Internet & Media,Pune,0.0,0.0,0.0,0.0,0.0,1.0,0.0,0.0,1.0,0
597,12/09/2017,Tonbo Imaging,Technology,Imaging Technology for Armed Forces,Bangalore,"WRV Capital, Qualcomm Ventures, Edelweiss Private Equity, Artiman Ventures",Private Equity,"1,70,00,000",,2017-09-12,17000000.0,Tonbo Imaging,tonbo imaging,0.0,0.0,0,-1.0,1,0.0,1,0,Private Equity,Technology & SaaS,Bengaluru,0.0005006257822277847,0.0012624694237852398,0.0019601863479076207,0.00022612319656148215,0.00017637329179007869,4.0,0.0,1.0,1.0,0
1209,10/11/2016,Tone Tag,Technology,Contactless Payment Solution,Bangalore,"Arun Seth, T.V. Mohandas Pai, Anand Chandrasekaran, Deepak Ghaisas",Private Equity,,,2016-11-10,,Tone Tag,tone tag,0.0,0.0,0,-1.0,1,0.0,1,0,Private Equity,Technology & SaaS,Bengaluru,0.0,0.0,0.0,0.0,0.0,4.0,0.0,0.0,1.0,0
2507,10/08/2015,ToneTag,mobile payment software platform,,Bangalore,Reliance Capital Venture,Private Equity,"10,00,000",Series A,2015-08-10,1000000.0,ToneTag,tonetag,0.0,0.0,0,-1.0,1,0.0,2,1,Private Equity,FinTech,Bengaluru,0.0012515644555694616,0.004638772999889398,7.508484863299938e-05,0.0005537048140257201,0.0005537048140257201,1.0,0.0,1.0,1.0,0
277,29/05/2018,Tonetag,Technology,Mobile Payments Technology Platform,Bengaluru,Amazon Inc. and Mastercard,Private Equity,"80,00,000",,2018-05-29,8000000.0,Tonetag,tonetag,1000000.0,1000000.0,1,1023.0,0,1023.0,2,1,Private Equity,Technology & SaaS,Bengaluru,0.0005006257822277847,0.0006317360897416212,0.0003516401116276203,0.0002556191106767142,0.0002556191106767142,1.0,0.0,1.0,1.0,0
2998,06/01/2015,Tookitaki,,,,"Jungle Ventures, Redbright Partners, Blume Ventures",Private\\nEquity,"10,00,000",,2015-01-06,1000000.0,Tookitaki,tookitaki,0.0,0.0,0,-1.0,1,0.0,1,0,Other/Undisclosed,Other,Tier-2/Other,0.001501877346683354,0.013589173215773223,0.010289474729885855,0.0005614148492715481,0.0003533668596533781,3.0,1.0,1.0,1.0,0
2271,25/11/2015,Tooler,On Demand Laundry Services App,,New Delhi,"Raghu Khanna, Sameer Gupta",Seed Funding,"1,10,000",,2015-11-25,110000.0,Tooler,tooler,0.0,0.0,0,-1.0,1,0.0,1,0,Seed/Angel,Other,Delhi-NCR,0.0,0.0,0.0,0.0,0.0,2.0,0.0,0.0,1.0,0
2767,07/05/2015,Toppr,Online Education Platform,,Mumbai,"Fidelity Growth Partners India, SAIF Partners,\\xc2\\xa0 Helion Ventures",Private Equity,"1,00,00,000",Series B,2015-05-07,10000000.0,Toppr,toppr,0.0,0.0,0,-1.0,1,0.0,6,1,Private Equity,EdTech,Mumbai,0.000750938673341677,0.0042731615220654,0.0014112094183159625,0.0002954922615291378,0.0002938822536552511,3.0,1.0,1.0,1.0,0
2379,30/10/2015,Toppr.com,Competitive exam learning platform,,Mumbai,InnoVen Capital,Private Equity,"20,00,000",Series C,2015-10-30,2000000.0,Toppr.com,toppr,10000000.0,10000000.0,1,176.0,0,176.0,6,1,Private Equity,Other,Mumbai,0.001501877346683354,0.014143283023837369,0.031913120524109655,0.0005258266880856241,0.0005258266880856241,1.0,0.0,1.0,1.0,0
908,24/04/2017,Toppr,Consumer Internet,Learning mobile app for students,Mumbai,WGG International,Private Equity,"32,00,000",,2017-04-24,3200000.0,Toppr,toppr,12000000.0,2000000.0,2,542.0,0,718.0,6,1,Private Equity,Consumer Internet & Media,Mumbai,0.0,0.0,0.0,0.0,0.0,1.0,0.0,0.0,1.0,0
556,23/10/2017,Toppr,Consumer Internet,Mobile based learning app,Mumbai,"SAIF Partners, Helion Ventures, FIL Capital Management",Private Equity,"70,00,000",,2017-10-23,7000000.0,Toppr,toppr,15200000.0,3200000.0,3,182.0,0,900.0,6,1,Private Equity,Consumer Internet & Media,Mumbai,0.000750938673341677,0.0042731615220654,0.0014112094183159625,0.00029227224578136433,0.00029227224578136433,3.0,1.0,1.0,1.0,0
372,14/02/2018,Toppr,Ed-Tech,Online Education Platform,Mumbai,Axis Capital Partners,Private Equity,"1,00,000",,2018-02-14,100000.0,Toppr,toppr,22200000.0,7000000.0,4,114.0,0,1014.0,6,1,Private Equity,Other,Mumbai,0.0,0.0,0.0,0.0,0.0,1.0,0.0,0.0,1.0,0
105,10/04/2019,Toppr,Edtech,E-learning,Mumbai,Milestone,Debt and Preference capital,"63,20,820",,2019-04-10,6320820.0,Toppr,toppr,22300000.0,100000.0,5,420.0,0,1434.0,6,1,Debt,EdTech,Mumbai,0.0,0.0,0.0,0.0,0.0,1.0,0.0,0.0,1.0,0
1355,08/09/2016,TopRankers,Education,Online Test Preparation platform,Bangalore,"CareerNet Consulting Pvt. Ltd, Ideation Initiative Pvt. Ltd,",Seed Funding,"6,70,000",,2016-09-08,670000.0,TopRankers,toprankers,0.0,0.0,0,-1.0,1,0.0,1,0,Seed/Angel,EdTech,Bengaluru,0.0,0.0,0.0,0.0,0.0,2.0,0.0,0.0,1.0,0
1786,18/04/2016,Tork Motocycles,Auto,Electric Motorcycle Manufacturer,Pune,"Bhavish Aggarwal, Ankit Bhati",Seed Funding,,,2016-04-18,,Tork Motocycles,tork motocycles,0.0,0.0,0,-1.0,1,0.0,1,0,Seed/Angel,Other,Pune,0.0,0.0,0.0,0.0,0.0,2.0,0.0,0.0,1.0,0
2859,27/04/2015,Torqus,Restaurant Management Platform,,Pune,S S Mukherji & Others,Seed Funding,"3,50,000",,2015-04-27,350000.0,Torqus,torqus,0.0,0.0,0,-1.0,1,0.0,1,0,Seed/Angel,Food & Beverage,Pune,0.0,0.0,0.0,0.0,0.0,1.0,0.0,0.0,1.0,0
1902,30/03/2016,Touchkin,Healthcare,Predictive Healthcare platform,Bangalore,"Alok Mittal, Amit Gupta, Anuj Srivastava, Himanshu Aggarwal, Raghunandan G, Puneet Agarwal",Seed Funding,"4,00,000",,2016-03-30,400000.0,Touchkin,touchkin,0.0,0.0,0,-1.0,1,0.0,2,1,Seed/Angel,Healthcare,Bengaluru,0.0,0.0,0.0,0.0,0.0,6.0,0.0,0.0,1.0,0
633,01/08/2017,TouchKin,Technology,Predictive Care Platform,Bangalore,Kae Capital,Private Equity,"13,00,000",,2017-08-01,1300000.0,TouchKin,touchkin,400000.0,400000.0,1,489.0,0,489.0,2,1,Private Equity,Technology & SaaS,Bengaluru,0.0005006257822277847,0.0022066892579169126,0.00030628027223875305,0.00022405951589119736,0.00022405951589119736,1.0,0.0,1.0,1.0,0
2193,28/12/2015,Town Essentials,Grocery Delivery platform,,Bangalore,"Sharad Hegde, Girish Reddy, Siddharth Patil, Shrikant Patil",Seed Funding,"10,00,000",,2015-12-28,1000000.0,Town Essentials,town essentials,0.0,0.0,0,-1.0,1,0.0,1,0,Seed/Angel,Logistics & Mobility,Bengaluru,0.0,0.0,0.0,0.0,0.0,4.0,0.0,0.0,1.0,0
2645,27/07/2015,Townrush,B2B logistics delivery platform,,Bangalore,Lightspeed Venture Partners,Seed Funding,,,2015-07-27,,Townrush,townrush,0.0,0.0,0,-1.0,1,0.0,1,0,Seed/Angel,Logistics & Mobility,Bengaluru,0.000750938673341677,0.002140516295368845,0.0010745970944144054,0.0003368274814566413,0.0003368274814566413,1.0,1.0,1.0,1.0,0
2960,11/02/2015,Townscript,,,,Group of Angel Investors,Seed\\nFunding,,,2015-02-11,,Townscript,townscript,0.0,0.0,0,-1.0,1,0.0,2,1,Seed/Angel,Other,Tier-2/Other,0.000750938673341677,2.0055113960051465e-06,5.212874231067168e-07,0.00039636782498119144,0.00039636782498119144,1.0,0.0,1.0,1.0,0
1030,17/02/2017,TownScript,Consumer Internet,DIY event registration and ticketing portal,Pune,BookMyShow,Private Equity,,,2017-02-17,,TownScript,townscript,0.0,0.0,1,737.0,0,737.0,2,1,Private Equity,Consumer Internet & Media,Pune,0.0,0.0,0.0,0.0,0.0,1.0,0.0,0.0,1.0,0
1739,31/05/2016,Tpot,Food & Beverage,QSR Chain,Gurgaon,Ashish Gupta,Seed Funding,,,2016-05-31,,Tpot,tpot,0.0,0.0,0,-1.0,1,0.0,1,0,Seed/Angel,Food & Beverage,Delhi-NCR,0.00025031289111389235,0.0,0.0010952179751230122,0.00012749926006189275,0.00012749926006189275,1.0,0.0,1.0,1.0,0
1344,04/09/2016,Trackbizz,Technology,Field Force Automation System,Kochi,Grasshoppers,Private Equity,,,2016-09-04,,Trackbizz,trackbizz,0.0,0.0,0,-1.0,1,0.0,1,0,Private Equity,Technology & SaaS,Tier-2/Other,0.0,0.0,0.0,0.0,0.0,1.0,0.0,0.0,1.0,0
2869,29/04/2015,Tracxn,Startup Analytics platform,,Bangalore,SAIF Partners,Private Equity,"35,00,000",Series A,2015-04-29,3500000.0,Tracxn,tracxn,0.0,0.0,0,-1.0,1,0.0,4,1,Private Equity,Other,Bengaluru,0.000750938673341677,0.0042731615220654,0.0014112094183159625,0.00029227224578136433,0.00029227224578136433,1.0,1.0,1.0,1.0,0
2723,20/06/2015,Tracxn,Startup funding platform,,Bangalore,"Sachin Bansal, Bunny Bansal & other investors",Private Equity,"1,00,00,000",Series A,2015-06-20,10000000.0,Tracxn,tracxn,3500000.0,3500000.0,1,52.0,0,52.0,4,1,Private Equity,Other,Bengaluru,0.0,0.0,0.0,0.0,0.0,2.0,0.0,0.0,1.0,0
2015,06/01/2016,Tracxn,BFSI,Startup Funding Deal Discovery & Execution platform,Bangalore,Ratan Tata,Seed Funding,,,2016-01-06,,Tracxn,tracxn,13500000.0,10000000.0,2,200.0,0,252.0,4,1,Seed/Angel,Other,Bengaluru,0.0,0.0,0.0,0.0,0.0,1.0,0.0,0.0,1.0,0
1973,18/02/2016,Tracxn,Technology,Indian Startup ecosystem trends analyzer & funding platform,Bangalore,"Nandan Nilekani, Mohandas Pai, Neeraj Arora, Anand Rajaraman, Girish Mathrubootham, Aneesh Reddy & Teruhide Sato",Private Equity,,,2016-02-18,,Tracxn,tracxn,13500000.0,10000000.0,3,43.0,0,295.0,4,1,Private Equity,Technology & SaaS,Bengaluru,0.00025031289111389235,0.0,3.63414446275521e-08,0.00017390235357615433,0.00017390235357615433,6.0,0.0,1.0,1.0,0
2871,29/04/2015,Tradelab,Financial Markets Software,,Bangalore,Rainmatter,Seed Funding,"4,00,000",,2015-04-29,400000.0,Tradelab,tradelab,0.0,0.0,0,-1.0,1,0.0,1,0,Seed/Angel,Technology & SaaS,Bengaluru,0.00025031289111389235,0.0,0.002994561045724411,0.0001361996154533645,0.0001361996154533645,1.0,0.0,1.0,1.0,0
1153,14/12/2016,Trading Bells,Consumer Internet,Online Share & Commodity Broking platform,Indore,Swastika Investmart Ltd,Seed Funding,"2,97,000",,2016-12-14,297000.0,Trading Bells,trading bells,0.0,0.0,0,-1.0,1,0.0,1,0,Seed/Angel,Consumer Internet & Media,Tier-2/Other,0.0,0.0,0.0,0.0,0.0,1.0,0.0,0.0,1.0,0
1524,11/07/2016,Trak N Tell,Technology,Car Tracking & Safety System,Gurgaon,Brian Acton,Private Equity,"35,00,000",,2016-07-11,3500000.0,Trak N Tell,trak n tell,0.0,0.0,0,-1.0,1,0.0,1,0,Private Equity,Technology & SaaS,Delhi-NCR,0.0012515644555694616,0.004638772999889398,7.508484863299938e-05,0.0005537048140257201,0.0005537048140257201,1.0,0.0,1.0,1.0,0
1904,31/03/2016,Transcell,Healthcare,Family Stem Cell Banking Services,Hyderabad,Indian Angel Network,Seed Funding,,,2016-03-31,,Transcell,transcell,0.0,0.0,0,-1.0,1,0.0,1,0,Seed/Angel,Healthcare,Hyderabad,0.002002503128911139,0.01032696862918804,0.03555811791464255,0.0008020854002554353,0.0008020854002554353,1.0,0.0,1.0,1.0,0
1808,26/04/2016,Transerv,Consumer Internet,Digital Payments platform,Mumbai,"IDFC SPICE Fund, Micromax Informatics",Private Equity,"1,50,00,000",,2016-04-26,15000000.0,Transerv,transerv,0.0,0.0,0,-1.0,1,0.0,1,0,Private Equity,Consumer Internet & Media,Mumbai,0.0,0.0,0.0,0.0,0.0,2.0,0.0,0.0,1.0,0
627,27/09/2017,Transerve,Technology,Geospatial Technology-based SaaS solutions,Mumbai,"IL&FS Investment Managers, Omidyar Network.",Private Equity,"16,00,000",,2017-09-27,1600000.0,Transerve,transerve,0.0,0.0,0,-1.0,1,0.0,1,0,Private Equity,Technology & SaaS,Mumbai,0.0010012515644555694,0.007109553316259028,0.013758018688313459,0.0003983214631420374,0.0003983214631420374,2.0,0.0,1.0,1.0,0
1541,14/07/2016,TransTutors / AskIITians,Consumer Internet,Online Education & Tutoring portals,New Delhi,500 Startups,Private Equity,,,2016-07-14,,TransTutors / AskIITians,transtutors / askiitians,0.0,0.0,0,-1.0,1,0.0,1,0,Private Equity,Consumer Internet & Media,Delhi-NCR,0.0,0.0,0.0,0.0,0.0,1.0,0.0,0.0,1.0,0
454,14/12/2017,Transversal Technologies,Technology,Hyperlocal Video Information Sharing Platform,Bengaluru,Matrix Partners,Private Equity,"60,00,000",,2017-12-14,6000000.0,Transversal Technologies,transversal,0.0,0.0,0,-1.0,1,0.0,1,0,Private Equity,Technology & SaaS,Bengaluru,0.00025031289111389235,0.0,0.0011995984420673335,0.00012986659567895903,0.00012986659567895903,1.0,1.0,1.0,1.0,0
2873,29/04/2015,Travel Triangle,Online Travel Marketplace,,Noida,"Bessemer Venture Partners, SAIF Partners",Private Equity,"80,00,000",Series B,2015-04-29,8000000.0,Travel Triangle,travel triangle,0.0,0.0,0,-1.0,1,0.0,2,1,Private Equity,E-Commerce,Delhi-NCR,0.0012515644555694616,0.004593992124282985,0.002924969761969057,0.0005026251490342794,0.0003974486974078219,2.0,1.0,1.0,1.0,0
1001,07/02/2017,Travel Triangle,Consumer Internet,Online travel agent marketplace,Noida,"RB Investments, SAIF Partners, Bessemer Venture Partners",Private Equity,"1,00,00,000",,2017-02-07,10000000.0,Travel Triangle,travel triangle,8000000.0,8000000.0,1,650.0,0,650.0,2,1,Private Equity,Consumer Internet & Media,Delhi-NCR,0.0012515644555694616,0.004593992124282985,0.002924969761969057,0.0005026251490342794,0.0003974486974078219,3.0,1.0,1.0,1.0,0
2457,25/09/2015,TravelKhana,online meal-booking platform for train travelers,,New Delhi,Astarc Ventures & Others,Seed Funding,,Pre-Series A,2015-09-25,,TravelKhana,travelkhana,0.0,0.0,0,-1.0,1,0.0,1,0,Seed/Angel,Technology & SaaS,Delhi-NCR,0.0,0.0,0.0,0.0,0.0,1.0,0.0,0.0,1.0,0
837,23/05/2017,TravelSpice,ECommerce,Travel ECommerce portal,Hyderabad,Eagle10 Ventures,Seed Funding,,,2017-05-23,,TravelSpice,travelspice,0.0,0.0,0,-1.0,1,0.0,1,0,Seed/Angel,E-Commerce,Hyderabad,0.0,0.0,0.0,0.0,0.0,1.0,0.0,0.0,1.0,0
293,10/04/2018,TravelTriangle,Consumer Internet,Online Travel Marketplace,Gurugram,"Fundamentum, SAIF Partners, Bessemer Venture Partners, RB investments & Others",Private Equity,"1,20,00,000",,2018-04-10,12000000.0,TravelTriangle,traveltriangle,0.0,0.0,0,-1.0,1,0.0,1,0,Private Equity,Consumer Internet & Media,Delhi-NCR,0.0012515644555694616,0.004593992124282985,0.002924969761969057,0.0005026251490342794,0.0003974486974078219,4.0,1.0,1.0,1.0,0
1647,27/06/2016,Travelyaari,Consumer Internet,Online ticket booking platform,Bangalore,GVFL Ltd,Private Equity,"30,00,000",,2016-06-27,3000000.0,Travelyaari,travelyaari,0.0,0.0,0,-1.0,1,0.0,2,1,Private Equity,Consumer Internet & Media,Bengaluru,0.0005006257822277847,0.0018922000021308557,0.0002128155007433365,0.00023514730585925598,0.00023514730585925598,1.0,0.0,1.0,1.0,0
1436,11/08/2016,Travelyaari,Consumer Internet,Online ticket booking platform,Bangalore,"Gujarat Venture Finance Limited (GVFL), Bennett Coleman & Co. Ltd",Private Equity,"70,00,000",,2016-08-11,7000000.0,Travelyaari,travelyaari,3000000.0,3000000.0,1,45.0,0,45.0,2,1,Private Equity,Consumer Internet & Media,Bengaluru,0.0005006257822277847,0.0018922000021308557,0.0002128155007433365,0.00023514730585925598,0.00023514730585925598,2.0,0.0,1.0,1.0,0
2731,23/06/2015,Treebo,Online Budget Hotel Booking Service,,Bangalore,"Matrix Partners India, SAIF Partners",Private Equity,"60,00,000",Series A,2015-06-23,6000000.0,Treebo,treebo,0.0,0.0,0,-1.0,1,0.0,2,1,Private Equity,Other,Bengaluru,0.000750938673341677,0.0042731615220654,0.0014112094183159625,0.00029227224578136433,0.00021106942073016168,2.0,1.0,1.0,1.0,0
676,30/08/2017,Treebo,Consumer Internet,Budget Hotel Aggregator platform,Bangalore,"Ward Ferry Management and Karst Peak Capital,",Private Equity,"3,40,00,000",,2017-08-30,34000000.0,Treebo,treebo,6000000.0,6000000.0,1,799.0,0,799.0,2,1,Private Equity,Consumer Internet & Media,Bengaluru,0.0,0.0,0.0,0.0,0.0,1.0,0.0,0.0,1.0,0
217,25/07/2018,Trell,Consumer Internet,Mobile-First Video Blogging App,Bengaluru,"BeeNext , WEH Ventures and Sprout Ventures",Seed/ Angel Funding,"12,50,000",,2018-07-25,1250000.0,Trell,trell,0.0,0.0,0,-1.0,1,0.0,2,1,Seed/Angel,Consumer Internet & Media,Bengaluru,0.002252816020025031,0.026666534645510814,0.01377356864908714,0.0008378082004402911,0.000536876178782383,2.0,0.0,1.0,4.0,1
15,14/12/2019,Trell,Video,Experience Discovery Platform,Bengaluru,Ruizheng Investment,Seed Round,"20,00,000",,2019-12-14,2000000.0,Trell,trell,1250000.0,1250000.0,1,507.0,0,507.0,2,1,Seed/Angel,Other,Bengaluru,0.00025031289111389235,0.0,2.5517554331502748e-05,0.00013534380103098116,0.00013534380103098116,1.0,0.0,1.0,4.0,1
1655,29/06/2016,TrendieApp,Technology,Visual Content Marketing,Kolkata,Harsh Vardhan Hada,Seed Funding,"50,000",,2016-06-29,50000.0,TrendieApp,trendieapp,0.0,0.0,0,-1.0,1,0.0,1,0,Seed/Angel,Technology & SaaS,Tier-2/Other,0.0,0.0,0.0,0.0,0.0,1.0,0.0,0.0,1.0,0
1426,05/08/2016,Tricog,Healthcare,Healthcare Analytics Platform,Bangalore,"Inventus Capital Partners, Blume Ventures & Others",Private Equity,,,2016-08-05,,Tricog,tricog,0.0,0.0,0,-1.0,1,0.0,1,0,Private Equity,Healthcare,Bengaluru,0.00025031289111389235,0.0,2.4573577241560827e-06,0.00014531887003520802,0.00014531887003520802,2.0,1.0,1.0,1.0,0
1304,17/10/2016,Trilyo,Technology,B2B SAAS based product,Bangalore,"Vishnu Bhat, Rajiv Lunkad, Naresh Ravindranath",Seed Funding,,,2016-10-17,,Trilyo,trilyo,0.0,0.0,0,-1.0,1,0.0,2,1,Seed/Angel,Technology & SaaS,Bengaluru,0.0,0.0,0.0,0.0,0.0,3.0,0.0,0.0,1.0,0
388,27/02/2018,Trilyo,Technology,AI platform for hospitality industry,Mumbai,"Startup Buddy,Amit Manocha and others",Seed / Angel Funding,"2,50,000",,2018-02-27,250000.0,Trilyo,trilyo,0.0,0.0,1,498.0,0,498.0,2,1,Seed/Angel,Technology & SaaS,Mumbai,0.0,0.0,0.0,0.0,0.0,2.0,0.0,0.0,1.0,0
1962,16/02/2016,Tring,Consumer Internet,Instant Messaging App,Pune,Vishwadeep Bajaj & Others,Seed Funding,,,2016-02-16,,Tring,tring,0.0,0.0,0,-1.0,1,0.0,1,0,Seed/Angel,Consumer Internet & Media,Pune,0.0,0.0,0.0,0.0,0.0,1.0,0.0,0.0,1.0,0
309,25/04/2018,Trip shelf,Consumer Internet,Online Travel Marketplace,Delhi,"GEMS Advisory, Alok Mittal and Sachin Bhatia",Seed / Angel Funding,"2,46,000",,2018-04-25,246000.0,Trip shelf,trip shelf,0.0,0.0,0,-1.0,1,0.0,1,0,Seed/Angel,Consumer Internet & Media,Delhi-NCR,0.0,0.0,0.0,0.0,0.0,2.0,0.0,0.0,1.0,0
1220,17/11/2016,Trip Tap Toe,Consumer Internet,Online Travel Portal,Gurgaon,R.S Sharma,Seed Funding,,,2016-11-17,,Trip Tap Toe,trip tap toe,0.0,0.0,0,-1.0,1,0.0,1,0,Seed/Angel,Consumer Internet & Media,Delhi-NCR,0.0,0.0,0.0,0.0,0.0,1.0,0.0,0.0,1.0,0
2976,23/02/2015,Trip38,,,,"InterGlobe Technology Quotient, Lantern Capital",Private Equity,"10,00,000",Series A,2015-02-23,1000000.0,Trip38,trip38,0.0,0.0,0,-1.0,1,0.0,1,0,Private Equity,Other,Tier-2/Other,0.0,0.0,0.0,0.0,0.0,2.0,0.0,0.0,1.0,0
721,01/06/2017,Tripeur,Technology,Mobile based travel ERP platform,Bangalore,"Grace Grace Techno Ventures LLP, Rajul Garg & Other undisclosed investors",Seed Funding,,,2017-06-01,,Tripeur,tripeur,0.0,0.0,0,-1.0,1,0.0,1,0,Seed/Angel,Technology & SaaS,Bengaluru,0.0,0.0,0.0,0.0,0.0,2.0,0.0,0.0,1.0,0
2664,31/07/2015,TripFactory,Online Curated Holiday package bookings,,Bangalore,"Aarin Capital Partners,",Private Equity,,Series A,2015-07-31,,TripFactory,tripfactory,0.0,0.0,0,-1.0,1,0.0,1,0,Private Equity,Other,Bengaluru,0.00025031289111389235,0.0,5.436574580572323e-09,0.00019298932774467834,0.00019298932774467834,1.0,0.0,1.0,1.0,0
2931,31/03/2015,Triphobo,,,,"Mayfield Ventures, Kalaari Capital",Private Equity,"30,00,000",Series B (More Here),2015-03-31,3000000.0,Triphobo,triphobo,0.0,0.0,0,-1.0,1,0.0,1,0,Private Equity,Other,Tier-2/Other,0.0025031289111389233,0.013397154605961893,0.0017630362707794693,0.0010197165577911919,0.0010197165577911919,2.0,1.0,1.0,1.0,0
2905,19/03/2015,Tripoto,,,,"IDG Ventures, Outbox Ventures",Private Equity,"20,00,000",Pre-Series A,2015-03-19,2000000.0,Tripoto,tripoto,0.0,0.0,0,-1.0,1,0.0,3,1,Private Equity,Other,Tier-2/Other,0.0,0.0,0.0,0.0,0.0,2.0,0.0,0.0,1.0,0
2329,12/10/2015,Tripoto,global community for travellers,,New Delhi,"500 Startups, IDG Ventures & Advantedge fund, Neeraj Arora, Leon Seynave",Private Equity,,Series A,2015-10-12,,Tripoto,tripoto,2000000.0,2000000.0,1,207.0,0,207.0,3,1,Private Equity,Other,Delhi-NCR,0.00025031289111389235,0.0,3.63414446275521e-08,0.00017390235357615433,0.00017390235357615433,4.0,0.0,1.0,1.0,0
102,13/04/2019,Tripoto,Social Media,Travel,New Delhi,"Orchid India, Hornbill Orchid India Fund, Chiratae Ventures (formerly IDG Ventures), 3one4 Capital, Lasmer NV",Series B,"35,91,375",,2019-04-13,3591375.0,Tripoto,tripoto,2000000.0,2000000.0,2,1279.0,0,1486.0,3,1,Series B,Consumer Internet & Media,Delhi-NCR,0.003003754693366708,0.026585711828703094,0.012718207081238534,0.001134115603945536,0.0008412552185473274,5.0,0.0,1.0,1.0,0
1545,15/07/2016,TripShelf,eCommerce,Travel Package Marketplace,New Delhi,GEMS group,Seed Funding,"2,50,000",,2016-07-15,250000.0,TripShelf,tripshelf,0.0,0.0,0,-1.0,1,0.0,2,1,Seed/Angel,E-Commerce,Delhi-NCR,0.0,0.0,0.0,0.0,0.0,1.0,0.0,0.0,1.0,0
1159,16/12/2016,TripShelf,Consumer Internet,Holiday Packages provider,New Delhi,"GEMS Advisory, Quarizon",Seed Funding,"1,23,000",,2016-12-16,123000.0,TripShelf,tripshelf,250000.0,250000.0,1,154.0,0,154.0,2,1,Seed/Angel,Consumer Internet & Media,Delhi-NCR,0.0,0.0,0.0,0.0,0.0,2.0,0.0,0.0,1.0,0
2095,28/01/2016,Truce,FMCG,Vegetables & Fruits Supply Chain,Mumbai,"Anupam Mittal, Amit Gupta, Utsav Somani, Neeraj Goenka, Farooq Adam Mukadam",Seed Funding,"3,70,000",,2016-01-28,370000.0,Truce,truce,0.0,0.0,0,-1.0,1,0.0,1,0,Seed/Angel,Other,Mumbai,0.0,0.0,0.0,0.0,0.0,5.0,0.0,0.0,1.0,0
1863,14/03/2016,TruckingCube,Logistics,"Domestic, Commercial, and Industrial Goods Movers",New Delhi,Agarwal Movers Group,Private Equity,"1,49,00,000",,2016-03-14,14900000.0,TruckingCube,truckingcube,0.0,0.0,0,-1.0,1,0.0,1,0,Private Equity,Logistics & Mobility,Delhi-NCR,0.0,0.0,0.0,0.0,0.0,1.0,0.0,0.0,1.0,0
2175,21/12/2015,TruckMandi,Logistics Service Provider Marketplace,,New Delhi,"Ritesh Dwivedy, Ramakant Sharma, Mount Nathan Advisors",Private Equity,"20,00,000",Pre-Series A,2015-12-21,2000000.0,TruckMandi,truckmandi,0.0,0.0,0,-1.0,1,0.0,1,0,Private Equity,E-Commerce,Delhi-NCR,0.0005006257822277847,0.0007917568354969451,0.0026035998429006996,0.00022175111085757105,0.00022175111085757105,3.0,0.0,1.0,1.0,0
1558,20/07/2016,Truckola,Logistics,Tech-focused cargo transport startup,Mumbai,"Abhishek Agarwal, Krishnakumar Nataraj, Sarath Sura, Shanti Mohan, Sarthak and Nihit Agarwal, Suramya Gupta",Seed Funding,"5,95,000",,2016-07-20,595000.0,Truckola,truckola,0.0,0.0,0,-1.0,1,0.0,1,0,Seed/Angel,Logistics & Mobility,Mumbai,0.0,0.0,0.0,0.0,0.0,6.0,0.0,0.0,1.0,0
2792,19/05/2015,Trucksfirst,Trucking Logistic Operations,,Gurgaon,SAIF partners,Private Equity,"1,00,00,000",Series A,2015-05-19,10000000.0,Trucksfirst,trucksfirst,0.0,0.0,0,-1.0,1,0.0,1,0,Private Equity,Other,Delhi-NCR,0.000750938673341677,0.0042731615220654,0.0014112094183159625,0.00029227224578136433,0.00029227224578136433,1.0,1.0,1.0,1.0,0
1901,30/03/2016,True Balance,Technology,Mobile Balance Check App,Gurgaon,SoftBank Ventures Korea,Private Equity,,,2016-03-30,,True Balance,true balance,0.0,0.0,0,-1.0,1,0.0,3,1,Private Equity,Technology & SaaS,Delhi-NCR,0.00025031289111389235,0.0,0.0013179319140914473,0.00013282288461829474,0.00013282288461829474,1.0,1.0,1.0,3.0,1
1034,21/02/2017,True Balance,Consumer Internet,Mobile balance Checking App,Gurgaon,"Softbank Ventures Korea, IMM Investment",Private Equity,"1,50,00,000",,2017-02-21,15000000.0,True Balance,true balance,0.0,0.0,1,328.0,0,328.0,3,1,Private Equity,Consumer Internet & Media,Delhi-NCR,0.00025031289111389235,0.0,0.0013179319140914473,0.00013282288461829474,0.00013282288461829474,2.0,1.0,1.0,3.0,1
303,19/04/2018,True Balance,Technology,Mobile Balance Checking App,Gurugram,"Line Ventures Corporation, Line Corp, Naver, Shinhan Bank and TS Investment",Private Equity,"2,30,00,000",,2018-04-19,23000000.0,True Balance,true balance,15000000.0,15000000.0,2,422.0,0,750.0,3,1,Private Equity,Technology & SaaS,Delhi-NCR,0.00025031289111389235,0.0,7.877190823253357e-05,0.00014071596607836376,0.00014071596607836376,4.0,0.0,1.0,3.0,1
189,30/08/2018,True North,Finance,Private Equity Firm,Mumbai,,Private Equity,"60,00,00,000",,2018-08-30,600000000.0,True North,true north,0.0,0.0,0,-1.0,1,0.0,1,0,Private Equity,FinTech,Mumbai,0.0,0.0,0.0,0.0,0.0,0.0,0.0,0.0,1.0,0
2669,01/06/2015,Truebil,Used Car Marketplace,,Mumbai,"Kae Capital, Anupam Mittal",Seed Funding,"5,00,000",,2015-06-01,500000.0,Truebil,truebil,0.0,0.0,0,-1.0,1,0.0,3,1,Seed/Angel,E-Commerce,Mumbai,0.0005006257822277847,0.0022066892579169126,0.00030628027223875305,0.00022405951589119736,0.00022405951589119736,2.0,0.0,1.0,1.0,0
2103,29/01/2016,Truebil,ECommerce,Online marketplace for cars,Mumbai,"Kalaari Capital, Inventus Capital, Tekton Ventures, Kae Capital",Private Equity,"51,50,000",,2016-01-29,5150000.0,Truebil,truebil,500000.0,500000.0,1,242.0,0,242.0,3,1,Private Equity,E-Commerce,Mumbai,0.0025031289111389233,0.013397154605961893,0.0017630362707794693,0.0010197165577911919,0.0006218880368411946,4.0,1.0,1.0,1.0,0
1024,16/02/2017,Truebil,Consumer Internet,Online Marketplace for Used Cars,Mumbai,Shunwei Capital,Private Equity,"30,00,000",,2017-02-16,3000000.0,Truebil,truebil,5650000.0,5150000.0,2,384.0,0,626.0,3,1,Private Equity,Consumer Internet & Media,Mumbai,0.0,0.0,0.0,0.0,0.0,1.0,0.0,0.0,1.0,0
2653,29/07/2015,trueHb,Medical Tech Instruments,,New Delhi,"Sachin and Binny Bansal, Malvinder and Shivinder Singh, Gurpreet Singh & others",Seed Funding,"24,00,000",,2015-07-29,2400000.0,trueHb,truehb,0.0,0.0,0,-1.0,1,0.0,1,0,Seed/Angel,Healthcare,Delhi-NCR,0.0012515644555694616,0.010687931577880288,0.01213914455110461,0.0004861118041767175,0.0004861118041767175,3.0,0.0,1.0,1.0,0
2250,18/11/2015,Truelancer,Curated Freelancer Marketplace,,New Delhi,"Blackstone Valley Group, Raghu Vohra, Aditya Dev Sood, Kamal Bansal",Seed Funding,,,2015-11-18,,Truelancer,truelancer,0.0,0.0,0,-1.0,1,0.0,1,0,Seed/Angel,E-Commerce,Delhi-NCR,0.00025031289111389235,0.0,5.005742896119195e-07,0.00015863277424133518,0.00015863277424133518,4.0,0.0,1.0,1.0,0
2523,14/08/2015,Trukky,Logistics service platform,,Ahmedabad,"Gujarat based angel investors, MMY co-Founder",Seed Funding,"2,45,000",,2015-08-14,245000.0,Trukky,trukky,0.0,0.0,0,-1.0,1,0.0,2,1,Seed/Angel,Logistics & Mobility,Ahmedabad,0.000750938673341677,2.0055113960051465e-06,5.212874231067168e-07,0.00039636782498119144,0.00039636782498119144,2.0,0.0,1.0,1.0,0
864,04/04/2017,Trukky,Consumer Internet,Online Truck Aggregator & Booking platform,Ahmedabad,"Keyur Joshi, Pavan Bakeri",Seed Funding,"5,00,000",,2017-04-04,500000.0,Trukky,trukky,245000.0,245000.0,1,599.0,0,599.0,2,1,Seed/Angel,Consumer Internet & Media,Ahmedabad,0.0,0.0,0.0,0.0,0.0,2.0,0.0,0.0,1.0,0
1755,07/04/2016,Truly Social,Consumer Internet,Mobile Gaming Studio,London,Nazara Technologies Pvt Ltd,Private Equity,,,2016-04-07,,Truly Social,truly social,0.0,0.0,0,-1.0,1,0.0,1,0,Private Equity,Consumer Internet & Media,Tier-2/Other,0.0,0.0,0.0,0.0,0.0,1.0,0.0,0.0,1.0,0
2874,02/03/2015,TrulyMadly.com,,,,"Helion Venture Partners, Kae Capital",Private Equity,"55,00,000",Series A,2015-03-02,5500000.0,TrulyMadly.com,trulymadly,0.0,0.0,0,-1.0,1,0.0,1,0,Private Equity,Other,Tier-2/Other,0.0005006257822277847,0.0022066892579169126,0.00030628027223875305,0.00022405951589119736,0.00022405951589119736,2.0,0.0,1.0,3.0,1
707,20/07/2017,Trupay,Technology,Online payments platform,Gurgaon,"Kae Capital, M&S Partners,",Seed Funding,"7,00,000",,2017-07-20,700000.0,Trupay,trupay,0.0,0.0,0,-1.0,1,0.0,1,0,Seed/Angel,Technology & SaaS,Delhi-NCR,0.0005006257822277847,0.0022066892579169126,0.00030628027223875305,0.00022405951589119736,0.00022405951589119736,2.0,0.0,1.0,1.0,0
2809,28/05/2015,Truweight,Weight Management Service,,Hyderabad,Kalaari Capital,Private Equity,,Series A,2015-05-28,,Truweight,truweight,0.0,0.0,0,-1.0,1,0.0,1,0,Private Equity,Other,Hyderabad,0.0025031289111389233,0.013397154605961893,0.0017630362707794693,0.0010197165577911919,0.0010197165577911919,1.0,1.0,1.0,1.0,0
648,09/08/2017,TruxApp,Logistics,Mobile based Logistics Service,New Delhi,"Venugopal Dhoot, Ajay Bhatia, Tarun Khandelwal, Ganpat Singhvi, Mandhian family & Others",Seed Funding,"31,00,000",,2017-08-09,3100000.0,TruxApp,truxapp,0.0,0.0,0,-1.0,1,0.0,1,0,Seed/Angel,Logistics & Mobility,Delhi-NCR,0.0012515644555694616,0.004638772999889398,7.508484863299938e-05,0.0005537048140257201,0.0005537048140257201,5.0,0.0,1.0,1.0,0
1920,05/02/2016,Turtlemint,Consumer Internet,online personalized insurance platform,Mumbai,Nexus Venture Partners,Private Equity,,,2016-02-05,,Turtlemint,turtlemint,0.0,0.0,0,-1.0,1,0.0,1,0,Private Equity,Consumer Internet & Media,Mumbai,0.00025031289111389235,0.0,0.004643633114189387,0.00012013188825083282,0.00012013188825083282,1.0,1.0,1.0,3.0,1
873,07/04/2017,Twenty Two Motors,Technology,Smart Scooter manufacturer,Gurgaon,"Ishwar Singh,Farhaan Shabbir",Seed Funding,,,2017-04-07,,Twenty Two Motors,twenty two motors,0.0,0.0,0,-1.0,1,0.0,1,0,Seed/Angel,Technology & SaaS,Delhi-NCR,0.0,0.0,0.0,0.0,0.0,2.0,0.0,0.0,1.0,0
2198,02/11/2015,Twigly,Online Food Ordering & Delivery platform,,Gurgaon,"Amit Gupta, Sahil Barua, Mukul Singhal, Tracxn Labs",Seed Funding,"2,00,000",,2015-11-02,200000.0,Twigly,twigly,0.0,0.0,0,-1.0,1,0.0,2,1,Seed/Angel,Logistics & Mobility,Delhi-NCR,0.0,0.0,0.0,0.0,0.0,4.0,0.0,0.0,1.0,0
1533,13/07/2016,Twigly,Consumer Internet,Online Food Ordering & Delivery Startup,Gurgaon,"Tracxn Labs, Hyderabad Angels, Kunal Shah, Gaurav Bhalotia",Seed Funding,"6,00,000",,2016-07-13,600000.0,Twigly,twigly,200000.0,200000.0,1,254.0,0,254.0,2,1,Seed/Angel,Consumer Internet & Media,Delhi-NCR,0.00025031289111389235,0.0,1.54413417595609e-07,0.00016435886649189237,0.00016435886649189237,4.0,0.0,1.0,1.0,0
2536,18/08/2015,Twyst,Location based engagement & rewards platform,,Gurgaon,"Rohit Bhatia, Sunil Nikhar, Vaibhav Domkundwar, Siddharth Nautiyal",Seed Funding,,,2015-08-18,,Twyst,twyst,0.0,0.0,0,-1.0,1,0.0,1,0,Seed/Angel,Other,Delhi-NCR,0.0005006257822277847,0.0001672095126419291,0.023341819309146472,0.00020695856978906544,0.00020695856978906544,4.0,0.0,1.0,1.0,0
935,03/03/2017,Tydy,Technology,Employee Onboarding and Engagement platform,Bangalore,"Bhupen Shah, Jayesh Parekh, Sanjay Sathe",Seed Funding,"2,75,000",,2017-03-03,275000.0,Tydy,tydy,0.0,0.0,0,-1.0,1,0.0,1,0,Seed/Angel,Technology & SaaS,Bengaluru,0.0,0.0,0.0,0.0,0.0,3.0,0.0,0.0,1.0,0
1121,02/12/2016,TYGR,Technology,Transport and logistics mobile App,Mumbai,Franchise India,Private Equity,"30,00,000",,2016-12-02,3000000.0,TYGR,tygr,0.0,0.0,0,-1.0,1,0.0,1,0,Private Equity,Technology & SaaS,Mumbai,0.0,0.0,0.0,0.0,0.0,1.0,0.0,0.0,1.0,0
243,18/06/2018,Tynor Othontics,Healthcare,Prosthetics Manufacturers,Chandigarh,Lighthouse Funds & Thuasne Participations,Private Equity,"2,10,00,000",,2018-06-18,21000000.0,Tynor Othontics,tynor othontics,0.0,0.0,0,-1.0,1,0.0,1,0,Private Equity,Healthcare,Tier-2/Other,0.0,0.0,0.0,0.0,0.0,1.0,0.0,0.0,1.0,0
1088,20/01/2017,Tyre Express,Technology,IoT platform for Tyre Performance management & tracking,Mumbai,IvyCamp Ventures,Seed Funding,,,2017-01-20,,Tyre Express,tyre express,0.0,0.0,0,-1.0,1,0.0,2,1,Seed/Angel,Technology & SaaS,Mumbai,0.0,0.0,0.0,0.0,0.0,1.0,0.0,0.0,1.0,0
858,03/04/2017,Tyre Express,Technology,Enterprise IoT solutions For Tyre Performance,Mumbai,Rohitash Gupta,Seed Funding,,,2017-04-03,,Tyre Express,tyre express,0.0,0.0,1,73.0,0,73.0,2,1,Seed/Angel,Technology & SaaS,Mumbai,0.0,0.0,0.0,0.0,0.0,1.0,0.0,0.0,1.0,0
796,05/05/2017,Uactive,Consumer Internet,Health-based social networking & discovery App,Mumbai,Hinduja family,Seed Funding,,,2017-05-05,,Uactive,uactive,0.0,0.0,0,-1.0,1,0.0,1,0,Seed/Angel,Consumer Internet & Media,Mumbai,0.00025031289111389235,0.0,0.00014168356714146655,0.00013863795235260272,0.00013863795235260272,1.0,0.0,1.0,1.0,0
1474,24/08/2016,Uber Dreams,eCommerce,Dreams fulfilling marketplace,Mumbai,Mohit Lalvani,Seed Funding,"5,00,000",,2016-08-24,500000.0,Uber Dreams,uber dreams,0.0,0.0,0,-1.0,1,0.0,1,0,Seed/Angel,E-Commerce,Mumbai,0.0,0.0,0.0,0.0,0.0,1.0,0.0,0.0,1.0,0
1239,24/11/2016,UClean,Consumer Internet,Tech Enabled Laundry Service Provider,Gurgaon,Franchise India,Private Equity,,,2016-11-24,,UClean,uclean,0.0,0.0,0,-1.0,1,0.0,1,0,Private Equity,Consumer Internet & Media,Delhi-NCR,0.0,0.0,0.0,0.0,0.0,1.0,0.0,0.0,1.0,0
545,12/10/2017,UCLID,Technology,"Education Network for Institutions, teachers & Students",Hyderabad,Undisclosed investors,Seed Funding,"2,35,000",,2017-10-12,235000.0,UCLID,uclid,0.0,0.0,0,-1.0,1,0.0,1,0,Seed/Angel,Technology & SaaS,Hyderabad,0.0,0.0,0.0,0.0,0.0,1.0,0.0,0.0,1.0,0
1235,23/11/2016,Udaan,eCommerce,B2B Marketplace,Bangalore,"Lightspeed Venture Partners India, Lightspeed US",Private Equity,"1,00,00,000",,2016-11-23,10000000.0,Udaan,udaan,0.0,0.0,0,-1.0,1,0.0,4,1,Private Equity,E-Commerce,Bengaluru,0.000750938673341677,0.002140516295368845,0.0010745970944144054,0.0003368274814566413,0.0003368274814566413,2.0,1.0,1.0,3.0,1
381,21/02/2018,Udaan,E-Commerce,B2B Marketplace,Bengaluru,Lightspeed & Yuri Milner,Private Equity,"5,00,00,000",,2018-02-21,50000000.0,Udaan,udaan,10000000.0,10000000.0,1,455.0,0,455.0,4,1,Private Equity,E-Commerce,Bengaluru,0.000750938673341677,0.002140516295368845,0.0010745970944144054,0.0003368274814566413,0.0003368274814566413,1.0,1.0,1.0,3.0,1
153,03/09/2018,Udaan,B2B Platform,Logistics and Shipping,Bengaluru,DST Global and Lightspeed Venture Partners\\xe2\\x80\\x99 global fund.,Private Equity,"22,50,00,000",,2018-09-03,225000000.0,Udaan,udaan,60000000.0,50000000.0,2,194.0,0,649.0,4,1,Private Equity,Other,Bengaluru,0.000750938673341677,0.002140516295368845,0.0010745970944144054,0.0003368274814566413,0.0003368274814566413,1.0,1.0,1.0,3.0,1
34,02/10/2019,Udaan,B2B,Business development,Bengaluru,"Altimeter Capital, DST Global",Series D,"58,50,00,000",,2019-10-02,585000000.0,Udaan,udaan,285000000.0,225000000.0,3,394.0,0,1043.0,4,1,Late Stage (C+),Other,Bengaluru,0.001501877346683354,0.005268798673703755,0.03569335593627569,0.0005239691561104282,0.0005239691561104282,2.0,0.0,1.0,3.0,1
2415,14/09/2015,UE Life Sciences,Early Cancer Detection Solutions,,US/India,"Aarin Capital, Unitus Seed Fund",Private Equity,"30,00,000",Series A,2015-09-14,3000000.0,UE Life Sciences,ue life sciences,0.0,0.0,0,-1.0,1,0.0,1,0,Private Equity,Other,Tier-2/Other,0.00025031289111389235,0.0,5.436574580572323e-09,0.00019298932774467834,0.00019298932774467834,2.0,0.0,1.0,1.0,0
1278,05/10/2016,UE LifeSciences,Technology,Mobile Health Technology Solutions,Mumbai,"Kiran Mazumdar-Shaw, Unitus Seed Fund",Private Equity,"12,00,000",,2016-10-05,1200000.0,UE LifeSciences,ue lifesciences,0.0,0.0,0,-1.0,1,0.0,1,0,Private Equity,Technology & SaaS,Mumbai,0.0,0.0,0.0,0.0,0.0,2.0,0.0,0.0,1.0,0
1470,24/08/2016,UnaAcademy,Consumer Internet,Free Interactive education platform,Bangalore,"Blume Ventures, Sachin Bansal, Vijay Shekhar Sharma, Binny Bansal,\\xc2\\xa0 Kunal Shah, Sandeep Tandon, Ashish Tulsian",Private Equity,"10,00,000",,2016-08-24,1000000.0,UnaAcademy,unaacademy,0.0,0.0,0,-1.0,1,0.0,1,0,Private Equity,Consumer Internet & Media,Bengaluru,0.0012515644555694616,0.010687931577880288,0.01213914455110461,0.0005537048140257201,0.00037961157363480315,7.0,1.0,1.0,1.0,0
1697,12/05/2016,Unacademy,Consumer Internet,Free Online Education Platform,Bangalore,"Blume Ventures, Rajan Anandan, Sumit Jain, Aprameya Radhakrishna, Sujeet Kumar, Phanindra Sama",Seed Funding,"5,00,000",,2016-05-12,500000.0,Unacademy,unacademy,0.0,0.0,0,-1.0,1,0.0,4,1,Seed/Angel,Consumer Internet & Media,Bengaluru,0.00025031289111389235,0.0,2.4573577241560827e-06,0.00014531887003520802,0.00014531887003520802,6.0,1.0,1.0,4.0,1
1066,14/01/2017,Unacademy,Consumer Internet,Online learning platform,Bangalore,"Nexus Venture Partners, Blume Ventures",Private Equity,"45,00,000",,2017-01-14,4500000.0,Unacademy,unacademy,500000.0,500000.0,1,247.0,0,247.0,4,1,Private Equity,Consumer Internet & Media,Bengaluru,0.00025031289111389235,0.0,0.004643633114189387,0.00014531887003520802,0.0001327253791430204,2.0,1.0,1.0,4.0,1
602,13/09/2017,Unacademy,Consumer Internet,Online learning platform,Mumbai,"Sequoia Capital India, SAIF Partners, Nexus Venture Partners and Blume Ventures,",Private Equity,"1,15,00,000",,2017-09-13,11500000.0,Unacademy,unacademy,5000000.0,4500000.0,2,242.0,0,489.0,4,1,Private Equity,Consumer Internet & Media,Mumbai,0.004005006257822278,0.059859204892582674,0.09566198113272546,0.001413958516141685,0.0006087875500579607,3.0,1.0,1.0,4.0,1
107,10/04/2019,Unacademy,Edtech,E-learning,Bengaluru,Kalyan Krishnamurthy,Seed/ Angel Funding,"3,07,000",,2019-04-10,307000.0,Unacademy,unacademy,16500000.0,11500000.0,3,574.0,0,1063.0,4,1,Seed/Angel,EdTech,Bengaluru,0.0,0.0,0.0,0.0,0.0,1.0,0.0,0.0,4.0,1
1681,05/05/2016,Unbxd,Technology,eCommerce product discovery software,New Delhi,"IDG Ventures, Inventus Capital, Indian Angel Network",Private Equity,,,2016-05-05,,Unbxd,unbxd,0.0,0.0,0,-1.0,1,0.0,2,1,Private Equity,Technology & SaaS,Delhi-NCR,0.002002503128911139,0.01032696862918804,0.03555811791464255,0.0008020854002554353,0.0008020854002554353,3.0,0.0,1.0,1.0,0
759,19/06/2017,Unbxd,Technology,Cloud-based product discovery platform,Bangalore,Eight Roads Ventures,Private Equity,"1,25,00,000",,2017-06-19,12500000.0,Unbxd,unbxd,0.0,0.0,1,410.0,0,410.0,2,1,Private Equity,Technology & SaaS,Bengaluru,0.0012515644555694616,0.006316536841184845,0.004537866606428548,0.0004983133807781689,0.0004983133807781689,1.0,0.0,1.0,1.0,0
807,09/05/2017,Uncanny Vision,Technology,Computer Vision on Embedded Systems,Bangalore,Anand Chandrasekaran,Seed Funding,,,2017-05-09,,Uncanny Vision,uncanny vision,0.0,0.0,0,-1.0,1,0.0,1,0,Seed/Angel,Technology & SaaS,Bengaluru,0.0,0.0,0.0,0.0,0.0,1.0,0.0,0.0,1.0,0
1551,18/07/2016,underDOGS,Technology,Game Development Startup,Mumbai,Intelli Reboot Digital Pvt. Ltd,Private Equity,,,2016-07-18,,underDOGS,underdogs,0.0,0.0,0,-1.0,1,0.0,1,0,Private Equity,Technology & SaaS,Mumbai,0.0,0.0,0.0,0.0,0.0,1.0,0.0,0.0,1.0,0
2771,08/05/2015,Uniken,Online Security Platform,,Pune,Exfinity Ventures,Private Equity,"20,00,000",Bridge Round Pre-Series B,2015-05-08,2000000.0,Uniken,uniken,0.0,0.0,0,-1.0,1,0.0,1,0,Private Equity,Other,Pune,0.0,0.0,0.0,0.0,0.0,1.0,0.0,0.0,1.0,0
2426,17/09/2015,UniLog,ECommerce Data Analytics Platform,,Bangalore,Kalaari Capital,Private Equity,,,2015-09-17,,UniLog,unilog,0.0,0.0,0,-1.0,1,0.0,1,0,Private Equity,E-Commerce,Bengaluru,0.0025031289111389233,0.013397154605961893,0.0017630362707794693,0.0010197165577911919,0.0010197165577911919,1.0,1.0,1.0,1.0,0
2765,07/05/2015,Uniphore,Speech Recognition Solutions,,Chennai,"IDG Ventures, Kris Gopalakrishnan",Private Equity,,Series A,2015-05-07,,Uniphore,uniphore,0.0,0.0,0,-1.0,1,0.0,5,1,Private Equity,Other,Chennai,0.0,0.0,0.0,0.0,0.0,2.0,0.0,0.0,1.0,0
1263,03/10/2016,Uniphore,Technology,Speech Recognition Solutions,Chennai,"IDG Ventures, Indian Angel Network (IAN), YourNest Angel Fund",Private Equity,"20,00,000",,2016-10-03,2000000.0,Uniphore,uniphore,0.0,0.0,1,515.0,0,515.0,5,1,Private Equity,Technology & SaaS,Chennai,0.002002503128911139,0.01032696862918804,0.03555811791464255,0.0008020854002554353,0.0004975373640000568,3.0,0.0,1.0,1.0,0
660,21/08/2017,Uniphore,Technology,speech recognition startup,Chennai,IDG Ventures,Private Equity,"68,00,000",,2017-08-21,6800000.0,Uniphore,uniphore,2000000.0,2000000.0,2,322.0,0,837.0,5,1,Private Equity,Technology & SaaS,Chennai,0.0,0.0,0.0,0.0,0.0,1.0,0.0,0.0,1.0,0
66,01/07/2019,Uniphore,Artificial Intelligence,Speech Recognition,Taramani,March Capital Partners,Series C,"3,80,80,000",,2019-07-01,38080000.0,Uniphore,uniphore,8800000.0,6800000.0,3,679.0,0,1516.0,5,1,Series C,Other,Tier-2/Other,0.0005006257822277847,0.0003953514659552001,0.0011952661260028158,0.00021829550372808805,0.00021829550372808805,1.0,0.0,1.0,1.0,0
52,13/08/2019,Uniphore,Customer Service Platform,Conversational AI,Palo Alto,March Capital Partners,Series C,"5,10,00,000",,2019-08-13,51000000.0,Uniphore,uniphore,46880000.0,38080000.0,4,43.0,0,1559.0,5,1,Series C,Other,Tier-2/Other,0.0005006257822277847,0.0003953514659552001,0.0011952661260028158,0.00021829550372808805,0.00021829550372808805,1.0,0.0,1.0,1.0,0
493,13/11/2017,Universal Sportsbiz Pvt. Ltd,ECommerce,Celebrity fashion accessories and merchandise,Mumbai,Accel Partners,PrivateEquity,"1,50,00,000",,2017-11-13,15000000.0,Universal Sportsbiz Pvt. Ltd,universal sportsbiz .,0.0,0.0,0,-1.0,1,0.0,1,0,Other/Undisclosed,E-Commerce,Mumbai,0.0025031289111389233,0.03180691231866443,0.01397423501569189,0.0009597977221441899,0.0009597977221441899,1.0,1.0,1.0,1.0,0
1972,18/02/2016,Unlaze,Consumer Internet,Social Networking app for outdoor interests,Gurgaon,"Sujal Shah, Dino Morea",Seed Funding,,,2016-02-18,,Unlaze,unlaze,0.0,0.0,0,-1.0,1,0.0,1,0,Seed/Angel,Consumer Internet & Media,Delhi-NCR,0.0,0.0,0.0,0.0,0.0,2.0,0.0,0.0,1.0,0
1611,16/06/2016,Unnati Helpers,Consumer Internet,Help Hiring Platform,Gurgaon,Info Edge (India) Ltd,Private Equity,"6,00,000",,2016-06-16,600000.0,Unnati Helpers,unnati helpers,0.0,0.0,0,-1.0,1,0.0,1,0,Private Equity,Consumer Internet & Media,Delhi-NCR,0.000750938673341677,0.002301083933076535,0.00011362542004131888,0.00033460530249453915,0.00033460530249453915,1.0,0.0,1.0,1.0,0
1409,29/09/2016,Unocoin,Consumer Internet,Bitcoin Wallet,Bangalore,"Blume Ventures, Mumbai Angels, ah! Ventures, Digital Currency Group, Boost VC, Bank to the Future and Funders Club",Private Equity,"15,00,000",,2016-09-29,1500000.0,Unocoin,unocoin,0.0,0.0,0,-1.0,1,0.0,1,0,Private Equity,Consumer Internet & Media,Bengaluru,0.0017521902377972466,0.010975312042205362,0.00961306277325317,0.0007274642447918312,0.000477455149300153,6.0,1.0,1.0,1.0,0
687,07/07/2017,Upwardly.in,Consumer Internet,MF investment platform,Bangalore,"Sreeram Iyer, Suvo Sarkar, Anita Gupta, Likemind Ventures",Seed Funding,,,2017-07-07,,Upwardly.in,upwardly,0.0,0.0,0,-1.0,1,0.0,1,0,Seed/Angel,Consumer Internet & Media,Bengaluru,0.0,0.0,0.0,0.0,0.0,4.0,0.0,0.0,1.0,0
163,11/09/2018,Upwards,Fin-Tech,Online Micro Lending Marketplace,Mumbai,"Shunwei Capital,Quotient, Mayfield & Others",Private Equity,"50,00,000",,2018-09-11,5000000.0,Upwards,upwards,0.0,0.0,0,-1.0,1,0.0,1,0,Private Equity,Other,Mumbai,0.0012515644555694616,0.0015831233045289707,0.0017614729921763422,0.000554745742038456,0.000554745742038456,3.0,0.0,1.0,1.0,0
1931,08/02/2016,Urban Dhobi,Consumer Internet,On Demand Laundry Services,Jaipur,"Vinod Bansal, Sanjeev Singhal",Seed Funding,,,2016-02-08,,Urban Dhobi,urban dhobi,0.0,0.0,0,-1.0,1,0.0,1,0,Seed/Angel,Consumer Internet & Media,Jaipur,0.0,0.0,0.0,0.0,0.0,2.0,0.0,0.0,1.0,0
2825,09/04/2015,Urban Ladder,Online Furnishing\\neCommerce,,Bangalore,"Sequoia Capital, TR Capital, Steadview Capital, SAIF Partners, Kalaari Capital",Private Equity,"5,00,00,000",Series C,2015-04-09,50000000.0,Urban Ladder,urban ladder,0.0,0.0,0,-1.0,1,0.0,4,1,Private Equity,E-Commerce,Bengaluru,0.004005006257822278,0.059859204892582674,0.09566198113272546,0.001413958516141685,0.0007769941970684792,5.0,1.0,1.0,1.0,0
2864,28/04/2015,Urban Ladder,Online Furniture ecommerce,,Bangalore,"Anand Rajaraman, Venky Harinarayan",Private Equity,,Series D,2015-04-28,,Urban Ladder,urban ladder,50000000.0,50000000.0,1,19.0,0,19.0,4,1,Private Equity,E-Commerce,Bengaluru,0.0,0.0,0.0,0.0,0.0,2.0,0.0,0.0,1.0,0
1028,17/02/2017,Urban Ladder,ECommerce,Online Furniture Store,Bangalore,"Kalaari Capital, SAIF Partners, Steadview Capital, Sequoia Capital",Private Equity,"1,52,00,000",,2017-02-17,15200000.0,Urban Ladder,urban ladder,50000000.0,50000000.0,2,661.0,0,680.0,4,1,Private Equity,E-Commerce,Bengaluru,0.004005006257822278,0.059859204892582674,0.09566198113272546,0.001413958516141685,0.0007769941970684792,4.0,1.0,1.0,1.0,0
318,01/03/2018,Urban Ladder,E-Commerce,Online Furniture Store,Bengaluru,"Sequoia Capital, SAIF Partners and Kalaari capital",Private Equity,"1,20,00,000",,2018-03-01,12000000.0,Urban Ladder,urban ladder,65200000.0,15200000.0,3,377.0,0,1057.0,4,1,Private Equity,E-Commerce,Bengaluru,0.004005006257822278,0.059859204892582674,0.09566198113272546,0.001413958516141685,0.0012168375369664385,2.0,1.0,1.0,1.0,0
2584,05/07/2015,Urban Tailor,Online Tailoring Services,,Bangalore,Group of angel investors,Seed Funding,,,2015-07-05,,Urban Tailor,urban tailor,0.0,0.0,0,-1.0,1,0.0,2,1,Seed/Angel,Technology & SaaS,Bengaluru,0.000750938673341677,2.0055113960051465e-06,5.212874231067168e-07,0.00039636782498119144,0.00039636782498119144,1.0,0.0,1.0,1.0,0
1535,13/07/2016,Urban Tailor,Consumer Internet,E-Tailoring service provider,Bangalore,Unitus Seed Fund,Private Equity,,,2016-07-13,,Urban Tailor,urban tailor,0.0,0.0,1,374.0,0,374.0,2,1,Private Equity,Consumer Internet & Media,Bengaluru,0.0,0.0,0.0,0.0,0.0,1.0,0.0,0.0,1.0,0
2839,16/04/2015,UrbanClap,Hyperlocal Mobile Services Marketplace,,New Delhi,"SAIF Partners, Accel Partners, Kunal Bahl, Rohit Bansal",Seed Funding,"16,00,000",,2015-04-16,1600000.0,UrbanClap,urbanclap,0.0,0.0,0,-1.0,1,0.0,6,1,Seed/Angel,E-Commerce,Delhi-NCR,0.0025031289111389233,0.03180691231866443,0.01397423501569189,0.0009597977221441899,0.00046075618164569446,4.0,1.0,1.0,1.0,0
2744,29/06/2015,UrbanClap,Hyperlocal services marketplace,,New Delhi,"SAIF Partners,\\xc2\\xa0 Accel Partners",Private Equity,"1,00,00,000",Series A,2015-06-29,10000000.0,UrbanClap,urbanclap,1600000.0,1600000.0,1,74.0,0,74.0,6,1,Private Equity,E-Commerce,Delhi-NCR,0.0025031289111389233,0.03180691231866443,0.01397423501569189,0.0009597977221441899,0.0006260349839627771,2.0,1.0,1.0,1.0,0
2252,19/11/2015,UrbanClap,Mobile Services Marketplace,,Gurgaon,"Bessemer Venture Partner, Accel, SAIF Partners",Private Equity,"2,50,00,000",Series B,2015-11-19,25000000.0,UrbanClap,urbanclap,11600000.0,10000000.0,2,143.0,0,217.0,6,1,Private Equity,E-Commerce,Delhi-NCR,0.0012515644555694616,0.004593992124282985,0.005457297960275162,0.0005026251490342794,0.0003601037896516399,3.0,1.0,1.0,1.0,0
2152,11/12/2015,UrbanClap,Hyperlocal On-Demand Household Services platform,,Gurgaon,Ratan Tata,Private Equity,,,2015-12-11,,UrbanClap,urbanclap,36600000.0,25000000.0,3,22.0,0,239.0,6,1,Private Equity,Other,Delhi-NCR,0.0,0.0,0.0,0.0,0.0,1.0,0.0,0.0,1.0,0
911,25/04/2017,UrbanClap,Consumer Internet,Mobile Services Marketplace,Gurgaon,Trifecta Capital,Private Equity,"31,00,000",,2017-04-25,3100000.0,UrbanClap,urbanclap,36600000.0,25000000.0,4,501.0,0,740.0,6,1,Private Equity,Consumer Internet & Media,Delhi-NCR,0.00025031289111389235,0.0,0.007851646982310443,0.00013105928853511366,0.00013105928853511366,1.0,0.0,1.0,1.0,0
785,30/06/2017,UrbanClap,Consumer Internet,Mobile Services Marketplace,Gurgaon,"Vy Capital, SAIF Partners, Accel Partner, Bessemer Venture Partners",Private Equity,"2,10,00,000",,2017-06-30,21000000.0,UrbanClap,urbanclap,39700000.0,3100000.0,5,66.0,0,806.0,6,1,Private Equity,Consumer Internet & Media,Delhi-NCR,0.0025031289111389233,0.03180691231866443,0.01397423501569189,0.0009597977221441899,0.0004971742374795846,4.0,1.0,1.0,1.0,0
121,01/12/2018,UrbanClap Technologies Pvt. Ltd,Services Platform,Home services marketplace,New Delhi,Steadview Capital and Vy Capital.,Series D,"5,00,00,000",,2018-12-01,50000000.0,UrbanClap Technologies Pvt. Ltd,urbanclap  .,0.0,0.0,0,-1.0,1,0.0,1,0,Late Stage (C+),Other,Delhi-NCR,0.0010012515644555694,0.005909823855977685,0.026446606072592853,0.0003820294685596755,0.0003820294685596755,1.0,0.0,1.0,1.0,0
1476,24/08/2016,UrbanLadder,eCommerce,Online Furniture Store,Mumbai,Trifecta Capital,Private Equity,"30,00,000",,2016-08-24,3000000.0,UrbanLadder,urbanladder,0.0,0.0,0,-1.0,1,0.0,1,0,Private Equity,E-Commerce,Mumbai,0.00025031289111389235,0.0,0.007851646982310443,0.00013105928853511366,0.00013105928853511366,1.0,0.0,1.0,1.0,0
1143,12/12/2016,UrbanPiper,Consumer Internet,Self-Branded Websites & Apps for Ecommerce,Bangalore,"Axilor, undisclosed investors",Seed Funding,,,2016-12-12,,UrbanPiper,urbanpiper,0.0,0.0,0,-1.0,1,0.0,2,1,Seed/Angel,Consumer Internet & Media,Bengaluru,0.0010012515644555694,0.0028383000031962837,0.0014169998952540074,0.0004588750969253953,0.0004588750969253953,2.0,0.0,1.0,1.0,0
344,22/03/2018,UrbanPiper,Technology,Online ordering solution for restaurants and food chains,Bengaluru,"Kumar Vembu, Axilor Ventures",Seed / Angel Funding,,,2018-03-22,,UrbanPiper,urbanpiper,0.0,0.0,1,465.0,0,465.0,2,1,Seed/Angel,Technology & SaaS,Bengaluru,0.0010012515644555694,0.0028383000031962837,0.0014169998952540074,0.0004588750969253953,0.0004588750969253953,2.0,0.0,1.0,1.0,0
2801,26/05/2015,UrbanPro,On-demand Service marketplace,,Bangalore,Nirvana Venture Advisors,Private Equity,"20,00,000",Series A,2015-05-26,2000000.0,UrbanPro,urbanpro,0.0,0.0,0,-1.0,1,0.0,1,0,Private Equity,E-Commerce,Bengaluru,0.0,0.0,0.0,0.0,0.0,1.0,0.0,0.0,1.0,0
2371,28/10/2015,UrDoorStep,Online Grocery Store,,Bangalore,Jupiter Capital,Private Equity,,Series A,2015-10-28,,UrDoorStep,urdoorstep,0.0,0.0,0,-1.0,1,0.0,2,1,Private Equity,Other,Bengaluru,0.001501877346683354,0.009102253461587407,0.04291665260104552,0.0005293902980569129,0.0005293902980569129,1.0,0.0,1.0,1.0,0
1123,05/12/2016,UrDoorStep,eCommerce,Online Grocery Store,Bangalore,Lakshmi Vilas Bank & undisclosed HNIs,Private Equity,"14,00,000",,2016-12-05,1400000.0,UrDoorStep,urdoorstep,0.0,0.0,1,404.0,0,404.0,2,1,Private Equity,E-Commerce,Bengaluru,0.00025031289111389235,0.0,1.54413417595609e-07,0.00016435886649189237,0.00016435886649189237,1.0,0.0,1.0,1.0,0
2924,27/03/2015,Urjas,,,,Solidarity Venture Capital & others,Seed Funding,"1,00,000",,2015-03-27,100000.0,Urjas,urjas,0.0,0.0,0,-1.0,1,0.0,1,0,Seed/Angel,Other,Tier-2/Other,0.0,0.0,0.0,0.0,0.0,1.0,0.0,0.0,1.0,0
1532,13/07/2016,Utoo Cabs,Consumer Internet,Cab aggregation & Rental platform,Chennai,Ajay Piramal,Seed Funding,,,2016-07-13,,Utoo Cabs,utoo cabs,0.0,0.0,0,-1.0,1,0.0,1,0,Seed/Angel,Consumer Internet & Media,Chennai,0.0,0.0,0.0,0.0,0.0,1.0,0.0,0.0,1.0,0
775,26/06/2017,V Resorts,Consumer Internet,Holiday & Vacation resort aggregator,Noida,"Seedfund, RB International",Private Equity,"40,00,000",,2017-06-26,4000000.0,V Resorts,v resorts,0.0,0.0,0,-1.0,1,0.0,1,0,Private Equity,Consumer Internet & Media,Delhi-NCR,0.0,0.0,0.0,0.0,0.0,2.0,0.0,0.0,1.0,0
475,03/11/2017,Vagupu,Technology,Online Tutorial Marketplace,Bangalore,Undisclosed Investors,Seed Funding,"10,00,000",,2017-11-03,1000000.0,Vagupu,vagupu,0.0,0.0,0,-1.0,1,0.0,1,0,Seed/Angel,Technology & SaaS,Bengaluru,0.0,0.0,0.0,0.0,0.0,1.0,0.0,0.0,1.0,0
1757,08/04/2016,Vahan,Education,Mobile Education Platform,Chennai,Villgro,Seed Funding,,,2016-04-08,,Vahan,vahan,0.0,0.0,0,-1.0,1,0.0,1,0,Seed/Angel,EdTech,Chennai,0.0,0.0,0.0,0.0,0.0,1.0,0.0,0.0,1.0,1
1734,30/05/2016,Vahanalytics,Technology,Safe driving Analytics platform,Mumbai,"Anirudh Damani, Vikram Lakhotia",Seed Funding,"2,00,000",,2016-05-30,200000.0,Vahanalytics,vahanalytics,0.0,0.0,0,-1.0,1,0.0,1,0,Seed/Angel,Technology & SaaS,Mumbai,0.0,0.0,0.0,0.0,0.0,2.0,0.0,0.0,1.0,0
441,11/12/2017,Vahdam Tea,E-Commerce,Online Platform Selling Indian Tea Globally,Delhi,"Singapore Angel Network, Mumbai Angel",Private Equity,"15,00,000",,2017-12-11,1500000.0,Vahdam Tea,vahdam tea,0.0,0.0,0,-1.0,1,0.0,1,0,Private Equity,E-Commerce,Delhi-NCR,0.0017521902377972466,0.010975312042205362,0.00961306277325317,0.0007274642447918312,0.0004368235612395788,2.0,0.0,1.0,1.0,0
1080,18/01/2017,Vahdam Teas,eCommerce,Online Tea etailer,New Delhi,"Mumbai Angels Network, Fireside Ventures, Singapore Angel Network",Seed Funding,"6,50,000",,2017-01-18,650000.0,Vahdam Teas,vahdam teas,0.0,0.0,0,-1.0,1,0.0,1,0,Seed/Angel,E-Commerce,Delhi-NCR,0.0017521902377972466,0.010975312042205362,0.00961306277325317,0.0007274642447918312,0.000393682779136454,3.0,0.0,1.0,1.0,0
1841,07/03/2016,Vanity Cube,Consumer Internet,Hyperlocal Beauty Services platform,New Delhi,Unicorn Ventures,Seed Funding,"2,50,000",,2016-03-07,250000.0,Vanity Cube,vanity cube,0.0,0.0,0,-1.0,1,0.0,1,0,Seed/Angel,Consumer Internet & Media,Delhi-NCR,0.0,0.0,0.0,0.0,0.0,1.0,0.0,0.0,1.0,0
750,14/06/2017,Vanitycask,Consumer Internet,Beauty products discovery platform,Mumbai,RB Investments,Seed Funding,,,2017-06-14,,Vanitycask,vanitycask,0.0,0.0,0,-1.0,1,0.0,1,0,Seed/Angel,Consumer Internet & Media,Mumbai,0.0,0.0,0.0,0.0,0.0,1.0,0.0,0.0,1.0,0
2524,14/08/2015,VanityCube,On-Demand Beauty Services,,New Delhi,Group of angel investors,Seed Funding,,,2015-08-14,,VanityCube,vanitycube,0.0,0.0,0,-1.0,1,0.0,1,0,Seed/Angel,Other,Delhi-NCR,0.000750938673341677,2.0055113960051465e-06,5.212874231067168e-07,0.00039636782498119144,0.00039636782498119144,1.0,0.0,1.0,1.0,0
285,04/04/2018,Varthana,Finance,Loans and Services To Affordable Private Schools in India,Bengaluru,"ChrysCapital, Existing investors, Elevar Equity, LGT Impact, Omidyar Network and Kaizen Private Equity also participated in the round",Private Equity,"5,50,00,000",,2018-04-04,55000000.0,Varthana,varthana,0.0,0.0,0,-1.0,1,0.0,1,0,Private Equity,FinTech,Bengaluru,0.0010012515644555694,0.007109553316259028,0.013758018688313459,0.0003983214631420374,0.00036566777060717136,5.0,0.0,1.0,1.0,0
699,17/07/2017,Vayana,Technology,Enterprise Banking Solutions,Pune,"IDG Ventures India Advisors, Jungle Ventures",Private Equity,"40,00,000",,2017-07-17,4000000.0,Vayana,vayana,0.0,0.0,0,-1.0,1,0.0,1,0,Private Equity,Technology & SaaS,Pune,0.001501877346683354,0.013589173215773223,0.010289474729885855,0.0005614148492715481,0.0005614148492715481,2.0,0.0,1.0,1.0,0
693,12/07/2017,VDeliver,Logistics,Door Step Delivery platform,Hyderabad,"Corvus Ventures, MAPE Advisory Group",Private Equity,,,2017-07-12,,VDeliver,vdeliver,0.0,0.0,0,-1.0,1,0.0,1,0,Private Equity,Logistics & Mobility,Hyderabad,0.0,0.0,0.0,0.0,0.0,2.0,0.0,0.0,1.0,0
1434,10/08/2016,Vebbler,Consumer Internet,Photo Sharing Mobile App,Bangalore,"Anupam Mittal, Sharad Sharma & 14 others",Seed Funding,"5,00,000",,2016-08-10,500000.0,Vebbler,vebbler,0.0,0.0,0,-1.0,1,0.0,2,1,Seed/Angel,Consumer Internet & Media,Bengaluru,0.0,0.0,0.0,0.0,0.0,2.0,0.0,0.0,1.0,0
1035,22/02/2017,Vebbler,Consumer Internet,Photo Sharing for Groups,Bangalore,Facebook FBStart,Seed Funding,"40,000",,2017-02-22,40000.0,Vebbler,vebbler,500000.0,500000.0,1,196.0,0,196.0,2,1,Seed/Angel,Consumer Internet & Media,Bengaluru,0.0,0.0,0.0,0.0,0.0,1.0,0.0,0.0,1.0,0
2768,07/05/2015,Vedantu,Online Education Platform,,Bangalore,"Accel Partners, Tiger Global Management",Private Equity,"50,00,000",Series A,2015-05-07,5000000.0,Vedantu,vedantu,0.0,0.0,0,-1.0,1,0.0,2,1,Private Equity,EdTech,Bengaluru,0.005006257822277847,0.07287536754319783,0.18527724887454788,0.0017164247516392465,0.0013381112368917182,2.0,1.0,1.0,4.0,1
287,05/04/2018,Vedantu,Ed-Tech,Interactive Online Tutoring Platform,Bangalore,"Accel Partners, Tiger Global And Others",Private Equity,"1,00,00,000",,2018-04-05,10000000.0,Vedantu,vedantu,5000000.0,5000000.0,1,1064.0,0,1064.0,2,1,Private Equity,Other,Bengaluru,0.005006257822277847,0.07287536754319783,0.18527724887454788,0.0017164247516392465,0.0013381112368917182,2.0,1.0,1.0,4.0,1
2668,01/06/2015,Veeba Foods,Healthy Food Manufacturer,,New Delhi,"DSG Consumer Partners, Saama Capital.",Private Equity,"60,00,000",Series B,2015-06-01,6000000.0,Veeba Foods,veeba foods,0.0,0.0,0,-1.0,1,0.0,1,0,Private Equity,Healthcare,Delhi-NCR,0.001501877346683354,0.005746251505479102,0.030855919122090774,0.0005464575058024244,0.0005024775974750543,2.0,0.0,1.0,1.0,0
1169,21/12/2016,Vegetall,eCommerce,Online Vegetable eTailer,Chennai,The Chennai Angels,Seed Funding,"1,62,000",,2016-12-21,162000.0,Vegetall,vegetall,0.0,0.0,0,-1.0,1,0.0,1,0,Seed/Angel,E-Commerce,Chennai,0.000750938673341677,0.002207942702539416,0.0012113159830875644,0.0003491956708925769,0.0003491956708925769,1.0,0.0,1.0,1.0,0
1760,11/04/2016,Vegfru,eCommerce,Online Fruit & Vegetable Marketplace,New Delhi,Wingify,Seed Funding,,,2016-04-11,,Vegfru,vegfru,0.0,0.0,0,-1.0,1,0.0,1,0,Seed/Angel,E-Commerce,Delhi-NCR,0.0,0.0,0.0,0.0,0.0,1.0,0.0,0.0,1.0,0
1133,07/12/2016,Vehico,Technology,Connected Transportation solutions,Bangalore,"Calcutta Angel Network, Appliyifi",Seed Funding,,,2016-12-07,,Vehico,vehico,0.0,0.0,0,-1.0,1,0.0,1,0,Seed/Angel,Technology & SaaS,Bengaluru,0.0,0.0,0.0,0.0,0.0,2.0,0.0,0.0,1.0,0
1335,29/10/2016,Velmenni,Technology,LiFi based wireless communication provider,New Delhi,Kalaari Capital,Seed Funding,"1,00,000",,2016-10-29,100000.0,Velmenni,velmenni,0.0,0.0,0,-1.0,1,0.0,1,0,Seed/Angel,Technology & SaaS,Delhi-NCR,0.0025031289111389233,0.013397154605961893,0.0017630362707794693,0.0010197165577911919,0.0010197165577911919,1.0,1.0,1.0,1.0,0
1657,29/06/2016,Velvetcase,eCommerce,Online designer jewellery marketplace,Mumbai,"Uniqorn Ventures Fund, TV Mohandas Pai, S Somasegar",Private Equity,"15,00,000",,2016-06-29,1500000.0,Velvetcase,velvetcase,0.0,0.0,0,-1.0,1,0.0,1,0,Private Equity,E-Commerce,Mumbai,0.0,0.0,0.0,0.0,0.0,3.0,0.0,0.0,1.0,0
1502,01/07/2016,Venture Catalysts,Consumer Internet,Seed Investment & Innovation Platform,Mumbai,Zaffiro Ventures,Seed Funding,"5,00,000",,2016-07-01,500000.0,Venture Catalysts,venture catalysts,0.0,0.0,0,-1.0,1,0.0,1,0,Seed/Angel,Consumer Internet & Media,Mumbai,0.0,0.0,0.0,0.0,0.0,1.0,0.0,0.0,1.0,0
2783,15/05/2015,Venturesity,Online Job skills Showcase,,Bangalore,"Phanindra Sama, Jay Sethuram, Hemant Kanakia, Ravi Trivedi",Seed Funding,"2,70,000",,2015-05-15,270000.0,Venturesity,venturesity,0.0,0.0,0,-1.0,1,0.0,1,0,Seed/Angel,Other,Bengaluru,0.0,0.0,0.0,0.0,0.0,4.0,0.0,0.0,1.0,0
1720,19/05/2016,Veqta,Consumer Internet,On Demand Digital Sports Network,New Delhi,"Chatsworth Management, ITW Digital",Seed Funding,"5,00,000",,2016-05-19,500000.0,Veqta,veqta,0.0,0.0,0,-1.0,1,0.0,1,0,Seed/Angel,Consumer Internet & Media,Delhi-NCR,0.0,0.0,0.0,0.0,0.0,2.0,0.0,0.0,1.0,0
3008,12/01/2015,Verayu,,,,"GWB Group, Blume Ventures",Private Equity,,,2015-01-12,,Verayu,verayu,0.0,0.0,0,-1.0,1,0.0,1,0,Private Equity,Other,Tier-2/Other,0.00025031289111389235,0.0,2.4573577241560827e-06,0.00014531887003520802,0.00014531887003520802,2.0,1.0,1.0,1.0,0
1898,29/03/2016,Veritas Finance,Finance,Asset Based Lending platform,Chennai,Sarva Capital,Private Equity,"47,00,000",,2016-03-29,4700000.0,Veritas Finance,veritas finance,0.0,0.0,0,-1.0,1,0.0,1,0,Private Equity,FinTech,Chennai,0.0,0.0,0.0,0.0,0.0,1.0,0.0,0.0,1.0,0
128,03/11/2018,Veritas Finance Ltd.,NBFC,MSME Finance,Chennai,"Norwest Venture Partners, CDC Group, the UK\\xe2\\x80\\x99s Development Finance Institution and P Surendra Pai",Series D,"2,77,99,000",,2018-11-03,27799000.0,Veritas Finance Ltd.,veritas finance .,0.0,0.0,0,-1.0,1,0.0,1,0,Late Stage (C+),FinTech,Chennai,0.0017521902377972466,0.014871012736845492,0.01068367715154473,0.000704192593874497,0.0005479164761898504,3.0,1.0,1.0,1.0,0
823,15/05/2017,Vernacular.ai,Technology,Multi-lingual AI Platform for Businesses,Bangalore,Kstart Capital,Seed Funding,,,2017-05-15,,Vernacular.ai,vernacular.ai,0.0,0.0,0,-1.0,1,0.0,1,0,Seed/Angel,Technology & SaaS,Bengaluru,0.0,0.0,0.0,0.0,0.0,1.0,0.0,0.0,1.0,0
1827,03/03/2016,Vertuals,Technology,Audio Visual Digital Content creators for Brands,Mumbai,Dino Morea,Seed Funding,,,2016-03-03,,Vertuals,vertuals,0.0,0.0,0,-1.0,1,0.0,1,0,Seed/Angel,Technology & SaaS,Mumbai,0.0,0.0,0.0,0.0,0.0,1.0,0.0,0.0,1.0,0
905,21/04/2017,Video Ken,Consumer Internet,Video Based Collaborative Learning,Bangalore,"Ravi Garikipati, Surot Chatterjee, Ashish Agrawal, LG Chandrasekhar, Sashi Reddi",Seed Funding,"10,00,000",,2017-04-21,1000000.0,Video Ken,video ken,0.0,0.0,0,-1.0,1,0.0,1,0,Seed/Angel,Consumer Internet & Media,Bengaluru,0.0,0.0,0.0,0.0,0.0,5.0,0.0,0.0,1.0,0
2728,22/06/2015,Vidgyor,Video Advertisement Platform,,Bangalore,AngelPrime,Seed Funding,"5,00,000",,2015-06-22,500000.0,Vidgyor,vidgyor,0.0,0.0,0,-1.0,1,0.0,1,0,Seed/Angel,Other,Bengaluru,0.0,0.0,0.0,0.0,0.0,1.0,0.0,0.0,1.0,0
2688,04/06/2015,Vidooly,Video Intelligence Platform,,Noida,Bessemer Venture Partners,Private Equity,"10,00,000",Pre-Series A,2015-06-04,1000000.0,Vidooly,vidooly,0.0,0.0,0,-1.0,1,0.0,2,1,Private Equity,Other,Delhi-NCR,0.0012515644555694616,0.004593992124282985,0.002924969761969057,0.0005026251490342794,0.0005026251490342794,1.0,0.0,1.0,1.0,0
811,10/05/2017,Vidooly,Consumer Internet,Video Intelligence platform,Noida,"Times Internet, GVFL",Private Equity,"14,00,000",,2017-05-10,1400000.0,Vidooly,vidooly,1000000.0,1000000.0,1,706.0,0,706.0,2,1,Private Equity,Consumer Internet & Media,Delhi-NCR,0.0005006257822277847,0.0018922000021308557,0.0002128155007433365,0.00023514730585925598,0.00023514730585925598,2.0,0.0,1.0,1.0,0
2440,22/09/2015,VillFarm,Sustainable Agri-inputs Firm,,Bangalore,"Unitus Seed Fund, Rianta Capital, R Ramaraj, Sunil Edwards",Seed Funding,,,2015-09-22,,VillFarm,villfarm,0.0,0.0,0,-1.0,1,0.0,1,0,Seed/Angel,Technology & SaaS,Bengaluru,0.0012515644555694616,0.004638772999889398,7.508484863299938e-05,0.0005537048140257201,0.0005537048140257201,4.0,0.0,1.0,1.0,0
3029,21/05/2015,Villgro,,,,Michael & Susan Dell Foundation,Seed Funding,"32,50,000",To fund edu startups,2015-05-21,3250000.0,Villgro,villgro,0.0,0.0,0,-1.0,1,0.0,2,1,Seed/Angel,Other,Tier-2/Other,0.00025031289111389235,0.0,3.2098515767934743e-06,0.00015208866881212692,0.00015208866881212692,1.0,0.0,1.0,1.0,0
2066,19/01/2016,Villgro,Finance,Social Business Incubator & Fund,Chennai,"Lemelson Foundation, Michael and Susan Dell Foundation",Private Equity,"35,00,000",,2016-01-19,3500000.0,Villgro,villgro,3250000.0,3250000.0,1,243.0,0,243.0,2,1,Private Equity,FinTech,Chennai,0.0,0.0,0.0,0.0,0.0,2.0,0.0,0.0,1.0,0
1199,04/11/2016,vImmune,Consumer Internet,Immunisation Management Platform,Bangalore,Undisclosed investor,Seed Funding,,,2016-11-04,,vImmune,vimmune,0.0,0.0,0,-1.0,1,0.0,1,0,Seed/Angel,Consumer Internet & Media,Bengaluru,0.0,0.0,0.0,0.0,0.0,1.0,0.0,0.0,1.0,0
2991,02/01/2015,VioletStreet,,,,"Venkat Vallabhneni, Sudhakar Reddy, Srinivasa Rao Paturi",Seed\\nFunding,"3,15,000",,2015-01-02,315000.0,VioletStreet,violetstreet,0.0,0.0,0,-1.0,1,0.0,1,0,Seed/Angel,Other,Tier-2/Other,0.0,0.0,0.0,0.0,0.0,3.0,0.0,0.0,1.0,0
2444,22/09/2015,Virtual Logic,"virtual reality, 3d simulation and stereoscopic products",,Bangalore,Swarnim Multiventures,Private Equity,"8,00,000",Pre-Series A,2015-09-22,800000.0,Virtual Logic,virtual logic,0.0,0.0,0,-1.0,1,0.0,1,0,Private Equity,Other,Bengaluru,0.0,0.0,0.0,0.0,0.0,1.0,0.0,0.0,1.0,0
1567,02/06/2016,Visit,Consumer Internet,On-Demand Healthcare Service provider,New Delhi,MapmyIndia,Seed Funding,,,2016-06-02,,Visit,visit,0.0,0.0,0,-1.0,1,0.0,2,1,Seed/Angel,Consumer Internet & Media,Delhi-NCR,0.00025031289111389235,0.0,3.63414446275521e-08,0.00017390235357615433,0.00017390235357615433,1.0,0.0,1.0,1.0,0
304,22/04/2018,Visit,Healthcare,AI Driven Health tech Platform,Delhi,"Biz Stone, Kunal Bahl, Rohit Bansal, Alagu Periyannan and Karthee Madasamy",Private Equity,,,2018-04-22,,Visit,visit,0.0,0.0,1,689.0,0,689.0,2,1,Private Equity,Healthcare,Delhi-NCR,0.00025031289111389235,0.0,0.00017941689575689057,0.0001301985770115292,0.0001301985770115292,4.0,0.0,1.0,1.0,0
744,12/06/2017,Vista Rooms,Consumer Internet,Online rooms aggregation platform,Mumbai,"Artha India Ventures, Singularity Holdings, Rajan Anandan, Girish Mathrubootham",Seed Funding,"7,76,000",,2017-06-12,776000.0,Vista Rooms,vista rooms,0.0,0.0,0,-1.0,1,0.0,1,0,Seed/Angel,Consumer Internet & Media,Mumbai,0.00025031289111389235,0.0,3.9377968408257e-06,0.0001475271348715769,0.0001475271348715769,4.0,0.0,1.0,3.0,1
2392,03/09/2015,Vistaar Finance,Small Business Financing (NBFC),,Bangalore,"WestBridge Capital, Omidyar Network, Elevar Equity, Saama Capital,\\xc2\\xa0 Lok Capital",Private Equity,"4,00,00,000",,2015-09-03,40000000.0,Vistaar Finance,vistaar finance,0.0,0.0,0,-1.0,1,0.0,1,0,Private Equity,FinTech,Bengaluru,0.0012515644555694616,0.00867406961898059,0.018116329309672413,0.0004584976891476841,0.00034877342220808797,5.0,0.0,1.0,1.0,0
1287,10/10/2016,Vithi.com,eCommerce,Online Hair Extension etailer,New Delhi,undisclosed investor,Seed Funding,"3,75,000",,2016-10-10,375000.0,Vithi.com,vithi,0.0,0.0,0,-1.0,1,0.0,1,0,Seed/Angel,E-Commerce,Delhi-NCR,0.0,0.0,0.0,0.0,0.0,1.0,0.0,0.0,1.0,0
1162,20/12/2016,VivoCarat,eCommerce,Online jewellery marketplace,Mumbai,Undisclosed Investors,Seed Funding,"50,000",,2016-12-20,50000.0,VivoCarat,vivocarat,0.0,0.0,0,-1.0,1,0.0,1,0,Seed/Angel,E-Commerce,Mumbai,0.0,0.0,0.0,0.0,0.0,1.0,0.0,0.0,1.0,0
2130,07/12/2015,Vlurn,eLearning platform,,Mumbai,Vidyadhar Sarfare,Seed Funding,,,2015-12-07,,Vlurn,vlurn,0.0,0.0,0,-1.0,1,0.0,1,0,Seed/Angel,Other,Mumbai,0.0,0.0,0.0,0.0,0.0,1.0,0.0,0.0,1.0,0
618,25/09/2017,Vogo,Consumer Internet,Scooter Rental Platform,Bangalore,AV Thomas Group,Seed Funding,,,2017-09-25,,Vogo,vogo,0.0,0.0,0,-1.0,1,0.0,1,0,Seed/Angel,Consumer Internet & Media,Bengaluru,0.0,0.0,0.0,0.0,0.0,1.0,0.0,0.0,1.0,0
30,15/11/2019,Vogo Automotive,Last Mile Transportation,Scooter sharing app,Kormangala,"Matrix Partners, Stellaris Venture Partners, Kalaari Capital",Series B,"28,30,00,000",,2019-11-15,283000000.0,Vogo Automotive,vogo automotive,0.0,0.0,0,-1.0,1,0.0,1,0,Series B,Logistics & Mobility,Bengaluru,0.0025031289111389233,0.013397154605961893,0.0026777303065239127,0.0010197165577911919,0.0007169481577159459,3.0,1.0,1.0,1.0,0
88,08/06/2019,Vogo Automotive Pvt. Ltd.,Transportation,Dockless Scooter Rental Company,Karnataka,Alteria Capital,Debt Funding,"35,84,000",,2019-06-08,3584000.0,Vogo Automotive Pvt. Ltd.,vogo automotive . .,0.0,0.0,0,-1.0,1,0.0,1,0,Debt,Logistics & Mobility,Tier-2/Other,0.0,0.0,0.0,0.0,0.0,1.0,0.0,0.0,1.0,0
2057,18/01/2016,Voice Friends,Consumer Internet,Dating & Singles Chat Platform,Mumbai,Huzaifa Khorakiwala,Seed Funding,,,2016-01-18,,Voice Friends,voice friends,0.0,0.0,0,-1.0,1,0.0,1,0,Seed/Angel,Consumer Internet & Media,Mumbai,0.0,0.0,0.0,0.0,0.0,1.0,0.0,0.0,1.0,0
268,22/05/2018,Vola,Finance,Micro Lending Platform,Bengaluru,Credika and unnamed angel investors,Seed/ Angel Funding,"5,00,000",,2018-05-22,500000.0,Vola,vola,0.0,0.0,0,-1.0,1,0.0,1,0,Seed/Angel,FinTech,Bengaluru,0.000750938673341677,2.0055113960051465e-06,5.212874231067168e-07,0.00039636782498119144,0.00039636782498119144,1.0,0.0,1.0,1.0,0
1646,27/06/2016,Voler Cars,Consumer Internet,Self-Driven Car rental platform,New Delhi,"Kanodia family, Amit Banka",Seed Funding,,,2016-06-27,,Voler Cars,voler cars,0.0,0.0,0,-1.0,1,0.0,1,0,Seed/Angel,Consumer Internet & Media,Delhi-NCR,0.0,0.0,0.0,0.0,0.0,2.0,0.0,0.0,1.0,0
1229,22/11/2016,VoLT,Consumer Internet,Ed-Tech Platform,Mumbai,YMS Mobitech,Seed Funding,,,2016-11-22,,VoLT,volt,0.0,0.0,0,-1.0,1,0.0,1,0,Seed/Angel,Consumer Internet & Media,Mumbai,0.0,0.0,0.0,0.0,0.0,1.0,0.0,0.0,1.0,0
1336,29/10/2016,Volta Motors,Technology,Electric Bike Manufacturer,Chennai,Kalaari Capital,Seed Funding,"1,00,000",,2016-10-29,100000.0,Volta Motors,volta motors,0.0,0.0,0,-1.0,1,0.0,1,0,Seed/Angel,Technology & SaaS,Chennai,0.0025031289111389233,0.013397154605961893,0.0017630362707794693,0.0010197165577911919,0.0010197165577911919,1.0,1.0,1.0,1.0,0
2331,13/10/2015,Voodoo,Mobile Only Shopping Assistant,,New Delhi,SAIF Partners,Seed Funding,"10,00,000",,2015-10-13,1000000.0,Voodoo,voodoo,0.0,0.0,0,-1.0,1,0.0,1,0,Seed/Angel,Other,Delhi-NCR,0.000750938673341677,0.0042731615220654,0.0014112094183159625,0.00029227224578136433,0.00029227224578136433,1.0,1.0,1.0,1.0,0
2702,10/06/2015,Voonik,Fashion Ecommerce store,,Bangalore,"Sequoia Capital, Seedfund",Private Equity,"50,00,000",Series A,2015-06-10,5000000.0,Voonik,voonik,0.0,0.0,0,-1.0,1,0.0,4,1,Private Equity,E-Commerce,Bengaluru,0.004005006257822278,0.059859204892582674,0.09566198113272546,0.001413958516141685,0.001413958516141685,2.0,1.0,1.0,1.0,0
1614,16/06/2016,Voonik,eCommerce,Online Women\\xe2\\x80\\x99s Fashion Marketplace,Bangalore,Sequoia Capital,Private Equity,"2,00,00,000",,2016-06-16,20000000.0,Voonik,voonik,5000000.0,5000000.0,1,372.0,0,372.0,4,1,Private Equity,E-Commerce,Bengaluru,0.004005006257822278,0.059859204892582674,0.09566198113272546,0.001413958516141685,0.001413958516141685,1.0,1.0,1.0,1.0,0
1416,01/08/2016,Voonik,eCommerce,Online Women\\xe2\\x80\\x99s Fashion Marketplace,Bangalore,InnoVen Capital,Private Equity,"30,00,000",,2016-08-01,3000000.0,Voonik,voonik,25000000.0,20000000.0,2,46.0,0,418.0,4,1,Private Equity,E-Commerce,Bengaluru,0.001501877346683354,0.014143283023837369,0.031913120524109655,0.0005258266880856241,0.0005258266880856241,1.0,0.0,1.0,1.0,0
1007,09/02/2017,Voonik,ECommerce,Women Apparel & Lifestyle etailer,Bangalore,"RB Investments, Sequoia Capital",Private Equity,"60,00,000",,2017-02-09,6000000.0,Voonik,voonik,28000000.0,3000000.0,3,192.0,0,610.0,4,1,Private Equity,E-Commerce,Bengaluru,0.004005006257822278,0.059859204892582674,0.09566198113272546,0.001413958516141685,0.001413958516141685,2.0,1.0,1.0,1.0,0
1047,03/01/2017,Vow Car Clinic,Consumer Internet,Online/App Based Car cleaning service provider,Gurgaon,Vishal Malik,Seed Funding,,,2017-01-03,,Vow Car Clinic,vow car clinic,0.0,0.0,0,-1.0,1,0.0,1,0,Seed/Angel,Consumer Internet & Media,Delhi-NCR,0.0,0.0,0.0,0.0,0.0,1.0,0.0,0.0,1.0,0
2522,14/08/2015,VoxWeb,Picture based Social App,,Mumbai,Jitendra Gupta & others,Seed Funding,"1,00,000",,2015-08-14,100000.0,VoxWeb,voxweb,0.0,0.0,0,-1.0,1,0.0,3,1,Seed/Angel,Other,Mumbai,0.001501877346683354,0.007752428297823025,0.03332533885000977,0.0005184611877695184,0.0005184611877695184,1.0,0.0,1.0,1.0,0
2138,09/12/2015,Voxweb,Picture creation & Social mobile app,,Mumbai,Undisclosed Investor,Seed Funding,"3,50,000",,2015-12-09,350000.0,Voxweb,voxweb,100000.0,100000.0,1,117.0,0,117.0,3,1,Seed/Angel,Other,Mumbai,0.0,0.0,0.0,0.0,0.0,1.0,0.0,0.0,1.0,0
772,23/06/2017,Voxweb,Consumer Internet,Mobile based social networking platform,Mumbai,Undisclosed investors,Seed Funding,"10,00,000",,2017-06-23,1000000.0,Voxweb,voxweb,450000.0,350000.0,2,562.0,0,679.0,3,1,Seed/Angel,Consumer Internet & Media,Mumbai,0.0,0.0,0.0,0.0,0.0,1.0,0.0,0.0,1.0,0
2299,05/10/2015,Voylla,Fashion jewelry and accessories e-tailer,,Jaipur,Peepul Capital,Private Equity,"1,50,00,000",Series B,2015-10-05,15000000.0,Voylla,voylla,0.0,0.0,0,-1.0,1,0.0,1,0,Private Equity,Technology & SaaS,Jaipur,0.0,0.0,0.0,0.0,0.0,1.0,0.0,0.0,1.0,0
1846,08/03/2016,vPhrase Analytics,Technology,AI based data analytics platform,Mumbai,"Apoorv Ranjan Sharma, Daud Ali and others",Seed Funding,,,2016-03-08,,vPhrase Analytics,vphrase analytics,0.0,0.0,0,-1.0,1,0.0,1,0,Seed/Angel,Technology & SaaS,Mumbai,0.0,0.0,0.0,0.0,0.0,2.0,0.0,0.0,1.0,0
2876,03/03/2015,Vserv,,,,"Maverick Capital, IDG Ventures India",Private Equity,"1,50,00,000",,2015-03-03,15000000.0,Vserv,vserv,0.0,0.0,0,-1.0,1,0.0,1,0,Private Equity,Other,Tier-2/Other,0.0,0.0,0.0,0.0,0.0,2.0,0.0,0.0,1.0,0
1427,06/08/2016,VST Travels,Technology,Travel Ticket Booking Software,Kerala,Promatus Group,Seed Funding,"27,000",,2016-08-06,27000.0,VST Travels,vst travels,0.0,0.0,0,-1.0,1,0.0,1,0,Seed/Angel,Technology & SaaS,Tier-2/Other,0.0,0.0,0.0,0.0,0.0,1.0,0.0,0.0,1.0,0
212,23/07/2018,VTION,Technology,Media Analytics,Gurugram,"AngelList, Rahul Khanna, Rajeev Arora and Ram Ramsundar.",Seed/ Angel Funding,"2,80,000",,2018-07-23,280000.0,VTION,vtion,0.0,0.0,0,-1.0,1,0.0,1,0,Seed/Angel,Technology & SaaS,Delhi-NCR,0.00025031289111389235,0.0,0.01164948001901309,0.0001272662398556172,0.0001272662398556172,3.0,0.0,1.0,1.0,0
44,03/09/2019,Vyapar App,Accounting,Mobile-based Accounting Software,Bengaluru,"India Quotient, Axilor Ventures",Series A,"50,00,000",,2019-09-03,5000000.0,Vyapar App,vyapar app,0.0,0.0,0,-1.0,1,0.0,1,0,Series A,Other,Bengaluru,0.0012515644555694616,0.0028383000031962837,0.0017614729921763422,0.000554745742038456,0.0005068104194819257,2.0,0.0,1.0,1.0,0
1230,22/11/2016,Vymo,Technology,SaaS-based predictive analytics platform,Bangalore,Sequoia India,Private Equity,"50,00,000",,2016-11-22,5000000.0,Vymo,vymo,0.0,0.0,0,-1.0,1,0.0,1,0,Private Equity,Technology & SaaS,Bengaluru,0.000750938673341677,0.0036940218595162967,0.007362732465128354,0.00033164209477533563,0.00033164209477533563,1.0,1.0,1.0,1.0,0
1573,03/06/2016,Vyome Biosciences,Healthcare,Treatment Development for Antibiotic-resistant diseases,New Delhi,Romulus Capital,Private Equity,"20,00,000",,2016-06-03,2000000.0,Vyome Biosciences,vyome biosciences,0.0,0.0,0,-1.0,1,0.0,1,0,Private Equity,Healthcare,Delhi-NCR,0.0,0.0,0.0,0.0,0.0,1.0,0.0,0.0,1.0,0
118,04/01/2019,Vyome Therapeutics Inc.,Health and Wellness,Specialty pharmaceutical,India/US,"Iron Pillar, Perceptive Advisors, Romulus Capital and Kalaari Capital",Series D,"2,20,00,000",,2019-01-04,22000000.0,Vyome Therapeutics Inc.,vyome therapeutics inc.,0.0,0.0,0,-1.0,1,0.0,1,0,Late Stage (C+),Healthcare,Tier-2/Other,0.00025031289111389235,0.0,0.0038130674476611706,0.00015045598431541468,0.00014085511662396215,3.0,1.0,1.0,1.0,0
2843,20/04/2015,Vyomo,Beauty & Wellness Mobile App,,Gurgaon,YouWeCan Ventures,Seed Funding,,,2015-04-20,,Vyomo,vyomo,0.0,0.0,0,-1.0,1,0.0,4,1,Seed/Angel,Other,Delhi-NCR,0.0,0.0,0.0,0.0,0.0,1.0,0.0,0.0,1.0,0
2667,01/06/2015,Vyomo,Beauty and Wellness Platform,,New Delhi,Aprameya Radhakrishna,Seed Funding,,,2015-06-01,,Vyomo,vyomo,0.0,0.0,1,42.0,0,42.0,4,1,Seed/Angel,Other,Delhi-NCR,0.0,0.0,0.0,0.0,0.0,1.0,0.0,0.0,1.0,0
2563,28/08/2015,Vyomo,Beauty & Lifestyle Mobile Marketplace,,Bangalore,Rocket Internet,Private Equity,"20,00,000",Pre-Series A,2015-08-28,2000000.0,Vyomo,vyomo,0.0,0.0,2,88.0,0,130.0,4,1,Private Equity,E-Commerce,Bengaluru,0.0,0.0,0.0,0.0,0.0,1.0,0.0,0.0,1.0,0
1776,15/04/2016,Vyomo,Consumer Internet,On-Demand Beauty Service provider,New Delhi,Naturals Salon Chain,Private Equity,"1,50,00,000",,2016-04-15,15000000.0,Vyomo,vyomo,2000000.0,2000000.0,3,231.0,0,361.0,4,1,Private Equity,Consumer Internet & Media,Delhi-NCR,0.0,0.0,0.0,0.0,0.0,1.0,0.0,0.0,1.0,0
1002,08/02/2017,Wandertrails,Consumer Internet,"Online Travel, Adventure & Activities Portal",Bangalore,Earlsfield Capital,Seed Funding,"10,00,000",,2017-02-08,1000000.0,Wandertrails,wandertrails,0.0,0.0,0,-1.0,1,0.0,1,0,Seed/Angel,Consumer Internet & Media,Bengaluru,0.0005006257822277847,0.008024933839176919,0.013254907783069371,0.0002118061073660992,0.0002118061073660992,1.0,0.0,1.0,1.0,0
2775,12/05/2015,Wassup,Mobile Laundry Cleaning Service,,Chennai,"Arun Chandra Mohan, Praveen Sinha",Private Equity,"20,00,000",Pre-Series A,2015-05-12,2000000.0,Wassup,wassup,0.0,0.0,0,-1.0,1,0.0,3,1,Private Equity,Other,Chennai,0.0,0.0,0.0,0.0,0.0,2.0,0.0,0.0,1.0,0
2661,30/07/2015,Wassup,On-Demand Laundry & Dry cleaning App,,Chennai,B S Nagesh,Private Equity,,Pre-Series A,2015-07-30,,Wassup,wassup,2000000.0,2000000.0,1,79.0,0,79.0,3,1,Private Equity,Other,Chennai,0.0,0.0,0.0,0.0,0.0,1.0,0.0,0.0,1.0,0
1014,13/02/2017,Wassup,Consumer Internet,On Demand Laundry & Dry Cleaning Services,Chennai,Anil Jain & other HNIs,Private Equity,"32,00,000",,2017-02-13,3200000.0,Wassup,wassup,2000000.0,2000000.0,2,564.0,0,643.0,3,1,Private Equity,Consumer Internet & Media,Chennai,0.00025031289111389235,0.0,1.54413417595609e-07,0.00016435886649189237,0.00016435886649189237,1.0,0.0,1.0,1.0,0
860,04/04/2017,WayCool,Food & Beverage,Fresh-Produce Distribution Platform,Chennai,Aspada Investments,Private Equity,"27,00,000",,2017-04-04,2700000.0,WayCool,waycool,0.0,0.0,0,-1.0,1,0.0,1,0,Private Equity,Food & Beverage,Chennai,0.0,0.0,0.0,0.0,0.0,1.0,0.0,0.0,1.0,0
729,06/06/2017,wayForward,Consumer Internet,Mobile app for Mental Health,New Delhi,"Harsh Mahajan, Farhan Naqvi, Sreepathy Viswanathan",Seed Funding,"10,00,000",,2017-06-06,1000000.0,wayForward,wayforward,0.0,0.0,0,-1.0,1,0.0,1,0,Seed/Angel,Consumer Internet & Media,Delhi-NCR,0.0,0.0,0.0,0.0,0.0,3.0,0.0,0.0,1.0,0
1132,07/12/2016,WealthApp,Consumer Internet,Online Investment Advisory platform,Bangalore,"Venk Krishnan, MJ Aravind, Vikram Kotak, Jayant Davar,\\xc2\\xa0 Ramkumar Nishtal, Arjun Sharmaa",Seed Funding,"4,40,000",,2016-12-07,440000.0,WealthApp,wealthapp,0.0,0.0,0,-1.0,1,0.0,1,0,Seed/Angel,Consumer Internet & Media,Bengaluru,0.0,0.0,0.0,0.0,0.0,6.0,0.0,0.0,1.0,0
1505,04/07/2016,WealthTrust,Consumer Internet,Wealth Management App,Mumbai,India Quotient,Seed Funding,,,2016-07-04,,WealthTrust,wealthtrust,0.0,0.0,0,-1.0,1,0.0,1,0,Seed/Angel,Consumer Internet & Media,Mumbai,0.0012515644555694616,0.0015831233045289707,0.0017614729921763422,0.000554745742038456,0.000554745742038456,1.0,0.0,1.0,1.0,0
1871,16/03/2016,Wealthy,Consumer Internet,Online Investment management portal,Bangalore,"Zishaan Hayath, Abhishek Goyal, Arjun and Rohan Malhotra, Harpreet Singh Grover, Gagan Dugal",Seed Funding,"2,50,000",,2016-03-16,250000.0,Wealthy,wealthy,0.0,0.0,0,-1.0,1,0.0,1,0,Seed/Angel,Consumer Internet & Media,Bengaluru,0.0,0.0,0.0,0.0,0.0,5.0,0.0,0.0,1.0,0
889,13/04/2017,WeAreHolidays,Consumer Internet,Travel Packages & Planner marketplace,Gurgaon,"Urrshila Kerkar,",Private Equity,"77,00,000",,2017-04-13,7700000.0,WeAreHolidays,weareholidays,0.0,0.0,0,-1.0,1,0.0,1,0,Private Equity,Consumer Internet & Media,Delhi-NCR,0.0,0.0,0.0,0.0,0.0,1.0,0.0,0.0,1.0,0
1682,05/05/2016,WebAlligator,Consumer Internet,Cloud Based Software Solutions,Bangalore,Group of undisclosed Angel Investors & HNIs,Seed Funding,"3,75,000",,2016-05-05,375000.0,WebAlligator,weballigator,0.0,0.0,0,-1.0,1,0.0,1,0,Seed/Angel,Consumer Internet & Media,Bengaluru,0.00025031289111389235,0.0,1.54413417595609e-07,0.00016435886649189237,0.00016435886649189237,1.0,0.0,1.0,1.0,0
364,09/02/2018,WebEngage,Technology,Marketing Cloud for consumer businesses,Mumbai,Social Capital,Private Equity,,,2018-02-09,,WebEngage,webengage,0.0,0.0,0,-1.0,1,0.0,1,0,Private Equity,Technology & SaaS,Mumbai,0.0,0.0,0.0,0.0,0.0,1.0,0.0,0.0,1.0,0
1516,06/07/2016,Wedding Wishlist,Consumer Internet,"Wedding Wishlist, Gifts & Registry Creation platform",Chennai,"Kirthiga Reddy, Renuka Ramanath,Cherry Tin",Seed Funding,"2,97,000",,2016-07-06,297000.0,Wedding Wishlist,wedding wishlist,0.0,0.0,0,-1.0,1,0.0,1,0,Seed/Angel,Consumer Internet & Media,Chennai,0.0,0.0,0.0,0.0,0.0,3.0,0.0,0.0,1.0,0
2155,11/12/2015,Weddingz.in,Wedding Venues & Vendors Marketplace,,Mumbai,"Rajan Anandan, Zoya Akhtar, Reema Kagati, Ruchi Narain, Amrish Kumar, Hrishikesh Parandekar",Seed Funding,"10,00,000",,2015-12-11,1000000.0,Weddingz.in,weddingz,0.0,0.0,0,-1.0,1,0.0,3,1,Seed/Angel,E-Commerce,Mumbai,0.0,0.0,0.0,0.0,0.0,6.0,0.0,0.0,1.0,0
1930,08/02/2016,Weddingz,Consumer Internet,online marketplace for wedding venues and vendors,Mumbai,Sixth Sense Ventures,Private Equity,,,2016-02-08,,Weddingz,weddingz,1000000.0,1000000.0,1,59.0,0,59.0,3,1,Private Equity,Consumer Internet & Media,Mumbai,0.002753441802252816,0.028204996195751897,0.0041782685465482075,0.0010610833567829554,0.0010610833567829554,1.0,0.0,1.0,1.0,0
1083,19/01/2017,Weddingz.in,Consumer Internet,Online Marketplace for Wedding Venues and vendors,Mumbai,Singularity Ventures,Private Equity,"10,00,000",,2017-01-19,1000000.0,Weddingz.in,weddingz,1000000.0,1000000.0,2,346.0,0,405.0,3,1,Private Equity,Consumer Internet & Media,Mumbai,0.0,0.0,0.0,0.0,0.0,1.0,0.0,0.0,1.0,0
2424,16/09/2015,WedmeGood.com,Wedding Planning Platform,,Gurgaon,Indian Angel Network,Seed Funding,"4,10,000",,2015-09-16,410000.0,WedmeGood.com,wedmegood,0.0,0.0,0,-1.0,1,0.0,1,0,Seed/Angel,Other,Delhi-NCR,0.002002503128911139,0.01032696862918804,0.03555811791464255,0.0008020854002554353,0.0008020854002554353,1.0,0.0,1.0,1.0,0
457,14/12/2017,WeDoSky,Technology,Provides Business Insights using Drone Imaginary,Delhi,Mumbai Angels Network,Private Equity,,,2017-12-14,,WeDoSky,wedosky,0.0,0.0,0,-1.0,1,0.0,1,0,Private Equity,Technology & SaaS,Delhi-NCR,0.0017521902377972466,0.010975312042205362,0.00961306277325317,0.0007274642447918312,0.0007274642447918312,1.0,0.0,1.0,1.0,0
1771,14/04/2016,Wedwise,Consumer Internet,Wedding related services community,New Delhi,StartUp Equity Partners,Seed Funding,,,2016-04-14,,Wedwise,wedwise,0.0,0.0,0,-1.0,1,0.0,1,0,Seed/Angel,Consumer Internet & Media,Delhi-NCR,0.0,0.0,0.0,0.0,0.0,1.0,0.0,0.0,1.0,0
1429,08/08/2016,Wefly Indoor Skydiving,Others,Indoor Skydiving Sports Provider,Mumbai,Swastika Company Ltd.,Seed Funding,"40,000",,2016-08-08,40000.0,Wefly Indoor Skydiving,wefly indoor skydiving,0.0,0.0,0,-1.0,1,0.0,1,0,Seed/Angel,Other,Mumbai,0.0,0.0,0.0,0.0,0.0,1.0,0.0,0.0,1.0,0
2307,06/10/2015,Welcome Cure,Online Homeopathy Clinic,,Mumbai,Unnamed Media house and HNIs,Private Equity,"60,00,000",Pre-Series A,2015-10-06,6000000.0,Welcome Cure,welcome cure,0.0,0.0,0,-1.0,1,0.0,1,0,Private Equity,Other,Mumbai,0.00025031289111389235,0.0,1.54413417595609e-07,0.00016435886649189237,0.00016435886649189237,1.0,0.0,1.0,1.0,0
321,05/03/2018,Wellthy,Healthcare,Therapeutics,Mumbai,"Ranjan Pai, Apoorva Patni, Beenext Ventures,GrowX Ventures",Private Equity,"21,00,000",,2018-03-05,2100000.0,Wellthy,wellthy,0.0,0.0,0,-1.0,1,0.0,1,0,Private Equity,Healthcare,Mumbai,0.002252816020025031,0.026666534645510814,0.01377356864908714,0.0008378082004402911,0.0004935747790893108,4.0,0.0,1.0,1.0,0
2492,06/08/2015,Wetravelsolo,Travel community platform,,New Delhi,"CCube Angels, Frontline Strategy",Seed Funding,,,2015-08-06,,Wetravelsolo,wetravelsolo,0.0,0.0,0,-1.0,1,0.0,1,0,Seed/Angel,Other,Delhi-NCR,0.00025031289111389235,0.0,1.54413417595609e-07,0.00016435886649189237,0.00016435886649189237,2.0,0.0,1.0,1.0,0
240,13/06/2018,What\\xe2\\x80\\x99s Up Life,Consumer Internet,"A Local Discovery App For Dining-Out, Party, Leisure and Events",Gurugram,Rannvijay Singha,Seed/ Angel Funding,,,2018-06-13,,What\\xe2\\x80\\x99s Up Life,what\\xe2\\x80\\x99s up life,0.0,0.0,0,-1.0,1,0.0,1,0,Seed/Angel,Consumer Internet & Media,Delhi-NCR,0.0,0.0,0.0,0.0,0.0,1.0,0.0,0.0,1.0,0
2827,10/04/2015,Whatfix,Interactive\\xc2\\xa0 How-To Guides,,Bangalore,"Helion Venture Partner, Powerhouse Ventures, GSF and Other angel investors",Seed Funding,"9,00,000",,2015-04-10,900000.0,Whatfix,whatfix,0.0,0.0,0,-1.0,1,0.0,2,1,Seed/Angel,Other,Bengaluru,0.000750938673341677,2.0055113960051465e-06,5.212874231067168e-07,0.00039636782498119144,0.00039636782498119144,3.0,0.0,1.0,1.0,0
862,04/04/2017,Whatfix,Technology,Interactive Tech-Support Guides,Bangalore,"Stellaris Venture Partners, Helion Venture Partners, Powerhouse Ventures, Gokul Rajaram, Girish Mathrubootham, Aneesh Reddy, Vispi Daver",Private Equity,"36,90,000",,2017-04-04,3690000.0,Whatfix,whatfix,900000.0,900000.0,1,725.0,0,725.0,2,1,Private Equity,Technology & SaaS,Bengaluru,0.0025031289111389233,0.009284405205667146,0.01602511466398836,0.0010012613196776867,0.0007547102672024016,7.0,0.0,1.0,1.0,0
843,26/05/2017,WhatsLoan,Consumer Internet,Online Lending mobile app,Bangalore,Lahiri Music\\xe2\\x80\\x99s family office,Seed Funding,,,2017-05-26,,WhatsLoan,whatsloan,0.0,0.0,0,-1.0,1,0.0,1,0,Seed/Angel,Consumer Internet & Media,Bengaluru,0.0,0.0,0.0,0.0,0.0,1.0,0.0,0.0,1.0,0
2093,27/01/2016,WhatsOnRent,ECommerce,Online Rental Marketplace,Bangalore,Lalit Mangal & Others,Seed Funding,,,2016-01-27,,WhatsOnRent,whatsonrent,0.0,0.0,0,-1.0,1,0.0,1,0,Seed/Angel,E-Commerce,Bengaluru,0.0,0.0,0.0,0.0,0.0,1.0,0.0,0.0,1.0,0
1893,23/03/2016,Wheelstreet,Consumer Internet,Online Bike Rental platform,Bangalore,Broadbean Capital services,Private Equity,"5,00,000",,2016-03-23,500000.0,Wheelstreet,wheelstreet,0.0,0.0,0,-1.0,1,0.0,2,1,Private Equity,Consumer Internet & Media,Bengaluru,0.00025031289111389235,0.0,0.002253627186395401,0.0001310338692853393,0.0001310338692853393,1.0,0.0,1.0,1.0,0
606,14/09/2017,WheelStreet,Consumer Portal,Bike Rental Platform,Bangalore,Y Combinator,Seed Funding,"1,20,000",,2017-09-14,120000.0,WheelStreet,wheelstreet,500000.0,500000.0,1,540.0,0,540.0,2,1,Seed/Angel,Other,Bengaluru,0.00425531914893617,0.03704616522382135,0.1137077548087308,0.0015893753600148012,0.0015893753600148012,1.0,0.0,1.0,1.0,0
2351,21/10/2015,White Owl Brewery,Micro-Brewery,,Mumbai,"Arihant Patni, RAAY Global Investments",Private Equity,"15,30,000",Series A,2015-10-21,1530000.0,White Owl Brewery,white owl brewery,0.0,0.0,0,-1.0,1,0.0,1,0,Private Equity,Other,Mumbai,0.00025031289111389235,0.0,0.002449661454649823,0.00013147931832290823,0.00013147931832290823,2.0,0.0,1.0,1.0,0
900,18/04/2017,Whodat,Technology,Markerless AR platform,Bangalore,Ideaspring Capital,Private Equity,"6,00,000",,2017-04-18,600000.0,Whodat,whodat,0.0,0.0,0,-1.0,1,0.0,1,0,Private Equity,Technology & SaaS,Bengaluru,0.0,0.0,0.0,0.0,0.0,1.0,0.0,0.0,1.0,0
1246,28/11/2016,WholeSaleBox,eCommerce,B2B Wholesale Apparel Marketplace,Jaipur,"Manish Maheshwari, Contrarian Vriddhi Fund",Private Equity,"20,00,000",,2016-11-28,2000000.0,WholeSaleBox,wholesalebox,0.0,0.0,0,-1.0,1,0.0,1,0,Private Equity,E-Commerce,Jaipur,0.0012515644555694616,0.004638772999889398,7.508484863299938e-05,0.0005537048140257201,0.0005537048140257201,2.0,0.0,1.0,1.0,0
2160,14/12/2015,Whoop,Performance Optimization Platform for athletes,,Boston,Infosys,Private Equity,"30,00,000",Series A,2015-12-14,3000000.0,Whoop,whoop,0.0,0.0,0,-1.0,1,0.0,1,0,Private Equity,Other,Tier-2/Other,0.00025031289111389235,0.0,7.536060043354858e-05,0.00014404212694777666,0.00014404212694777666,1.0,0.0,1.0,1.0,0
2617,14/07/2015,WickedRide,Bike Rental Platform,,Bangalore,Undisclosed,Seed Funding,"7,90,000",,2015-07-14,790000.0,WickedRide,wickedride,0.0,0.0,0,-1.0,1,0.0,2,1,Seed/Angel,Other,Bengaluru,0.00025031289111389235,0.0,1.54413417595609e-07,0.00016435886649189237,0.00016435886649189237,1.0,0.0,1.0,1.0,0
248,22/06/2018,WickedRide,Consumer Internet,Online Motorbike And Scooter Rental Platforms,Bengaluru,"Sequoia Capital, Accel Partners & Raghunandan Gangappa",Private Equity,"91,00,000",,2018-06-22,9100000.0,WickedRide,wickedride,790000.0,790000.0,1,1074.0,0,1074.0,2,1,Private Equity,Consumer Internet & Media,Bengaluru,0.004005006257822278,0.059859204892582674,0.09566198113272546,0.001413958516141685,0.0011868781191429374,2.0,1.0,1.0,1.0,0
2113,01/12/2015,Wigzo,Enterprise Marketing Automation platform,,New Delhi,"Aarin Capital Partners, TV Mohandas Pai",Seed Funding,"5,00,000",Pre-Series A,2015-12-01,500000.0,Wigzo,wigzo,0.0,0.0,0,-1.0,1,0.0,2,1,Seed/Angel,Other,Delhi-NCR,0.00025031289111389235,0.0,5.436574580572323e-09,0.00019298932774467834,0.00019298932774467834,2.0,0.0,1.0,1.0,0
979,28/03/2017,Wigzo,Technology,Enterprise Automation suite,New Delhi,3one4 capital,Private Equity,,,2017-03-28,,Wigzo,wigzo,500000.0,500000.0,1,483.0,0,483.0,2,1,Private Equity,Technology & SaaS,Delhi-NCR,0.001501877346683354,0.023785097432873104,0.008421220328907532,0.0005483948331491189,0.0005483948331491189,1.0,0.0,1.0,1.0,0
2010,05/01/2016,WIMWI Foods,Food & Beverage,Healthy food manufacturing & sales startup,Ahmedabad,Centre for Innovation Incubation and Entrepreneurship (CIIE),Seed Funding,,,2016-01-05,,WIMWI Foods,wimwi foods,0.0,0.0,0,-1.0,1,0.0,1,0,Seed/Angel,Food & Beverage,Ahmedabad,0.0,0.0,0.0,0.0,0.0,1.0,0.0,0.0,1.0,0
1586,08/06/2016,Wired Hub,Real Estate,Co-Working Spaces,Jaipur,"Ankit Maheshwari, Anand Singh",Seed Funding,,,2016-06-08,,Wired Hub,wired hub,0.0,0.0,0,-1.0,1,0.0,1,0,Seed/Angel,Other,Jaipur,0.0,0.0,0.0,0.0,0.0,2.0,0.0,0.0,1.0,0
3012,15/01.2015,Wishberry,,,,"Rajan Anandan, Shankar Mahadevan, Deep Kalra & Others",Seed Funding,"6,50,000",,2015-01-15,650000.0,Wishberry,wishberry,0.0,0.0,0,-1.0,1,0.0,2,1,Seed/Angel,Other,Tier-2/Other,0.0005006257822277847,0.0012624694237852398,0.0011391659151460047,0.00023597783793388854,0.00023597783793388854,3.0,0.0,1.0,1.0,0
1100,25/01/2017,Wishberry,Consumer Internet,Crowdfunding Platform,Mumbai,"Sharad Sharma, Rajan Anandan,\\xc2\\xa0 Amit Ranjan, Alok Mittal & others",Seed Funding,,,2017-01-25,,Wishberry,wishberry,650000.0,650000.0,1,741.0,0,741.0,2,1,Seed/Angel,Consumer Internet & Media,Mumbai,0.0,0.0,0.0,0.0,0.0,4.0,0.0,0.0,1.0,0
2033,11/01/2016,Wishup,Consumer Internet,Mobile app based Concierge Service,New Delhi,"500 Startups, Mato Peric, TracxnLabs",Seed Funding,,,2016-01-11,,Wishup,wishup,0.0,0.0,0,-1.0,1,0.0,1,0,Seed/Angel,Consumer Internet & Media,Delhi-NCR,0.0,0.0,0.0,0.0,0.0,3.0,0.0,0.0,1.0,0
1867,15/03/2016,WithMe,Consumer Internet,Personalized Fashion App,Gurgaon,"Alex Kuruvilla, Pradeep Guha, Saket Dhankar, Rajan Pandhare",Seed Funding,"2,50,000",,2016-03-15,250000.0,WithMe,withme,0.0,0.0,0,-1.0,1,0.0,1,0,Seed/Angel,Consumer Internet & Media,Delhi-NCR,0.0,0.0,0.0,0.0,0.0,4.0,0.0,0.0,1.0,0
599,13/09/2017,WittyFeed,Technology,Content marketing platform,Indore,"Anand Chandrasekaran, Apurva Chamaria, Ritesh Malik, Ashish Toshniwal, Ajeet Khurana",Seed Funding,,,2017-09-13,,WittyFeed,wittyfeed,0.0,0.0,0,-1.0,1,0.0,2,1,Seed/Angel,Technology & SaaS,Tier-2/Other,0.00025031289111389235,0.0,0.015404604139267346,0.00012420412971409308,0.00012420412971409308,5.0,0.0,1.0,1.0,0
512,23/11/2017,WittyFeed,Storytelling,Viral Content and storytelling platform,Indore,Sandeep Aggarwal,Seed/Angel Funding,,,2017-11-23,,WittyFeed,wittyfeed,0.0,0.0,1,71.0,0,71.0,2,1,Seed/Angel,Other,Tier-2/Other,0.0,0.0,0.0,0.0,0.0,1.0,0.0,0.0,1.0,0
1138,09/12/2016,Wittyparot,Technology,Content Management & Productivity platform,Bangalore,Mumbai Angels,Seed Funding,"4,50,000",,2016-12-09,450000.0,Wittyparot,wittyparot,0.0,0.0,0,-1.0,1,0.0,1,0,Seed/Angel,Technology & SaaS,Bengaluru,0.0017521902377972466,0.010975312042205362,0.00961306277325317,0.0007274642447918312,0.0007274642447918312,1.0,0.0,1.0,1.0,0
1480,25/08/2016,WitWorks,Technology,Consumer IoT Startup,Bangalore,"Fireside Ventures, Investopad, P39 Capital, Anupam Mittal, Pranay Jivrajka, Maninder Gulati, Abhinav Sinha",Seed Funding,,,2016-08-25,,WitWorks,witworks,0.0,0.0,0,-1.0,1,0.0,1,0,Seed/Angel,Technology & SaaS,Bengaluru,0.0005006257822277847,3.7603338675096497e-07,9.534617301620764e-08,0.0003074012149302045,0.0003074012149302045,7.0,0.0,1.0,1.0,0
1562,21/07/2016,Wiwigo,Consumer Internet,Inter-City Taxi Booking platform,Bangalore,Indian Angel Network,Seed Funding,"5,95,000",,2016-07-21,595000.0,Wiwigo,wiwigo,0.0,0.0,0,-1.0,1,0.0,1,0,Seed/Angel,Consumer Internet & Media,Bengaluru,0.002002503128911139,0.01032696862918804,0.03555811791464255,0.0008020854002554353,0.0008020854002554353,1.0,0.0,1.0,1.0,0
64,01/07/2019,WizCounsel,Compliance,Consulting,New Delhi,Kapil Dev,Angel,"1,45,000",,2019-07-01,145000.0,WizCounsel,wizcounsel,0.0,0.0,0,-1.0,1,0.0,1,0,Seed/Angel,Other,Delhi-NCR,0.0,0.0,0.0,0.0,0.0,1.0,0.0,0.0,1.0,0
2479,03/08/2015,Wizrocket,User Engagment & Analytics platform,,Mumbai,"Sequoia Capital, Accel Partners",Private Equity,"96,00,000",Series B,2015-08-03,9600000.0,Wizrocket,wizrocket,0.0,0.0,0,-1.0,1,0.0,1,0,Private Equity,Other,Mumbai,0.004005006257822278,0.059859204892582674,0.09566198113272546,0.001413958516141685,0.0011868781191429374,2.0,1.0,1.0,1.0,0
875,08/04/2017,WonderChef,eCommerce,Online marketplace for kitchen products,Mumbai,Labruyere Eberl\\xc3\\xa9,Private Equity,,,2017-04-08,,WonderChef,wonderchef,0.0,0.0,0,-1.0,1,0.0,1,0,Private Equity,E-Commerce,Mumbai,0.0,0.0,0.0,0.0,0.0,1.0,0.0,0.0,1.0,1
2322,09/10/2015,WoNoBo,360-degree view creating platform,,Bangalore,Quikr,Private Equity,,Strategic Funding,2015-10-09,,WoNoBo,wonobo,0.0,0.0,0,-1.0,1,0.0,1,0,Private Equity,Other,Bengaluru,0.0,0.0,0.0,0.0,0.0,1.0,0.0,0.0,1.0,0
1915,03/02/2016,Woodpie,Consumer Internet,Book Recommendation Service,Bangalore,Ingram Content Group,Seed Funding,"30,000",,2016-02-03,30000.0,Woodpie,woodpie,0.0,0.0,0,-1.0,1,0.0,1,0,Seed/Angel,Consumer Internet & Media,Bengaluru,0.0,0.0,0.0,0.0,0.0,1.0,0.0,0.0,1.0,0
2970,18/02/2015,Wooplr.com,,,,Helion Venture Partners,Private Equity,"50,00,000",Series A,2015-02-18,5000000.0,Wooplr.com,wooplr,0.0,0.0,0,-1.0,1,0.0,5,1,Private Equity,Other,Tier-2/Other,0.0,0.0,0.0,0.0,0.0,1.0,0.0,0.0,1.0,0
1842,07/03/2016,Wooplr,ECommerce,Curated Fashion ECommerce portal,Bangalore,"Naveen Tewari, Abhay Singhal, Amit Gupta, Piyush Shah, Raghunandan G, Rajiv Mehta",Seed Funding,,,2016-03-07,,Wooplr,wooplr,5000000.0,5000000.0,1,383.0,0,383.0,5,1,Seed/Angel,E-Commerce,Bengaluru,0.0,0.0,0.0,0.0,0.0,6.0,0.0,0.0,1.0,0
1329,26/10/2016,Wooplr,Consumer Internet,Fashion Discovery App,Bangalore,"Astarc Ventures, Anand Chandrasekaran",Seed Funding,,,2016-10-26,,Wooplr,wooplr,5000000.0,5000000.0,2,233.0,0,616.0,5,1,Seed/Angel,Consumer Internet & Media,Bengaluru,0.0,0.0,0.0,0.0,0.0,2.0,0.0,0.0,1.0,0
1009,09/02/2017,Wooplr,ECommerce,Women Fashion Portal,Bangalore,"Sistema Asia Fund, Amereus Group, Helion Ventures",Private Equity,"80,00,000",,2017-02-09,8000000.0,Wooplr,wooplr,5000000.0,5000000.0,3,106.0,0,722.0,5,1,Private Equity,E-Commerce,Bengaluru,0.00025031289111389235,0.0,0.00013803840184575106,0.00013119051310689684,0.00013119051310689684,3.0,0.0,1.0,1.0,0
904,20/04/2017,Wooplr,eCommerce,Social Commerce\\xc2\\xa0 Fashion platform,Bangalore,Ankit Nagori,Private Equity,,,2017-04-20,,Wooplr,wooplr,13000000.0,8000000.0,4,70.0,0,792.0,5,1,Private Equity,E-Commerce,Bengaluru,0.0,0.0,0.0,0.0,0.0,1.0,0.0,0.0,1.0,0
1542,15/07/2016,WorkApps,Technology,Enterprise Work Management Software,Pune,SRI Capital,Seed Funding,"10,00,000",,2016-07-15,1000000.0,WorkApps,workapps,0.0,0.0,0,-1.0,1,0.0,1,0,Seed/Angel,Technology & SaaS,Pune,0.00025031289111389235,0.0,8.488504438854556e-06,0.00014262609723412833,0.00014262609723412833,1.0,0.0,1.0,1.0,0
2778,12/05/2015,WorkHorse,Service-On-Demand Mobile App,,Mumbai,Undisclosed Investors,Seed Funding,,,2015-05-12,,WorkHorse,workhorse,0.0,0.0,0,-1.0,1,0.0,1,0,Seed/Angel,Other,Mumbai,0.0,0.0,0.0,0.0,0.0,1.0,0.0,0.0,1.0,0
2303,06/10/2015,WorkIndia,Job Board,,Mumbai,"Satyen Kothari, Keshav Sanghi, Riddhesh Gandhi & Others",Seed Funding,"5,00,000",Pre-Series A,2015-10-06,500000.0,WorkIndia,workindia,0.0,0.0,0,-1.0,1,0.0,3,1,Seed/Angel,Other,Mumbai,0.0,0.0,0.0,0.0,0.0,3.0,0.0,0.0,1.0,0
1870,16/03/2016,WorkIndia,Consumer Internet,Online Job Board,Mumbai,Beenext,Seed Funding,,,2016-03-16,,WorkIndia,workindia,500000.0,500000.0,1,162.0,0,162.0,3,1,Seed/Angel,Consumer Internet & Media,Mumbai,0.002252816020025031,0.026666534645510814,0.01377356864908714,0.0008378082004402911,0.0008378082004402911,1.0,0.0,1.0,1.0,0
1224,18/11/2016,WorkIndia,Consumer Internet,Job Board for Clue Collar Jobs,Mumbai,Asuka Holdings,Seed Funding,,,2016-11-18,,WorkIndia,workindia,500000.0,500000.0,2,247.0,0,409.0,3,1,Seed/Angel,Consumer Internet & Media,Mumbai,0.0,0.0,0.0,0.0,0.0,1.0,0.0,0.0,1.0,0
2756,04/05/2015,World Art Community,Online Art Marketplace,,Gurgaon,Viraj Tyagi & others,Seed Funding,"2,00,000",,2015-05-04,200000.0,World Art Community,world art community,0.0,0.0,0,-1.0,1,0.0,2,1,Seed/Angel,E-Commerce,Delhi-NCR,0.0,0.0,0.0,0.0,0.0,1.0,0.0,0.0,1.0,0
1264,03/10/2016,World Art Community,eCommerce,Art & Craft Marketplace,Gurgaon,Viraj Tyagi & Others,Seed Funding,"2,00,000",,2016-10-03,200000.0,World Art Community,world art community,200000.0,200000.0,1,518.0,0,518.0,2,1,Seed/Angel,E-Commerce,Delhi-NCR,0.0,0.0,0.0,0.0,0.0,1.0,0.0,0.0,1.0,0
1320,23/10/2016,WOTU,eCommerce,B2B Marketplace for traders,Bangalore,KAE capital,Seed Funding,,,2016-10-23,,WOTU,wotu,0.0,0.0,0,-1.0,1,0.0,2,1,Seed/Angel,E-Commerce,Bengaluru,0.0005006257822277847,0.0022066892579169126,0.00030628027223875305,0.00022405951589119736,0.00022405951589119736,1.0,0.0,1.0,1.0,0
394,05/01/2018,WOTU,E-commerce,Food and Beverages,Bengaluru,"Claris Capital, Mumbai Angels Network",Angel / Seed Funding,,,2018-01-05,,WOTU,wotu,0.0,0.0,1,439.0,0,439.0,2,1,Seed/Angel,E-Commerce,Bengaluru,0.0017521902377972466,0.010975312042205362,0.00961306277325317,0.0007274642447918312,0.0007274642447918312,2.0,0.0,1.0,1.0,0
1705,13/05/2016,WoW Express,Logistics,E-Commerce Logistics Solutions,Mumbai,Undisclosed Investors & Tamarind Family Private Trust,Private Equity,"22,00,000",,2016-05-13,2200000.0,WoW Express,wow express,0.0,0.0,0,-1.0,1,0.0,2,1,Private Equity,Logistics & Mobility,Mumbai,0.0,0.0,0.0,0.0,0.0,1.0,0.0,0.0,1.0,0
254,27/06/2018,Wow Express,Technology,E-commerce Logistics Platform,Mumbai,Undisclosed Existing Investors As Well As The Tamarind Family Trust,Private Equity,"45,00,000",,2018-06-27,4500000.0,Wow Express,wow express,2200000.0,2200000.0,1,775.0,0,775.0,2,1,Private Equity,Technology & SaaS,Mumbai,0.0,0.0,0.0,0.0,0.0,1.0,0.0,0.0,1.0,0
2510,11/08/2015,WOW! MOMO,Quick Service Restaurant Chain,,Kolkata,Indian Angel Network,Seed Funding,"16,00,000",,2015-08-11,1600000.0,WOW! MOMO,wow! momo,0.0,0.0,0,-1.0,1,0.0,1,0,Seed/Angel,Food & Beverage,Tier-2/Other,0.002002503128911139,0.01032696862918804,0.03555811791464255,0.0008020854002554353,0.0008020854002554353,1.0,0.0,1.0,3.0,1
2618,14/07/2015,WoWexpress,Tech enabled logistics platform,,Mumbai,Tamarind Family Private Trust,Seed Funding,"5,00,000",,2015-07-14,500000.0,WoWexpress,wowexpress,0.0,0.0,0,-1.0,1,0.0,1,0,Seed/Angel,Logistics & Mobility,Mumbai,0.0,0.0,0.0,0.0,0.0,1.0,0.0,0.0,1.0,0
846,29/05/2017,Wowflux,Technology,image Processing solution,New Delhi,Undisclosed Investors,Seed Funding,,,2017-05-29,,Wowflux,wowflux,0.0,0.0,0,-1.0,1,0.0,1,0,Seed/Angel,Technology & SaaS,Delhi-NCR,0.0,0.0,0.0,0.0,0.0,1.0,0.0,0.0,1.0,0
2588,07/07/2015,Wudstay,Budget Accommodation aggregator,,Gurgaon,"Mangroves Capital Partners, Vikas Saxena",Private Equity,"30,00,000",Series A,2015-07-07,3000000.0,Wudstay,wudstay,0.0,0.0,0,-1.0,1,0.0,1,0,Private Equity,Other,Delhi-NCR,0.0,0.0,0.0,0.0,0.0,2.0,0.0,0.0,1.0,0
2903,18/03/2015,wWhere,,,,Group of Angel Investors,Seed Funding,"2,00,000",,2015-03-18,200000.0,wWhere,wwhere,0.0,0.0,0,-1.0,1,0.0,1,0,Seed/Angel,Other,Tier-2/Other,0.000750938673341677,2.0055113960051465e-06,5.212874231067168e-07,0.00039636782498119144,0.00039636782498119144,1.0,0.0,1.0,1.0,0
2291,01/10/2015,Wydr,Performance based Wholesale Marketplace,,New Delhi,Sandeep Aggarwal,Seed Funding,,,2015-10-01,,Wydr,wydr,0.0,0.0,0,-1.0,1,0.0,3,1,Seed/Angel,E-Commerce,Delhi-NCR,0.0,0.0,0.0,0.0,0.0,1.0,0.0,0.0,1.0,0
1087,20/01/2017,Wydr,eCommerce,B2B Wholesale Marketplace in India,Gurgaon,"Bessemer Venture Partners, Stellaris Venture Partners, Jungle Venture Partners, Axis Capital",Private Equity,,,2017-01-20,,Wydr,wydr,0.0,0.0,1,477.0,0,477.0,3,1,Private Equity,E-Commerce,Delhi-NCR,0.0025031289111389233,0.009284405205667146,0.002924969761969057,0.0010012613196776867,0.0007519432343559831,4.0,0.0,1.0,1.0,0
366,12/02/2018,Wydr,Consumer Internet,B2B Marketplace,Gurugram,"Bessemer Venture Partners, Stellaris Venture Partners, Axis Capital, Singapore, Jungle Venture Partners",Private Equity,,,2018-02-12,,Wydr,wydr,0.0,0.0,2,388.0,0,865.0,3,1,Private Equity,Consumer Internet & Media,Delhi-NCR,0.0025031289111389233,0.009284405205667146,0.002924969761969057,0.0010012613196776867,0.0005500231154664309,5.0,0.0,1.0,1.0,0
1421,03/08/2016,Xcode,Healthcare,Personal Genomics,Chennai,RoundGlass Partners,Private Equity,,,2016-08-03,,Xcode,xcode,0.0,0.0,0,-1.0,1,0.0,1,0,Private Equity,Healthcare,Chennai,0.0,0.0,0.0,0.0,0.0,1.0,0.0,0.0,1.0,0
607,14/09/2017,Xprep,Consumer Internet,Online Tutoring Platform,New Delhi,"Rising Stars, Manish Amin, Pallav Pandey, Chavi Jafa",Private Equity,,,2017-09-14,,Xprep,xprep,0.0,0.0,0,-1.0,1,0.0,1,0,Private Equity,Consumer Internet & Media,Delhi-NCR,0.0,0.0,0.0,0.0,0.0,4.0,0.0,0.0,1.0,0
1933,08/02/2016,Xpressbees,ECommerce,ECommerce Logistics solutions,Pune,"SAIF Partners, IDG Ventures India, Vertex Ventures, Valiant Capital",Private Equity,"1,25,00,000",,2016-02-08,12500000.0,Xpressbees,xpressbees,0.0,0.0,0,-1.0,1,0.0,1,0,Private Equity,E-Commerce,Pune,0.0012515644555694616,0.004638772999889398,0.0014112094183159625,0.0005537048140257201,0.00035708781831551156,4.0,1.0,1.0,1.0,0
1140,12/12/2016,Xseed Education,Technology,Education & learning Tech platform,Bangalore,Verlinvest SA,Private Equity,"1,00,00,000",,2016-12-12,10000000.0,Xseed Education,xseed education,0.0,0.0,0,-1.0,1,0.0,1,0,Private Equity,Technology & SaaS,Bengaluru,0.0005006257822277847,0.0034621393918161346,0.003833548593152091,0.00022790223848768445,0.00022790223848768445,1.0,0.0,1.0,1.0,0
2425,16/09/2015,XSTOK,B2B Mobile Auction Marketplace,,Mumbai,Oliphans Capital,Seed Funding,"4,50,000",,2015-09-16,450000.0,XSTOK,xstok,0.0,0.0,0,-1.0,1,0.0,1,0,Seed/Angel,E-Commerce,Mumbai,0.0,0.0,0.0,0.0,0.0,1.0,0.0,0.0,1.0,0
531,06/10/2017,Yaantra,ECommerce,Mobile repair and Refurbishment platform,New Delhi,Carpediem Capital,Private Equity,"31,00,000",,2017-10-06,3100000.0,Yaantra,yaantra,0.0,0.0,0,-1.0,1,0.0,1,0,Private Equity,E-Commerce,Delhi-NCR,0.0,0.0,0.0,0.0,0.0,1.0,0.0,0.0,1.0,0
1531,13/07/2016,YAAP,Consumer Internet,"Online Content Discovery, Creation & Distribution Platform",New Delhi,Rainmaker Ventures,Private Equity,"50,00,000",,2016-07-13,5000000.0,YAAP,yaap,0.0,0.0,0,-1.0,1,0.0,1,0,Private Equity,Consumer Internet & Media,Delhi-NCR,0.0,0.0,0.0,0.0,0.0,1.0,0.0,0.0,1.0,0
1856,09/03/2016,Yana,Consumer Internet,Personal AI Transaction Engine App,Gurgaon,"Puneet Gupta,",Seed Funding,,,2016-03-09,,Yana,yana,0.0,0.0,0,-1.0,1,0.0,1,0,Seed/Angel,Consumer Internet & Media,Delhi-NCR,0.0,0.0,0.0,0.0,0.0,1.0,0.0,0.0,1.0,0
616,22/09/2017,Yatra.com,eCommerce,Online Travel Agency,Gurgaon,InnoVen Capital India,Debt Funding,"1,54,00,000",,2017-09-22,15400000.0,Yatra.com,yatra,0.0,0.0,0,-1.0,1,0.0,1,0,Debt,E-Commerce,Delhi-NCR,0.001501877346683354,0.014143283023837369,0.031913120524109655,0.0005258266880856241,0.0005258266880856241,1.0,0.0,1.0,1.0,0
2412,12/09/2015,YatraGenie,Online Bus & Cab ticketing platform,,Hyderabad,Ash Bhardwaj,Private Equity,,Series A,2015-09-12,,YatraGenie,yatragenie,0.0,0.0,0,-1.0,1,0.0,1,0,Private Equity,Logistics & Mobility,Hyderabad,0.0,0.0,0.0,0.0,0.0,1.0,0.0,0.0,1.0,0
1548,18/07/2016,Yellowdig,Consumer Internet,Online Learning Platform,Pune,SRI Capital,Seed Funding,"6,50,000",,2016-07-18,650000.0,Yellowdig,yellowdig,0.0,0.0,0,-1.0,1,0.0,1,0,Seed/Angel,Consumer Internet & Media,Pune,0.00025031289111389235,0.0,8.488504438854556e-06,0.00014262609723412833,0.00014262609723412833,1.0,0.0,1.0,1.0,0
3006,09/01/2015,YepMe,,,,"JS Capital, Helion Venture Partners, Capricorn Investment Group",Private Equity,"1,30,00,000",Series A,2015-01-09,13000000.0,YepMe,yepme,0.0,0.0,0,-1.0,1,0.0,4,1,Private Equity,Other,Tier-2/Other,0.0,0.0,0.0,0.0,0.0,3.0,0.0,0.0,1.0,0
2428,17/09/2015,YepMe,Private label Fashion eTailer,,Gurgaon,"Khazanah Nasional Berhad, Helion Venture Partners",Private Equity,"7,50,00,000",Series D,2015-09-17,75000000.0,YepMe,yepme,13000000.0,13000000.0,1,251.0,0,251.0,4,1,Private Equity,Technology & SaaS,Delhi-NCR,0.0,0.0,0.0,0.0,0.0,2.0,0.0,0.0,1.0,0
800,08/05/2017,YepMe,eCommerce,Private Label Fashion etailer,Gurgaon,"Rainbow Digital Services Pvt. Ltd, ILearnFinance Academy Pvt. Ltd.",Private Equity,"7,00,000",,2017-05-08,700000.0,YepMe,yepme,88000000.0,75000000.0,2,599.0,0,850.0,4,1,Private Equity,E-Commerce,Delhi-NCR,0.00025031289111389235,0.0,0.002253627186395401,0.0001310338692853393,0.0001310338692853393,2.0,0.0,1.0,1.0,0
834,20/05/2017,YepMe,eCommerce,Private Fashion Brand etailer,New Delhi,Gokaldas Exports Ltd,Private Equity,,,2017-05-20,,YepMe,yepme,88700000.0,700000.0,3,12.0,0,862.0,4,1,Private Equity,E-Commerce,Delhi-NCR,0.0,0.0,0.0,0.0,0.0,1.0,0.0,0.0,1.0,0
3020,19/01/2015,Yo Grad,,,,Hyderabad Angels (at Startup Heroes event),Seed Funding,"16,000",,2015-01-19,16000.0,Yo Grad,yo grad,0.0,0.0,0,-1.0,1,0.0,1,0,Seed/Angel,Other,Tier-2/Other,0.00025031289111389235,0.0,1.54413417595609e-07,0.00016435886649189237,0.00016435886649189237,1.0,0.0,1.0,1.0,0
2926,28/03/2015,Yogurt Labs,,,,"Nick Adams, Kiran Bhat, Family Pot Investments LLP",Seed Funding,"1,15,000",,2015-03-28,115000.0,Yogurt Labs,yogurt labs,0.0,0.0,0,-1.0,1,0.0,1,0,Seed/Angel,Other,Tier-2/Other,0.0,0.0,0.0,0.0,0.0,3.0,0.0,0.0,1.0,0
1113,30/01/2017,YOLO Health,Consumer Internet,Online Healthcare platform,Mumbai,Chandigarh Angels Network (CAN),Seed Funding,,,2017-01-30,,YOLO Health,yolo health,0.0,0.0,0,-1.0,1,0.0,1,0,Seed/Angel,Consumer Internet & Media,Mumbai,0.00025031289111389235,0.0,1.54413417595609e-07,0.00016435886649189237,0.00016435886649189237,1.0,0.0,1.0,1.0,0
1050,05/01/2017,Yostra,Technology,Healthcare Technology Solutions,Bangalore,"Marico Innovation Foundation (MIF), Villgro",Private Equity,,,2017-01-05,,Yostra,yostra,0.0,0.0,0,-1.0,1,0.0,1,0,Private Equity,Technology & SaaS,Bengaluru,0.0,0.0,0.0,0.0,0.0,2.0,0.0,0.0,1.0,0
1208,10/11/2016,Yottaasys,Technology,Data Sciences platform,Bangalore,Gleevoaz Ventures,Private Equity,,,2016-11-10,,Yottaasys,yottaasys,0.0,0.0,0,-1.0,1,0.0,1,0,Private Equity,Technology & SaaS,Bengaluru,0.0,0.0,0.0,0.0,0.0,1.0,0.0,0.0,1.0,0
464,20/12/2017,Your Quote,Technology,Vernacular and Video Content Platform,Bengaluru,"Axilor Ventures, E-City VEntures Atul Goel",Private Equity,"10,00,000",,2017-12-20,1000000.0,Your Quote,your quote,0.0,0.0,0,-1.0,1,0.0,1,0,Private Equity,Technology & SaaS,Bengaluru,0.0010012515644555694,0.0028383000031962837,0.0014169998952540074,0.0004588750969253953,0.0004588750969253953,2.0,0.0,1.0,1.0,0
2210,04/11/2015,YourDOST,Online Counselling and psychological support platform,,Gwalior,"Phanindra Sama, Aprameya Radhakrishna, Aneesh Reddy, Neeraj Jawalkar, Sanjay Anandaram, Pavan Ongole, Venk Krishnan",Seed Funding,"4,00,000",,2015-11-04,400000.0,YourDOST,yourdost,0.0,0.0,0,-1.0,1,0.0,2,1,Seed/Angel,Other,Tier-2/Other,0.0,0.0,0.0,0.0,0.0,7.0,0.0,0.0,1.0,0
1644,27/06/2016,YourDost,Consumer Internet,Online counselling & Personal coaching platform,Bangalore,"SAIF Partners, Aprameya Radhakrishnan, Phanindra Sama, Subba Rao Telidevara, Vibhu Garg, Paula Ravindra Mariwala, Gaurav Bhalotia",Seed Funding,"12,00,000",,2016-06-27,1200000.0,YourDost,yourdost,400000.0,400000.0,1,236.0,0,236.0,2,1,Seed/Angel,Consumer Internet & Media,Bengaluru,0.000750938673341677,0.0042731615220654,0.0014112094183159625,0.00029227224578136433,0.00029227224578136433,7.0,1.0,1.0,1.0,0
2526,17/08/2015,YourStory,Startup Focused Online Publisher,,Mumbai,"Ratan Tata, Vani Kola, T V Mohandas Pai, Karthee Madasamay",Seed Funding,,,2015-08-17,,YourStory,yourstory,0.0,0.0,0,-1.0,1,0.0,2,1,Seed/Angel,Other,Mumbai,0.0,0.0,0.0,0.0,0.0,4.0,0.0,0.0,1.0,0
1025,16/02/2017,YourStory,Consumer Internet,Online Media,Bangalore,"Kalaari Capital Partners, Qualcomm, 3ONE4 Capital Advisors, UC-RNT",Private Equity,"30,00,000",,2017-02-16,3000000.0,YourStory,yourstory,0.0,0.0,1,549.0,0,549.0,2,1,Private Equity,Consumer Internet & Media,Bengaluru,0.0025031289111389233,0.013397154605961893,0.0019601863479076207,0.0010197165577911919,0.0004654319128893629,4.0,1.0,1.0,1.0,0
2397,07/09/2015,YouthKiAwaaz,Community Driven News/Views Platform,,New Delhi,"Raghav Bahl, Ritu Kapur",Seed Funding,"6,00,000",,2015-09-07,600000.0,YouthKiAwaaz,youthkiawaaz,0.0,0.0,0,-1.0,1,0.0,1,0,Seed/Angel,Other,Delhi-NCR,0.0,0.0,0.0,0.0,0.0,2.0,0.0,0.0,1.0,0
1782,18/04/2016,Yufta,eCommerce,Women\\xe2\\x80\\x99s Fashion ECommerce Portal,Bangalore,Ajay Data & other HNIs,Seed Funding,,,2016-04-18,,Yufta,yufta,0.0,0.0,0,-1.0,1,0.0,2,1,Seed/Angel,E-Commerce,Bengaluru,0.00025031289111389235,0.0,1.54413417595609e-07,0.00016435886649189237,0.00016435886649189237,1.0,0.0,1.0,1.0,0
1798,21/04/2016,Yufta,eCommerce,hyperlocal fashion retail platform,Jaipur,Ajay Data & undisclosed HNIs,Seed Funding,,,2016-04-21,,Yufta,yufta,0.0,0.0,1,3.0,0,3.0,2,1,Seed/Angel,E-Commerce,Jaipur,0.00025031289111389235,0.0,1.54413417595609e-07,0.00016435886649189237,0.00016435886649189237,1.0,0.0,1.0,1.0,0
211,23/07/2018,Yulu Bikes,Technology,Bicycle-Sharing Platform,Bengaluru,,Seed/ Angel Funding,,,2018-07-23,,Yulu Bikes,yulu bikes,0.0,0.0,0,-1.0,1,0.0,1,0,Seed/Angel,Technology & SaaS,Bengaluru,0.0,0.0,0.0,0.0,0.0,0.0,0.0,0.0,1.0,0
1306,17/10/2016,Yumigo,Consumer Internet,App based Travel Discovery and Transactions platform,Gurgaon,Hemant Sahni,Seed Funding,"3,00,000",,2016-10-17,300000.0,Yumigo,yumigo,0.0,0.0,0,-1.0,1,0.0,1,0,Seed/Angel,Consumer Internet & Media,Delhi-NCR,0.0,0.0,0.0,0.0,0.0,1.0,0.0,0.0,1.0,0
2941,02/02/2015,Yumist,,,,Orios Venture Partner,Private Equity,"10,00,000",,2015-02-02,1000000.0,Yumist,yumist,0.0,0.0,0,-1.0,1,0.0,2,1,Private Equity,Other,Tier-2/Other,0.0005006257822277847,0.001577460057420298,0.0006611364960252393,0.00023911949570192242,0.00023911949570192242,1.0,0.0,1.0,1.0,0
2135,08/12/2015,Yumist,Home Cooked Food Order & Delivery platform,,Gurgaon,"Unilazer Ventures, Orios Venture Partners, Steven Lurie",Private Equity,"20,00,000",Series A,2015-12-08,2000000.0,Yumist,yumist,1000000.0,1000000.0,1,309.0,0,309.0,2,1,Private Equity,Logistics & Mobility,Delhi-NCR,0.0005006257822277847,0.001577460057420298,0.0006611364960252393,0.00025171097761001013,0.0002454152366559663,3.0,0.0,1.0,1.0,0
1420,02/08/2016,Yumlane,Food & Beverage,Retail Food & Snack Offline centres,Mumbai,"Binny Bansal, Anupam Mittal, Sachin Bhatia, Darius Pandole, Kunal Khattar, Dheerag Jain",Seed Funding,"10,00,000",,2016-08-02,1000000.0,Yumlane,yumlane,0.0,0.0,0,-1.0,1,0.0,1,0,Seed/Angel,Food & Beverage,Mumbai,0.0012515644555694616,0.010687931577880288,0.01213914455110461,0.0004861118041767175,0.0004861118041767175,6.0,0.0,1.0,1.0,0
1288,11/10/2016,Yupp TV,Consumer Internet,Internet-based TV streaming service provider,Bangalore,Emerald Media,Private Equity,"5,00,00,000",,2016-10-11,50000000.0,Yupp TV,yupp tv,0.0,0.0,0,-1.0,1,0.0,1,0,Private Equity,Consumer Internet & Media,Bengaluru,0.0,0.0,0.0,0.0,0.0,1.0,0.0,0.0,1.0,0
2220,06/11/2015,Yuvi Hospitality,Premium dining Lounges & restaurants,,Gurgaon,Chandralekha Construction Pvt. Ltd.,Private Equity,"1,50,00,000",Series A,2015-11-06,15000000.0,Yuvi Hospitality,yuvi hospitality,0.0,0.0,0,-1.0,1,0.0,1,0,Private Equity,Food & Beverage,Delhi-NCR,0.0,0.0,0.0,0.0,0.0,1.0,0.0,0.0,1.0,0
2465,29/09/2015,Zakoopi,Fashion Discovery platform,,New Delhi,Uniqorn Ventures,Seed Funding,"3,50,000",,2015-09-29,350000.0,Zakoopi,zakoopi,0.0,0.0,0,-1.0,1,0.0,1,0,Seed/Angel,Other,Delhi-NCR,0.0,0.0,0.0,0.0,0.0,1.0,0.0,0.0,1.0,0
2114,01/12/2015,Zapluk,"Health, Wellness & Beauty Services App",,Hyderabad,,Seed Funding,,,2015-12-01,,Zapluk,zapluk,0.0,0.0,0,-1.0,1,0.0,1,0,Seed/Angel,Healthcare,Hyderabad,0.0,0.0,0.0,0.0,0.0,0.0,0.0,0.0,1.0,0
2335,14/10/2015,Zappfresh,Raw Meat & Ready to eat food etailer,,Gurgaon,Undisclosed Investors,Seed Funding,"77,000",,2015-10-14,77000.0,Zappfresh,zappfresh,0.0,0.0,0,-1.0,1,0.0,3,1,Seed/Angel,Food & Beverage,Delhi-NCR,0.0,0.0,0.0,0.0,0.0,1.0,0.0,0.0,1.0,0
1446,16/08/2016,Zappfresh,ECommerce,Raw Meat Products eTailer,Gurgaon,Ashvin Chadha,Seed Funding,,,2016-08-16,,Zappfresh,zappfresh,77000.0,77000.0,1,307.0,0,307.0,3,1,Seed/Angel,E-Commerce,Delhi-NCR,0.0,0.0,0.0,0.0,0.0,1.0,0.0,0.0,1.0,0
337,19/03/2018,Zappfresh,Food & Beverages,Online Raw Meat E-tailer,Gurugram,"Amit Burman, SIDBI Venture Capital",Seed / Angel Funding,"30,00,000",,2018-03-19,3000000.0,Zappfresh,zappfresh,77000.0,77000.0,2,580.0,0,887.0,3,1,Seed/Angel,Food & Beverage,Delhi-NCR,0.0,0.0,0.0,0.0,0.0,2.0,0.0,0.0,1.0,0
1835,04/03/2016,Zappka,Consumer Internet,Mobile App discovery and review platform,Gurgaon,"Daman Soni, Rajat Gupta & Others",Seed Funding,"1,00,000",,2016-03-04,100000.0,Zappka,zappka,0.0,0.0,0,-1.0,1,0.0,1,0,Seed/Angel,Consumer Internet & Media,Delhi-NCR,0.0,0.0,0.0,0.0,0.0,2.0,0.0,0.0,1.0,0
2180,22/12/2015,Zapr,Reward points mobile app,,Gurgaon,Dinesh Agarwal,Seed Funding,,,2015-12-22,,Zapr,zapr,0.0,0.0,0,-1.0,1,0.0,3,1,Seed/Angel,Other,Delhi-NCR,0.00025031289111389235,0.0,1.54413417595609e-07,0.00016435886649189237,0.00016435886649189237,1.0,0.0,1.0,1.0,0
2050,14/01/2016,Zapr,Technology,TV to Mobile audience Platform,Gurgaon,"Flipkart, Saavn, Micromax, Dhiraj Rajaram, Ambiga Dhiraj, Dinesh Agarwal, Samir Bangara, Sanjay Nath, Arihant Patni",Seed Funding,,,2016-01-14,,Zapr,zapr,0.0,0.0,1,23.0,0,23.0,3,1,Seed/Angel,Technology & SaaS,Delhi-NCR,0.00025031289111389235,0.0,0.007045835078804396,0.00016435886649189237,0.00014304554857923912,9.0,0.0,1.0,1.0,0
945,07/03/2017,Zapr,Technology,"DSP, TV Analytics & Cross-Platform advertising",Bangalore,Star India Pvt Ltd,Private Equity,"1,00,00,000",,2017-03-07,10000000.0,Zapr,zapr,0.0,0.0,2,418.0,0,441.0,3,1,Private Equity,Technology & SaaS,Bengaluru,0.0,0.0,0.0,0.0,0.0,1.0,0.0,0.0,1.0,0
2774,12/05/2015,ZapStitch,Cloud Data Integration Platform,,Bangalore,"Helion Venture Partners, Orios Venture Partners",Private Equity,"20,00,000",Pre-Series A,2015-05-12,2000000.0,ZapStitch,zapstitch,0.0,0.0,0,-1.0,1,0.0,1,0,Private Equity,Other,Bengaluru,0.0005006257822277847,0.001577460057420298,0.0006611364960252393,0.00023911949570192242,0.00023911949570192242,2.0,0.0,1.0,1.0,0
822,15/05/2017,Zapty,Technology,Project Management tool,Bangalore,IdeaSpring Capital,Seed Funding,"5,00,000",,2017-05-15,500000.0,Zapty,zapty,0.0,0.0,0,-1.0,1,0.0,1,0,Seed/Angel,Technology & SaaS,Bengaluru,0.0,0.0,0.0,0.0,0.0,1.0,0.0,0.0,1.0,0
2409,11/09/2015,Zapyle,pre-used apparel shopping mobile app,,Bangalore,,Seed Funding,"10,00,000",,2015-09-11,1000000.0,Zapyle,zapyle,0.0,0.0,0,-1.0,1,0.0,2,1,Seed/Angel,Other,Bengaluru,0.0,0.0,0.0,0.0,0.0,0.0,0.0,0.0,1.0,0
981,29/03/2017,Zapyle,ECommerce,Luxury Fashion Marketplace,Bangalore,Undisclosed Investors,Seed Funding,,,2017-03-29,,Zapyle,zapyle,1000000.0,1000000.0,1,565.0,0,565.0,2,1,Seed/Angel,E-Commerce,Bengaluru,0.0,0.0,0.0,0.0,0.0,1.0,0.0,0.0,1.0,0
1690,10/05/2016,Zarget,Consumer Internet,Conversion Rate Optimization Platform,Chennai,"Accel Partners, Matrix Partners, Girish Mathrubootham",Private Equity,"15,00,000",,2016-05-10,1500000.0,Zarget,zarget,0.0,0.0,0,-1.0,1,0.0,2,1,Private Equity,Consumer Internet & Media,Chennai,0.0025031289111389233,0.03180691231866443,0.01397423501569189,0.0009597977221441899,0.0005448321589115745,3.0,1.0,1.0,1.0,0
1193,03/11/2016,Zarget,Technology,SaaS-based web optimisation and marketing platform,Chennai,Sequoia India,Private Equity,"60,00,000",,2016-11-03,6000000.0,Zarget,zarget,1500000.0,1500000.0,1,177.0,0,177.0,2,1,Private Equity,Technology & SaaS,Chennai,0.000750938673341677,0.0036940218595162967,0.007362732465128354,0.00033164209477533563,0.00033164209477533563,1.0,1.0,1.0,1.0,0
2094,28/01/2016,Zebi (yet to launch),Technology,Data Intelligence & Analytics,Hyderabad,Un disclosed investors,Seed Funding,"10,00,000",,2016-01-28,1000000.0,Zebi (yet to launch),zebi (yet to launch),0.0,0.0,0,-1.0,1,0.0,1,0,Seed/Angel,Technology & SaaS,Hyderabad,0.0,0.0,0.0,0.0,0.0,1.0,0.0,0.0,1.0,0
2018,06/01/2016,Zebpay,Consumer Internet,Bitcoin Buying & Selling Mobile App,Ahmedabad,"Arjun Handa, Amit Jindal, Nagendra Chaudhary",Private Equity,"10,00,000",,2016-01-06,1000000.0,Zebpay,zebpay,0.0,0.0,0,-1.0,1,0.0,1,0,Private Equity,Consumer Internet & Media,Ahmedabad,0.0,0.0,0.0,0.0,0.0,3.0,0.0,0.0,1.0,0
1685,07/05/2016,Zebroads,Logistics,Logistics and Warehousing services,Hyderabad,Undisclosed investors,Seed Funding,"75,000",,2016-05-07,75000.0,Zebroads,zebroads,0.0,0.0,0,-1.0,1,0.0,1,0,Seed/Angel,Logistics & Mobility,Hyderabad,0.0,0.0,0.0,0.0,0.0,1.0,0.0,0.0,1.0,0
1214,15/11/2016,Zefo,eCommerce,Used Furniture & Appliances Marketplace,Bangalore,"Sequoia India, BEENEXT, Helion Ventures",Private Equity,"60,00,000",,2016-11-15,6000000.0,Zefo,zefo,0.0,0.0,0,-1.0,1,0.0,2,1,Private Equity,E-Commerce,Bengaluru,0.002252816020025031,0.026666534645510814,0.01377356864908714,0.0008378082004402911,0.0005847251476078134,3.0,1.0,1.0,1.0,0
530,05/10/2017,Zefo,ECommerce,Ecommerce Portal for Used Goods,Bangalore,"Sequoia India, Helion Venture Partners, Beenext",Private Equity,"92,00,000",,2017-10-05,9200000.0,Zefo,zefo,6000000.0,6000000.0,1,324.0,0,324.0,2,1,Private Equity,E-Commerce,Bengaluru,0.002252816020025031,0.026666534645510814,0.01377356864908714,0.0008378082004402911,0.0005847251476078134,3.0,1.0,1.0,1.0,0
2578,02/07/2015,Zenatix,Internet of Things platform,,Gurgaon,"Rajan Anandan, Kunal Bahl, Rohit Bansal, Rahul Khanna",Seed Funding,"1,61,000",,2015-07-02,161000.0,Zenatix,zenatix,0.0,0.0,0,-1.0,1,0.0,3,1,Seed/Angel,Other,Delhi-NCR,0.00025031289111389235,0.0,0.00017941689575689057,0.0001301985770115292,0.0001301985770115292,4.0,0.0,1.0,1.0,0
2127,07/12/2015,Zenatix,IOT Energy Management Analytics platform,,Gurgaon,Blume Ventures,Private Equity,,Pre-Series A,2015-12-07,,Zenatix,zenatix,161000.0,161000.0,1,158.0,0,158.0,3,1,Private Equity,Technology & SaaS,Delhi-NCR,0.00025031289111389235,0.0,2.4573577241560827e-06,0.00014531887003520802,0.00014531887003520802,1.0,1.0,1.0,1.0,0
1003,08/02/2017,Zenatix,Technology,IoT Based Energy Monitoring & Control,Gurgaon,"pi Ventures, Blume Ventures",Private Equity,"12,00,000",,2017-02-08,1200000.0,Zenatix,zenatix,161000.0,161000.0,2,429.0,0,587.0,3,1,Private Equity,Technology & SaaS,Delhi-NCR,0.00025031289111389235,0.0,2.4573577241560827e-06,0.00016435886649189237,0.0001548388682635502,2.0,1.0,1.0,1.0,0
1918,05/02/2016,ZenDrive,Technology,Safe Driving Data & Analytics platform,Bangalore / SFO,"Sherpa Capital, Nyca Partners and Thomvest Ventures",Private Equity,"1,35,00,000",,2016-02-05,13500000.0,ZenDrive,zendrive,0.0,0.0,0,-1.0,1,0.0,2,1,Private Equity,Technology & SaaS,Bengaluru,0.0,0.0,0.0,0.0,0.0,2.0,0.0,0.0,1.0,0
53,23/08/2019,Zendrive,Automotive,Road Safety Analytics,San Francisco,XL Innovate,Series B,"3,70,00,000",,2019-08-23,37000000.0,Zendrive,zendrive,13500000.0,13500000.0,1,1295.0,0,1295.0,2,1,Series B,Other,Tier-2/Other,0.0,0.0,0.0,0.0,0.0,1.0,0.0,0.0,1.0,0
2614,14/07/2015,Zenify,Residential Rental management platform,,Bangalore,Atul Jalan,Seed Funding,\\xc2\\xa0N/A,,2015-07-14,,Zenify,zenify,0.0,0.0,0,-1.0,1,0.0,3,1,Seed/Angel,Other,Bengaluru,0.0,0.0,0.0,0.0,0.0,1.0,0.0,0.0,1.0,0
2353,21/10/2015,Zenify.in,residential rental management platform,,Bangalore,"Atul Jalan, Shrikanth & Bharath",Seed Funding,"6,40,000",,2015-10-21,640000.0,Zenify.in,zenify,0.0,0.0,1,99.0,0,99.0,3,1,Seed/Angel,Other,Bengaluru,0.0,0.0,0.0,0.0,0.0,2.0,0.0,0.0,1.0,0
1694,11/05/2016,Zenify,Consumer Internet,Home rental Discovery & Booking Portal,Bangalore,Undisclosed Investors,Private Equity,"9,00,000",,2016-05-11,900000.0,Zenify,zenify,640000.0,640000.0,2,203.0,0,302.0,3,1,Private Equity,Consumer Internet & Media,Bengaluru,0.0,0.0,0.0,0.0,0.0,1.0,0.0,0.0,1.0,0
1439,11/08/2016,Zenoti,Technology,Cloud Based Software Solutions Provider,Hyderabad,"Norwest Venture Partners, Accel India",Private Equity,"1,50,00,000",,2016-08-11,15000000.0,Zenoti,zenoti,0.0,0.0,0,-1.0,1,0.0,2,1,Private Equity,Technology & SaaS,Hyderabad,0.0010012515644555694,0.0019344325116446817,0.005457297960275162,0.0003916403585052038,0.00033852716632223987,2.0,1.0,1.0,1.0,0
94,02/05/2019,Zenoti,Saas,Beauty and Wellness Industry,Hyderabad,Tiger Global Management,Series C,"5,00,00,000",,2019-05-02,50000000.0,Zenoti,zenoti,15000000.0,15000000.0,1,994.0,0,994.0,2,1,Series C,Technology & SaaS,Hyderabad,0.005006257822277847,0.07287536754319783,0.18527724887454788,0.0017164247516392465,0.0017164247516392465,1.0,1.0,1.0,1.0,0
2799,25/05/2015,ZenParent,Parents focused Web Content,,Bangalore,i2india Ventures,Seed Funding,"5,00,000",,2015-05-25,500000.0,ZenParent,zenparent,0.0,0.0,0,-1.0,1,0.0,1,0,Seed/Angel,Other,Bengaluru,0.00025031289111389235,0.0,3.9377968408257e-06,0.0001475271348715769,0.0001475271348715769,1.0,0.0,1.0,1.0,0
2628,21/07/2015,ZenRadius,Online Hiring Platform,,Bangalore,"Tracxn Labs, Deepak Singh",Seed Funding,,,2015-07-21,,ZenRadius,zenradius,0.0,0.0,0,-1.0,1,0.0,1,0,Seed/Angel,Other,Bengaluru,0.0,0.0,0.0,0.0,0.0,2.0,0.0,0.0,1.0,0
1433,09/08/2016,Zeolr/RespirON,Technology,Healthcare related IoT platform,New Delhi,Centre for Innovation Incubation and Entrepreneurship (CIIE),Seed Funding,,,2016-08-09,,Zeolr/RespirON,zeolr/respiron,0.0,0.0,0,-1.0,1,0.0,1,0,Seed/Angel,Technology & SaaS,Delhi-NCR,0.0,0.0,0.0,0.0,0.0,1.0,0.0,0.0,1.0,0
636,02/08/2017,Zepo,Consumer Internet,DIY Ecommerce platform,Mumbai,"Kunal Shah, LetsVenture, Anupam Mittal, Hetal Sonpal",Seed Funding,"5,00,000",,2017-08-02,500000.0,Zepo,zepo,0.0,0.0,0,-1.0,1,0.0,1,0,Seed/Angel,Consumer Internet & Media,Mumbai,0.00025031289111389235,0.0,0.0014541392121809268,0.00013664812728624517,0.00013664812728624517,4.0,0.0,1.0,1.0,0
2324,09/10/2015,Zeppery,Food Ordering & Delivery App,,New Delhi,Suyash Sharma,Seed Funding,"77,000",,2015-10-09,77000.0,Zeppery,zeppery,0.0,0.0,0,-1.0,1,0.0,1,0,Seed/Angel,Logistics & Mobility,Delhi-NCR,0.0,0.0,0.0,0.0,0.0,1.0,0.0,0.0,1.0,0
1371,14/09/2016,ZeroInfy,Consumer Internet,Online Video Lectures platform,Kolkata,Calcutta Angels Network,Seed Funding,,,2016-09-14,,ZeroInfy,zeroinfy,0.0,0.0,0,-1.0,1,0.0,1,0,Seed/Angel,Consumer Internet & Media,Tier-2/Other,0.00025031289111389235,0.0,1.54413417595609e-07,0.00016435886649189237,0.00016435886649189237,1.0,0.0,1.0,1.0,0
1134,08/12/2016,Zest Money,Consumer Internet,Online Consumer Lending platform,Mumbai,PayU,Private Equity,"65,00,000",,2016-12-08,6500000.0,Zest Money,zest money,0.0,0.0,0,-1.0,1,0.0,1,0,Private Equity,Consumer Internet & Media,Mumbai,0.00025031289111389235,0.0,2.5517554331502748e-05,0.00013534380103098116,0.00013534380103098116,1.0,0.0,1.0,1.0,0
1022,15/02/2017,ZestMoney,Consumer Internet,Online Consumer Lending platform,Bangalore,"PayU, Ribbit Capital, Omidyar Network",Private Equity,"65,00,000",,2017-02-15,6500000.0,ZestMoney,zestmoney,0.0,0.0,0,-1.0,1,0.0,2,1,Private Equity,Consumer Internet & Media,Bengaluru,0.0010012515644555694,0.007109553316259028,0.013758018688313459,0.0003983214631420374,0.0002228275552494081,3.0,0.0,1.0,2.0,1
185,26/08/2018,ZestMoney,Consumer Internet,Online Lending Platform,Bengaluru,"Xiaomi,PayU, Ribbit Capital and Omidyar Network",Private Equity,"1,34,00,000",,2018-08-26,13400000.0,ZestMoney,zestmoney,6500000.0,6500000.0,1,557.0,0,557.0,2,1,Private Equity,Consumer Internet & Media,Bengaluru,0.00025031289111389235,0.0,2.5517554331502748e-05,0.00015045598431541468,0.00014289989267319794,3.0,0.0,1.0,2.0,1
1411,30/09/2016,Zeta,Technology,Enterprise Cloud Solutions,Mumbai,Bhavin Turakhia,Private Equity,"1,90,00,000",,2016-09-30,19000000.0,Zeta,zeta,0.0,0.0,0,-1.0,1,0.0,1,0,Private Equity,Technology & SaaS,Mumbai,0.00025031289111389235,0.0,0.010627548026909047,0.00011695265374160641,0.00011695265374160641,1.0,0.0,1.0,1.0,0
1461,19/08/2016,Ziffity,Technology,Full Service Ecommerce Agency,Chennai,Aspire Systems,Private Equity,,,2016-08-19,,Ziffity,ziffity,0.0,0.0,0,-1.0,1,0.0,1,0,Private Equity,Technology & SaaS,Chennai,0.0,0.0,0.0,0.0,0.0,1.0,0.0,0.0,1.0,0
168,03/08/2018,ZiffyHomes,Consumer Internet,Online Home Rental Marketplace,Gurugram,Y Combinator,Private Equity,"1,20,000",,2018-08-03,120000.0,ZiffyHomes,ziffyhomes,0.0,0.0,0,-1.0,1,0.0,1,0,Private Equity,Consumer Internet & Media,Delhi-NCR,0.00425531914893617,0.03704616522382135,0.1137077548087308,0.0015893753600148012,0.0015893753600148012,1.0,0.0,1.0,1.0,0
2325,12/10/2015,Zify,Ride Sharing platform,,Hyderabad,Sean O\\xe2\\x80\\x99Sullivan & Others,Seed Funding,"1,90,000",,2015-10-12,190000.0,Zify,zify,0.0,0.0,0,-1.0,1,0.0,1,0,Seed/Angel,Other,Hyderabad,0.0,0.0,0.0,0.0,0.0,1.0,0.0,0.0,1.0,0
2224,09/11/2015,Zilingo,Marketplace App for Bangkok,,Bangalore/ Bangkok,"Sequoia India, BEENEXT Ventures, Kunal Shah & Sandeep Tandon",Private Equity,"19,00,000",Series A,2015-11-09,1900000.0,Zilingo,zilingo,0.0,0.0,0,-1.0,1,0.0,3,1,Private Equity,E-Commerce,Bengaluru,0.002252816020025031,0.026666534645510814,0.01377356864908714,0.0008378082004402911,0.0005847251476078134,3.0,1.0,1.0,1.0,0
1351,07/09/2016,Zilingo,eCommerce,Online Fashion Retailer,Bangalore/ Bangkok,"Venturra Capital, Sequoia India, Susquehanna International Group.\\xc2\\xa0 Wavemaker Partners, Beenext, Beenos, Digital Garage",Private Equity,"80,00,000",,2016-09-07,8000000.0,Zilingo,zilingo,1900000.0,1900000.0,1,303.0,0,303.0,3,1,Private Equity,E-Commerce,Bengaluru,0.002252816020025031,0.026666534645510814,0.01377356864908714,0.0008378082004402911,0.000436180177874247,6.0,1.0,1.0,1.0,0
114,08/02/2019,Zilingo,Ecommerce,Fashion & Apparel,India/Singapore,"Sequoia Capital and Temasek Holdings, EDBI, Burda Principal Investments, and Sofina",Series D,"22,60,00,000",,2019-02-08,226000000.0,Zilingo,zilingo,9900000.0,8000000.0,2,884.0,0,1187.0,3,1,Late Stage (C+),E-Commerce,Tier-2/Other,0.00025031289111389235,0.0,0.012146851261412578,0.00015045598431541468,0.0001277783027557813,4.0,1.0,1.0,1.0,0
2747,29/06/2015,Zimmber,Hyperlocal Handyman Services,,Mumbai,"Naveen Tiwari, Mohit Saxena, Amit Gupta, Piyush Shah, Manish Dugar",Seed Funding,"4,00,000",,2015-06-29,400000.0,Zimmber,zimmber,0.0,0.0,0,-1.0,1,0.0,2,1,Seed/Angel,Other,Mumbai,0.0,0.0,0.0,0.0,0.0,5.0,0.0,0.0,1.0,0
2652,29/07/2015,Zimmber,Hyperlocal Handyman Services,,Mumbai,"IDG Ventures India, Omidyar Network, Sherpalo Ventures,\\xc2\\xa0 Mohandas Pai",Private Equity,"20,00,000",Series A,2015-07-29,2000000.0,Zimmber,zimmber,400000.0,400000.0,1,30.0,0,30.0,2,1,Private Equity,Other,Mumbai,0.0010012515644555694,0.007109553316259028,0.013758018688313459,0.0003983214631420374,0.0003983214631420374,4.0,0.0,1.0,1.0,0
783,29/06/2017,ZingHR,Technology,"digital employee solutions,",Mumbai,Zeta,Private Equity,,,2017-06-29,,ZingHR,zinghr,0.0,0.0,0,-1.0,1,0.0,1,0,Private Equity,Technology & SaaS,Mumbai,0.0,0.0,0.0,0.0,0.0,1.0,0.0,0.0,1.0,0
2741,25/06/2015,Zinka,Freight logistics platform,,Bangalore,"Accel Partners, Flipkart",Private Equity,"60,00,000",Series A,2015-06-25,6000000.0,Zinka,zinka,0.0,0.0,0,-1.0,1,0.0,1,0,Private Equity,Logistics & Mobility,Bengaluru,0.0025031289111389233,0.03180691231866443,0.01397423501569189,0.0009597977221441899,0.0005465480915335533,2.0,1.0,1.0,1.0,0
917,26/04/2017,ZipGo,Consumer Internet,Bus Pooling services platform,Bangalore,"Orios Ventures Partners, Team Builder Ventures, Omidyar Networks",Private Equity,,,2017-04-26,,ZipGo,zipgo,0.0,0.0,0,-1.0,1,0.0,1,0,Private Equity,Consumer Internet & Media,Bengaluru,0.0010012515644555694,0.007109553316259028,0.013758018688313459,0.0003983214631420374,0.0003083409436142022,3.0,0.0,1.0,1.0,0
1431,08/08/2016,Zipgrid,Consumer Internet,Community services platform,Mumbai,1Crowd (through crowd funding),Seed Funding,"2,00,000",,2016-08-08,200000.0,Zipgrid,zipgrid,0.0,0.0,0,-1.0,1,0.0,2,1,Seed/Angel,Consumer Internet & Media,Mumbai,0.0005006257822277847,0.0009472281012256808,0.0027722702807833925,0.00023462760148550098,0.00023462760148550098,1.0,0.0,1.0,1.0,0
836,22/05/2017,ZipGrid,Consumer Internet,"Cashless, paperless solutions for Housing societies",Mumbai,"JLL, 1Crowd",Seed Funding,"5,00,000",,2017-05-22,500000.0,ZipGrid,zipgrid,200000.0,200000.0,1,287.0,0,287.0,2,1,Seed/Angel,Consumer Internet & Media,Mumbai,0.0005006257822277847,0.0009472281012256808,0.0027722702807833925,0.00023462760148550098,0.00023462760148550098,2.0,0.0,1.0,1.0,0
1454,17/08/2016,ZiPi,Technology,Mobile Chatbot App,Bangalore,Swan Angel Network,Seed Funding,,,2016-08-17,,ZiPi,zipi,0.0,0.0,0,-1.0,1,0.0,1,0,Seed/Angel,Technology & SaaS,Bengaluru,0.0,0.0,0.0,0.0,0.0,1.0,0.0,0.0,1.0,0
1290,12/10/2016,ZipLoan,Consumer Internet,online lending platform,New Delhi,"GrowX Ventures, Sunil Kalra, Arun Venkatachalam,\\xc2\\xa0 Badal Malick",Seed Funding,,,2016-10-12,,ZipLoan,ziploan,0.0,0.0,0,-1.0,1,0.0,3,1,Seed/Angel,Consumer Internet & Media,Delhi-NCR,0.00025031289111389235,0.0,9.55861469935405e-07,0.00014934135773833068,0.00014934135773833068,4.0,0.0,1.0,1.0,0
732,07/06/2017,ZipLoan,Consumer Internet,Online lending platform,New Delhi,WaterBridge Ventures,Seed Funding,"6,50,000",,2017-06-07,650000.0,ZipLoan,ziploan,0.0,0.0,1,238.0,0,238.0,3,1,Seed/Angel,Consumer Internet & Media,Delhi-NCR,0.000750938673341677,0.0038751109825472126,0.0016567159888903201,0.0003034714183840077,0.0003034714183840077,1.0,0.0,1.0,1.0,0
562,24/10/2017,ZipLoan,Consumer Internet,SME lending platform,New Delhi,"Matrix Partners India, WaterBridge Ventures, Whiteboard Capital, Sarbvir Singh",Private Equity,"30,00,000",,2017-10-24,3000000.0,ZipLoan,ziploan,650000.0,650000.0,2,139.0,0,377.0,3,1,Private Equity,Consumer Internet & Media,Delhi-NCR,0.0010012515644555694,0.0038751109825472126,0.004876466166008099,0.0004078831220185517,0.00028040704536050614,4.0,1.0,1.0,1.0,0
195,09/07/2018,zippserv,Consumer Internet,Online Platform For Risk-Assessment Services For Real Estate Investments,Bengaluru,Info Edge (India) Ltd,Seed/ Angel Funding,"4,40,000",,2018-07-09,440000.0,zippserv,zippserv,0.0,0.0,0,-1.0,1,0.0,1,0,Seed/Angel,Consumer Internet & Media,Bengaluru,0.000750938673341677,0.002301083933076535,0.00011362542004131888,0.00033460530249453915,0.00033460530249453915,1.0,0.0,1.0,1.0,0
791,02/05/2017,ZippServe,Consumer Internet,Real estate risk assessment platform,Bangalore,undisclosed investors,Seed Funding,"3,90,000",,2017-05-02,390000.0,ZippServe,zippserve,0.0,0.0,0,-1.0,1,0.0,1,0,Seed/Angel,Consumer Internet & Media,Bengaluru,0.0,0.0,0.0,0.0,0.0,1.0,0.0,0.0,1.0,0
2388,02/09/2015,Zivame,Online Lingerie Marketplace,,Bangalore,"Zodius Technology Fund, Khazanah Nasional Berhad",Private Equity,"4,00,00,000",Series C,2015-09-02,40000000.0,Zivame,zivame,0.0,0.0,0,-1.0,1,0.0,1,0,Private Equity,E-Commerce,Bengaluru,0.0,0.0,0.0,0.0,0.0,2.0,0.0,0.0,1.0,0
2626,20/07/2015,Zo Rooms,Online budget hotel chain,,New Delhi,"Tiger Global, Orios Venture Partners.",Private Equity,"1,50,00,000",No confirmation,2015-07-20,15000000.0,Zo Rooms,zo rooms,0.0,0.0,0,-1.0,1,0.0,2,1,Private Equity,Technology & SaaS,Delhi-NCR,0.005006257822277847,0.07287536754319783,0.18527724887454788,0.0017164247516392465,0.0009777721236705844,2.0,1.0,1.0,1.0,0
2483,05/08/2015,Zo Rooms,Online budget hotel chain,,New Delhi,"Tiger Global Management, Orios Venture Partners",Private Equity,"3,00,00,000",Series A,2015-08-05,30000000.0,Zo Rooms,zo rooms,15000000.0,15000000.0,1,16.0,0,16.0,2,1,Private Equity,Technology & SaaS,Delhi-NCR,0.005006257822277847,0.07287536754319783,0.18527724887454788,0.0017164247516392465,0.0009777721236705844,2.0,1.0,1.0,1.0,0
2486,05/08/2015,Zocalo,Rental Accomodation finder,,New Delhi,"Sachin Bhatia, Rajesh Sawhney",Seed Funding,,,2015-08-05,,Zocalo,zocalo,0.0,0.0,0,-1.0,1,0.0,1,0,Seed/Angel,Other,Delhi-NCR,0.0,0.0,0.0,0.0,0.0,2.0,0.0,0.0,1.0,0
2651,28/07/2015,Zoctr,Health-Tech platform,,Mumbai,"Sandeep Parwal, Krishan Gupta & Others",Seed Funding,"10,00,000",,2015-07-28,1000000.0,Zoctr,zoctr,0.0,0.0,0,-1.0,1,0.0,4,1,Seed/Angel,Healthcare,Mumbai,0.0,0.0,0.0,0.0,0.0,2.0,0.0,0.0,1.0,0
2054,15/01/2016,Zoctr,Consumer Internet,healthcare aggregator platform,Mumbai,Times Group,Seed Funding,,,2016-01-15,,Zoctr,zoctr,1000000.0,1000000.0,1,171.0,0,171.0,4,1,Seed/Angel,Consumer Internet & Media,Mumbai,0.00025031289111389235,0.0,6.502511777487034e-05,0.0001357643242607024,0.0001357643242607024,1.0,0.0,1.0,1.0,0
641,03/08/2017,Zoctr,Consumer Internet,Health Products & Services Aggregator,Mumbai,SIDBI,Private Equity,,,2017-08-03,,Zoctr,zoctr,1000000.0,1000000.0,2,566.0,0,737.0,4,1,Private Equity,Consumer Internet & Media,Mumbai,0.0,0.0,0.0,0.0,0.0,1.0,0.0,0.0,1.0,0
230,05/06/2018,Zoctr,Healthcare,Online Healthcare Aggregator,Mumbai,NB Ventures and Others,Seed/ Angel Funding,,,2018-06-05,,Zoctr,zoctr,1000000.0,1000000.0,3,306.0,0,1043.0,4,1,Seed/Angel,Healthcare,Mumbai,0.000750938673341677,0.006087087850197013,0.0008207148839012599,0.0003192251824759247,0.0003192251824759247,1.0,0.0,1.0,1.0,0
1489,29/08/2016,Zolo,Consumer Internet,on-demand online talent marketplace,Noida,Hitouch AG,Private Equity,,,2016-08-29,,Zolo,zolo,0.0,0.0,0,-1.0,1,0.0,1,0,Private Equity,Consumer Internet & Media,Delhi-NCR,0.0,0.0,0.0,0.0,0.0,1.0,0.0,0.0,1.0,0
1069,16/01/2017,ZoloStays,Consumer Internet,Branded PG Accomodation booking platform,Bangalore,"Nexus Venture Partners, Innoven Capital",Private Equity,"50,00,000",,2017-01-16,5000000.0,ZoloStays,zolostays,0.0,0.0,0,-1.0,1,0.0,1,0,Private Equity,Consumer Internet & Media,Bengaluru,0.001501877346683354,0.014143283023837369,0.031913120524109655,0.0005258266880856241,0.00032297928816822847,2.0,1.0,1.0,1.0,0
2829,11/04/2015,Zomato,Restaurant Reviews,,Gurgaon,Info Edge (India),Private Equity,"2,50,00,000",Late Stage,2015-04-11,25000000.0,Zomato,zomato,0.0,0.0,0,-1.0,1,0.0,4,1,Private Equity,Food & Beverage,Delhi-NCR,0.000750938673341677,0.002301083933076535,0.00011362542004131888,0.00033460530249453915,0.00033460530249453915,1.0,0.0,1.0,1.0,0
2399,07/09/2015,Zomato,Restaurant Ratings & Reviews platform,,Gurgaon,"Temasek, Vy Capital",Private Equity,"6,00,00,000",Late Stage,2015-09-07,60000000.0,Zomato,zomato,25000000.0,25000000.0,1,149.0,0,149.0,4,1,Private Equity,Food & Beverage,Delhi-NCR,0.0010012515644555694,0.005143101508529839,0.0051028062146093655,0.00038866051258071115,0.00031133117276960795,2.0,1.0,1.0,1.0,0
352,01/02/2018,Zomato,Food and Beverages,Food Ordering and Restaurant Discovery,Gurugram,Ant Financials,Private Equity,"20,00,00,000",,2018-02-01,200000000.0,Zomato,zomato,85000000.0,60000000.0,2,878.0,0,1027.0,4,1,Private Equity,Food & Beverage,Delhi-NCR,0.0,0.0,0.0,0.0,0.0,1.0,0.0,0.0,1.0,0
7,10/01/2020,Zomato,Hospitality,Online Food Delivery Platform,Gurgaon,Ant Financial,Private Equity Round,"15,00,00,000",,2020-01-10,150000000.0,Zomato,zomato,285000000.0,200000000.0,3,708.0,0,1735.0,4,1,Private Equity,Other,Delhi-NCR,0.0,0.0,0.0,0.0,0.0,1.0,0.0,0.0,1.0,0
2538,18/08/2015,Zoojoo.be,Corporate Wellness App,,Bangalore,RoundGlass Partners,Private Equity,"10,00,000",Series A,2015-08-18,1000000.0,Zoojoo.be,zoojoo.be,0.0,0.0,0,-1.0,1,0.0,1,0,Private Equity,Other,Bengaluru,0.0,0.0,0.0,0.0,0.0,1.0,0.0,0.0,1.0,0
2808,28/05/2015,Zoomcar,Self-driven Car rental,,Bangalore,Sequoia Capital,Private Equity,"50,00,000",Series B Interim Funding,2015-05-28,5000000.0,Zoomcar,zoomcar,0.0,0.0,0,-1.0,1,0.0,4,1,Private Equity,Other,Bengaluru,0.004005006257822278,0.059859204892582674,0.09566198113272546,0.001413958516141685,0.001413958516141685,1.0,1.0,1.0,1.0,1
2602,08/07/2015,Zoomcar,Self-driven vehicle rental,,Bangalore,"Sequoia Capital, Empire Angels, NGP",Private Equity,"1,10,00,000",Series B,2015-07-08,11000000.0,Zoomcar,zoomcar,5000000.0,5000000.0,1,41.0,0,41.0,4,1,Private Equity,Other,Bengaluru,0.004005006257822278,0.059859204892582674,0.09566198113272546,0.001413958516141685,0.0007891586913167887,3.0,1.0,1.0,1.0,1
1482,25/08/2016,ZoomCar,Consumer Internet,Self-driven car booking platform,Bangalore,Ford Smart Mobility Llc,Private Equity,"2,40,00,000",,2016-08-25,24000000.0,ZoomCar,zoomcar,16000000.0,11000000.0,2,414.0,0,455.0,4,1,Private Equity,Consumer Internet & Media,Bengaluru,0.0,0.0,0.0,0.0,0.0,1.0,0.0,0.0,1.0,1
1164,20/12/2016,Zoomcar,Consumer Internet,Self-Driven Cab booking platform,Bangalore,Cyber Carrier CL,Private Equity,,,2016-12-20,,Zoomcar,zoomcar,40000000.0,24000000.0,3,117.0,0,572.0,4,1,Private Equity,Consumer Internet & Media,Bengaluru,0.0,0.0,0.0,0.0,0.0,1.0,0.0,0.0,1.0,1
2374,29/10/2015,ZopHop,Public Commute helper App,,Mumbai,"Amit Singhal, PK Gulati & others",Seed Funding,"4,50,000",,2015-10-29,450000.0,ZopHop,zophop,0.0,0.0,0,-1.0,1,0.0,1,0,Seed/Angel,Other,Mumbai,0.0005006257822277847,0.001577460057420298,0.00017312623893460676,0.00023471987501689622,0.00023471987501689622,2.0,0.0,1.0,1.0,0
2830,13/04/2015,ZopNow,Online Grocer,,Bangalore,"Dragoneer Investment, Accel Partners, Qualcomm Ventures, Times Internet",Private Equity,"1,00,00,000",Series B,2015-04-13,10000000.0,ZopNow,zopnow,0.0,0.0,0,-1.0,1,0.0,1,0,Private Equity,Other,Bengaluru,0.0025031289111389233,0.03180691231866443,0.02657466515047878,0.0009597977221441899,0.00045807615709396384,4.0,1.0,1.0,1.0,0
2689,04/06/2015,Zopper,Hyperlocal Shopping App,,Mumbai,"Tiger Global,\\xc2\\xa0 Nirvana Ventures Advisors",Private Equity,"2,00,00,000",Series C,2015-06-04,20000000.0,Zopper,zopper,0.0,0.0,0,-1.0,1,0.0,1,0,Private Equity,Other,Mumbai,0.005006257822277847,0.07287536754319783,0.18527724887454788,0.0017164247516392465,0.0017164247516392465,2.0,1.0,1.0,1.0,0
2654,29/07/2015,Zovi.com / Little App,Hyperlocal Deals Marketplace,,Bangalore,"Paytm, SAIF Partners,\\xc2\\xa0 Tiger Global Management & others",Private Equity,"5,00,00,000",Series A,2015-07-29,50000000.0,Zovi.com / Little App,zovi / little app,0.0,0.0,0,-1.0,1,0.0,1,0,Private Equity,E-Commerce,Bengaluru,0.005006257822277847,0.07287536754319783,0.18527724887454788,0.0017164247516392465,0.000733895441721763,3.0,1.0,1.0,1.0,0
2313,08/10/2015,ZuperMeal,Home Cooked Food marketplace & Delivery,,Mumbai,"Sanjeev Kapoor,\\xc2\\xa0 Ravi Saxena & Others",Private Equity,"20,00,000",Series A,2015-10-08,2000000.0,ZuperMeal,zupermeal,0.0,0.0,0,-1.0,1,0.0,1,0,Private Equity,E-Commerce,Mumbai,0.0,0.0,0.0,0.0,0.0,2.0,0.0,0.0,1.0,0
1549,18/07/2016,Zuppler,Consumer Internet,Online Food Ordering platform,New Delhi,SRI Capital,Seed Funding,"6,50,000",,2016-07-18,650000.0,Zuppler,zuppler,0.0,0.0,0,-1.0,1,0.0,1,0,Seed/Angel,Consumer Internet & Media,Delhi-NCR,0.00025031289111389235,0.0,8.488504438854556e-06,0.00014262609723412833,0.00014262609723412833,1.0,0.0,1.0,1.0,0
1670,03/05/2016,Zuver,Consumer Internet,Car driver Discovery App,Mumbai,"Shruth & Smith Group, Hermes Group",Seed Funding,"1,80,000",,2016-05-03,180000.0,Zuver,zuver,0.0,0.0,0,-1.0,1,0.0,1,0,Seed/Angel,Consumer Internet & Media,Mumbai,0.0,0.0,0.0,0.0,0.0,2.0,0.0,0.0,1.0,0
1668,03/05/2016,Zwayam,Consumer Internet,Online Recruitment Platform,Bangalore,Undisclosed investors,Seed Funding,"2,50,000",,2016-05-03,250000.0,Zwayam,zwayam,0.0,0.0,0,-1.0,1,0.0,1,0,Seed/Angel,Consumer Internet & Media,Bengaluru,0.0,0.0,0.0,0.0,0.0,1.0,0.0,0.0,1.0,0
1462,22/08/2016,Zzungry,Consumer Internet,Food Delivery platform,Bangalore,"Satish Vasudeva, Madhusudhan Jujare & Others",Seed Funding,,,2016-08-22,,Zzungry,zzungry,0.0,0.0,0,-1.0,1,0.0,1,0,Seed/Angel,Consumer Internet & Media,Bengaluru,0.0,0.0,0.0,0.0,0.0,2.0,0.0,0.0,1.0,0
