investor_name,investor_norm,degree_centrality,betweenness_centrality,eigenvector_centrality,pagerank
Disrupt ADQ,disrupt adq,0.0002503128911138,0.0,1.353352185599358e-06,0.0001548153794076
QIC,qic,0.0002503128911138,0.0,1.353352185599358e-06,0.0001548153794076
Tiger Global,tiger global,0.0050062578222778,0.0728753675431978,0.1852772488745478,0.0017164247516392
Valar Ventures,valar ventures,0.0005006257822277,0.0012624694237852,2.8760683973486544e-05,0.0002443399993452
IA Ventures,ia ventures,0.0002503128911138,0.0,3.9377968408257e-06,0.0001475271348715
Sequoia Capital India,sequoia capital india,0.0040050062578222,0.0598592048925826,0.0956619811327254,0.0014139585161416
Zomato,zomato,0.0002503128911138,0.0,3.419945129832924e-07,0.0001553364619726
Lightspeed,lightspeed,0.0007509386733416,0.0021405162953688,0.0010745970944144,0.0003368274814566
Times Group,times group,0.0002503128911138,0.0,6.502511777487034e-05,0.0001357643242607
Tanglin Venture Partners,tanglin venture partners,0.0005006257822277,0.0007744226356899,0.000451893430965,0.000231479556408
Venture Catalysts,venture catalysts,0.0065081351689612,0.0401727842445808,0.3549868377243959,0.0024836634434645
Binny Bansal,binny bansal,0.0012515644555694,0.0106879315778802,0.0121391445511046,0.0004861118041767
Deep Kalra,deep kalra,0.0005006257822277,0.0012624694237852,0.001139165915146,0.0002359778379338
Dr Ashish Gupta,dr ashish gupta,0.0002503128911138,0.0,0.001095217975123,0.0001274992600618
Gokul Rajaram,gokul rajaram,0.0012515644555694,0.0043158995661143,0.0160251146639883,0.0005081592147271
Shirish Nadkarni,shirish nadkarni,0.0002503128911138,0.0,0.001095217975123,0.0001274992600618
Tuscan Ventures,tuscan ventures,0.0002503128911138,0.0,7.123510687275323e-07,0.000151456723768
Ohm Stock Brokers,ohm stock brokers,0.0002503128911138,0.0,7.123510687275323e-07,0.000151456723768
Artha Venture Fund,artha venture fund,0.0005006257822277,1.2534446225032166e-06,9.2926202408571e-07,0.0002757532063076
Signal Peak Ventures,signal peak ventures,0.0002503128911138,0.0,3.63414446275521e-08,0.0001739023535761
Evolvence,evolvence,0.0002503128911138,0.0,1.54413417595609e-07,0.0001643588664918
Hero Enterprise,hero enterprise,0.0002503128911138,0.0,1.54413417595609e-07,0.0001643588664918
BlueOrchard Impact Investment Managers,blueorchard impact investment managers,0.0002503128911138,0.0,5.4365745805723235e-09,0.0001929893277446
Steadview Capital,steadview capital,0.0010012515644555,0.0059098238559776,0.0264466060725928,0.0003820294685596
MassMutual Ventures,massmutual ventures,0.0005006257822277,7.520667735019299e-07,1.4336985669272514e-07,0.0002873174516206
YourNest VC,yournest vc,0.0002503128911138,0.0,3.63414446275521e-08,0.0001739023535761
Accel India,accel india,0.0007509386733416,0.0019139299017369,0.0054572979602751,0.0002854139741392
Vijay Shekhar Sharma,vijay shekhar sharma,0.0007509386733416,0.0047190936592623,0.0014597492225774,0.0003333108063015
Ankiti Bose,ankiti bose,0.0002503128911138,0.0,7.697313954227605e-05,0.0001341521986341
TVS Motor,tvs motor,0.0002503128911138,0.0,2.634547687383581e-07,0.000154749543887
Zoho,zoho,0.0005006257822277,1.0027556980025733e-06,3.733323761650289e-07,0.0002803245454531
IIFL Asset Management,iifl asset management,0.0007509386733416,0.0022079427025394,0.000153002092842,0.0003545424417987
Inflection Point Ventures,inflection point ventures,0.006758448060075,0.0300442066557037,0.200973201986905,0.002769444289692
Oasis Capital,oasis capital,0.0002503128911138,0.0,0.0002373108536386,0.0001381633548274
Scorpio VC,scorpio vc,0.0002503128911138,0.0,0.0002373108536386,0.0001381633548274
DeltaHub Capital,deltahub capital,0.0002503128911138,0.0,0.0002373108536386,0.0001381633548274
Titan Capital,titan capital,0.0062578222778473,0.0648110043602228,0.3228239478955741,0.0022285678000021
Haresh Chawla,haresh chawla,0.0002503128911138,0.0,0.011649480019013,0.0001272662398556
AngelList Syndicate,angellist syndicate,0.0002503128911138,0.0,0.011649480019013,0.0001272662398556
9Unicorns,9unicorns,0.0047559449311639,0.044328721358762,0.1936239602098259,0.0018151027854159
Anicut Angel Fund,anicut angel fund,0.0020025031289111,0.0097289864709454,0.0005607287481326,0.0008409417564939
Founders Room Capital,founders room capital,0.0002503128911138,0.0,5.4365745805723235e-09,0.0001929893277446
ZNL,znl,0.0002503128911138,0.0,0.0064885628189328,0.0001374225549603
WEH Ventures,weh ventures,0.0005006257822277,0.0009472281012256,0.0131850191683076,0.0002359441571244
Morgan Stanley Private Equity Asia,morgan stanley private equity asia,0.0005006257822277,1.7548224715045032e-06,3.861719993442213e-07,0.0002708311866972
$22,$22,0.0002503128911138,0.0,2.7917103107848974e-07,0.000147954486709
000,000,0.0005006257822277,2.506889245006433e-06,6.443612844036487e-07,0.0002614288270723
$5,$5,0.0002503128911138,0.0,3.651902581079751e-07,0.0001510118779008
Deepinder Goyal,deepinder goyal,0.0002503128911138,0.0,0.012286592739117,0.0001231836252533
Guild Capital,guild capital,0.0002503128911138,0.0,1.54413417595609e-07,0.0001643588664918
RPSG Capital Ventures,rpsg capital ventures,0.0002503128911138,0.0,1.54413417595609e-07,0.0001643588664918
General Catalyst,general catalyst,0.0012515644555694,0.0132819807117699,0.0136699060138167,0.0004576813841907
Eight Roads Ventures,eight roads ventures,0.0012515644555694,0.0063165368411848,0.0045378666064285,0.0004983133807781
Elevation Capital,elevation capital,0.0042553191489361,0.0207599548351408,0.0556832593414883,0.0015396130698235
NB Ventures,nb ventures,0.0007509386733416,0.006087087850197,0.0008207148839012,0.0003192251824759
Earlsfield Capital,earlsfield capital,0.0005006257822277,0.0080249338391769,0.0132549077830693,0.000211806107366
Varun Alagh,varun alagh,0.0007509386733416,0.0018049036073052,0.0003374819105125,0.0003377830117798
Sixth Sense Ventures,sixth sense ventures,0.0027534418022528,0.0282049961957518,0.0041782685465482,0.0010610833567829
SoftBank Vision Fund 2,softbank vision fund 2,0.0007509386733416,0.0017101211245292,0.0032531152155108,0.000310050025679
Tribe Capital,tribe capital,0.0012515644555694,0.0055632993416229,0.0091047768197657,0.0005326473941463
Prime Venture Partners,prime venture partners,0.0002503128911138,0.0,0.0003495453046448,0.0001407153428589
Jungle Ventures,jungle ventures,0.0015018773466833,0.0135891732157732,0.0102894747298858,0.0005614148492715
Marquee international institutional investors,marquee international institutional investors,0.0002503128911138,0.0,4.813281322757406e-05,0.0001544400520846
Alkeon Capital,alkeon capital,0.0005006257822277,1.1657034989279917e-05,2.3250621196978924e-06,0.000243368490025
Y Combinator,y combinator,0.0042553191489361,0.0370461652238213,0.1137077548087308,0.0015893753600148
Harvard Management,harvard management,0.0002503128911138,0.0,0.0041895421434059,0.0001363336997821
Goodwater Capital,goodwater capital,0.0005006257822277,1.880166933754825e-06,0.0092936974959562,0.0002196881213341
Shrishti Sahu,shrishti sahu,0.0002503128911138,0.0,5.005742896119195e-07,0.0001586327742413
Umang Vohra,umang vohra,0.0002503128911138,0.0,5.005742896119195e-07,0.0001586327742413
Astra Ventures,astra ventures,0.0002503128911138,0.0,3.63414446275521e-08,0.0001739023535761
Gaurav Jaitly,gaurav jaitly,0.0002503128911138,0.0,3.63414446275521e-08,0.0001739023535761
Capital A,capital a,0.0002503128911138,0.0,2.2213171803151287e-05,0.0001504559843154
Collective Artists Network,collective artists network,0.0002503128911138,0.0,2.2213171803151287e-05,0.0001504559843154
Aditya Singhal,aditya singhal,0.0002503128911138,0.0,5.4365745805723235e-09,0.0001929893277446
Nishant Sinha,nishant sinha,0.0002503128911138,0.0,5.4365745805723235e-09,0.0001929893277446
Pentathlon Ventures,pentathlon ventures,0.0005006257822277,0.0012624694237852,0.0091343893906683,0.0002368975397557
Alpha Wave Ventures II,alpha wave ventures ii,0.0002503128911138,0.0,0.0024016450330962,0.0001259460637942
Tiger Global Management,tiger global management,0.0012515644555694,0.0073619493528127,0.0342318948475685,0.0004406820061158
SoftBank Vision Fund II,softbank vision fund ii,0.0002503128911138,0.0,0.0024016450330962,0.0001259460637942
KRAFTON,krafton,0.0002503128911138,0.0,1.54413417595609e-07,0.0001643588664918
Chiratae Ventures,chiratae ventures,0.0030037546933667,0.026585711828703,0.0127182070812385,0.0011341156039455
Lenskart Vision Fund,lenskart vision fund,0.0002503128911138,0.0,0.0006636869882573,0.0001365616912867
Recur Club,recur club,0.0002503128911138,0.0,5.4365745805723235e-09,0.0001929893277446
DevX Venture Fund,devx venture fund,0.0005006257822277,1.2534446225032166e-06,4.861119668957624e-07,0.0002743048906019
Blume Founder Fund,blume founder fund,0.0002503128911138,0.0,3.523561016877167e-07,0.0001504746332006
Ajith Daneil,ajith daneil,0.0002503128911138,0.0,5.4365745805723235e-09,0.0001929893277446
Aurum Proptech,aurum proptech,0.0002503128911138,0.0,3.63414446275521e-08,0.0001739023535761
Y-Combinator,y-combinator,0.0007509386733416,0.0023598118918505,0.0056190554570334,0.0003166236041017
Invus,invus,0.0002503128911138,0.0,0.0013219829238509,0.0001276680255502
Prosus Ventures,prosus ventures,0.0007509386733416,0.0117291292721402,0.0141799431948012,0.0002651066253829
Shuru Up,shuru up,0.0002503128911138,0.0,1.54413417595609e-07,0.0001643588664918
Ankit Kedia,ankit kedia,0.0002503128911138,0.0,1.54413417595609e-07,0.0001643588664918
Arun Gupta,arun gupta,0.0002503128911138,0.0,1.54413417595609e-07,0.0001643588664918
Ankit Mehrotra,ankit mehrotra,0.0002503128911138,0.0,1.54413417595609e-07,0.0001643588664918
Saurabh Aggarwal,saurabh aggarwal,0.0002503128911138,0.0,1.54413417595609e-07,0.0001643588664918
Sauce.vc,sauce.vc,0.0002503128911138,0.0,3.63414446275521e-08,0.0001739023535761
3one4 Capital,3one4 capital,0.0015018773466833,0.0237850974328731,0.0084212203289075,0.0005483948331491
A91 Partners,a91 partners,0.0007509386733416,0.00123918022782,0.0043485199950764,0.0003289494890954
YCombinator,ycombinator,0.0005006257822277,1.7548224715045032e-06,1.221302197885071e-06,0.0002681416426621
Justin Mateen,justin mateen,0.0005006257822277,1.7548224715045032e-06,1.221302197885071e-06,0.0002681416426621
Pioneer Fund,pioneer fund,0.0002503128911138,0.0,9.529964291037873e-07,0.0001460227259833
Sojitz Corporation,sojitz corporation,0.0002503128911138,0.0,7.147731208646136e-05,0.0001415193681654
Stride Ventures,stride ventures,0.0007509386733416,0.0027161380618893,0.0017153871675167,0.0003199613433817
IIFL Wealth,iifl wealth,0.0005006257822277,0.0016508758574782,0.0143508964278419,0.0002023159390938
TPG Growth,tpg growth,0.0005006257822277,0.0015774600574202,0.0007500960949444,0.0002312924162741
Norwest Venture Partners,norwest venture partners,0.0010012515644555,0.0019344325116446,0.0048103992544065,0.0003916403585052
Nabventures,nabventures,0.0005006257822277,0.0006317360897416,0.0001710730027699,0.0002514861544732
Avaana Capital,avaana capital,0.0007509386733416,0.0040828174518506,0.0034561220700324,0.0003102511127339
Fluid Ventures,fluid ventures,0.0002503128911138,0.0,1.187684881801248e-05,0.0001451250039911
Mulberry Silks,mulberry silks,0.0002503128911138,0.0,1.187684881801248e-05,0.0001451250039911
Rajesh Rajendran,rajesh rajendran,0.0002503128911138,0.0,3.63414446275521e-08,0.0001739023535761
Mike Novogratz,mike novogratz,0.0002503128911138,0.0,3.63414446275521e-08,0.0001739023535761
Neeraj Arora,neeraj arora,0.0002503128911138,0.0,3.63414446275521e-08,0.0001739023535761
Reliance Digital Health,reliance digital health,0.0002503128911138,0.0,3.63414446275521e-08,0.0001739023535761
Ritu Marya Family Office.,ritu marya family office.,0.0002503128911138,0.0,2.8088635511255514e-06,0.0001399222534284
Ten Innovate,ten innovate,0.0002503128911138,0.0,5.4365745805723235e-09,0.0001929893277446
Jitendra Gupta,jitendra gupta,0.0015018773466833,0.007752428297823,0.0333253388500097,0.0005184611877695
Sequoia Capital,sequoia capital,0.002252816020025,0.0122611057277368,0.0265540205326772,0.0008858880024062
Shark Tank India,shark tank india,0.0002503128911138,0.0,5.4365745805723235e-09,0.0001929893277446
Premji Invest,premji invest,0.0005006257822277,0.0028349157027155,0.0012970569261022,0.0002285816650366
Sequoia,sequoia,0.0007509386733416,0.0036940218595162,0.0073627324651283,0.0003316420947753
Apis Insurtech Fund I,apis insurtech fund i,0.0002503128911138,0.0,3.63414446275521e-08,0.0001739023535761
SK Tripathi,sk tripathi,0.0002503128911138,0.0,3.63414446275521e-08,0.0001739023535761
Sanjeev Gupta,sanjeev gupta,0.0002503128911138,0.0,3.63414446275521e-08,0.0001739023535761
Hardcastle Petrofer,hardcastle petrofer,0.0002503128911138,0.0,5.4365745805723235e-09,0.0001929893277446
Ocean View Investment,ocean view investment,0.0002503128911138,0.0,5.005742896119195e-07,0.0001586327742413
QED Fund,qed fund,0.0002503128911138,0.0,5.005742896119195e-07,0.0001586327742413
Glade Brook Capital,glade brook capital,0.0002503128911138,0.0,0.0046436331141893,0.0001201318882508
Nexus,nexus,0.0002503128911138,0.0,0.0046436331141893,0.0001201318882508
Capital Group,capital group,0.0002503128911138,0.0,0.0012679923829752,0.0001360523145527
Falcon Edge,falcon edge,0.0015018773466833,0.006139893935334,0.0349409343597681,0.0005554571776907
Dinesh Agarwal,dinesh agarwal,0.0002503128911138,0.0,1.54413417595609e-07,0.0001643588664918
Amarjit Batra,amarjit batra,0.0002503128911138,0.0,1.54413417595609e-07,0.0001643588664918
Arcilla,arcilla,0.0002503128911138,0.0,3.63414446275521e-08,0.0001739023535761
Samir Khosla,samir khosla,0.0002503128911138,0.0,3.63414446275521e-08,0.0001739023535761
SUNiCON Ventures,sunicon ventures,0.0002503128911138,0.0,5.005742896119195e-07,0.0001586327742413
Shubhkam Ventures,shubhkam ventures,0.0002503128911138,0.0,5.005742896119195e-07,0.0001586327742413
Jito Angel network,jito angel network,0.0002503128911138,0.0,5.005742896119195e-07,0.0001586327742413
FAAD Network,faad network,0.0002503128911138,0.0,5.005742896119195e-07,0.0001586327742413
Baring PE India,baring pe india,0.0002503128911138,0.0,1.54413417595609e-07,0.0001643588664918
Manuvel Malabar Jewellers,manuvel malabar jewellers,0.0002503128911138,0.0,1.2124485833050627e-06,0.0001448908342302
Jetty Ventures,jetty ventures,0.0005006257822277,0.0028349157027155,0.0131900191842069,0.0002214425942056
SMC Advisors,smc advisors,0.0002503128911138,0.0,0.0127024885507769,0.0001214702718357
Snehal Fulzele,snehal fulzele,0.0002503128911138,0.0,0.0068204913265052,0.0001342017685973
SternAegis Ventures,sternaegis ventures,0.0002503128911138,0.0,5.4365745805723235e-09,0.0001929893277446
CDC Group,cdc group,0.0017521902377972,0.0148710127368454,0.0106836771515447,0.0007041925938744
Indian Angel Network,indian angel network,0.0020025031289111,0.010326968629188,0.0355581179146425,0.0008020854002554
Orios Ventures,orios ventures,0.0005006257822277,0.0008577158124664,0.0018448069416503,0.0002183604240863
Warburg Pincus,warburg pincus,0.0005006257822277,0.0039722126054587,0.0027018288942185,0.0001959551375289
Akash Prakash,akash prakash,0.0002503128911138,0.0,5.005742896119195e-07,0.0001586327742413
Madhu Jayakumar,madhu jayakumar,0.0002503128911138,0.0,5.005742896119195e-07,0.0001586327742413
Dipinder Sandhu,dipinder sandhu,0.0002503128911138,0.0,5.005742896119195e-07,0.0001586327742413
Shagun Khandelwal,shagun khandelwal,0.0002503128911138,0.0,5.005742896119195e-07,0.0001586327742413
OAKS Asset Management,oaks asset management,0.0002503128911138,0.0,5.4365745805723235e-09,0.0001929893277446
LetsVenture,letsventure,0.0032540675844806,0.049330999942834,0.0543929596651196,0.0012412418384374
Incofin,incofin,0.0002503128911138,0.0,3.4278545050524794e-05,0.0001451746495471
Orios,orios,0.0005006257822277,0.0015774600574202,0.0006611364960252,0.0002391194957019
BEENEXT,beenext,0.002252816020025,0.0266665346455108,0.0137735686490871,0.0008378082004402
SIG,sig,0.0002503128911138,0.0,3.63414446275521e-08,0.0001739023535761
Micelio Fund,micelio fund,0.0005006257822277,0.0040883603252187,0.0011869797455581,0.0002304928504223
March Capital,march capital,0.0005006257822277,0.0003953514659552,0.0011952661260028,0.000218295503728
Marshall Wace,marshall wace,0.0002503128911138,0.0,0.0008252818975211,0.0001234904267272
Ashish Jain,ashish jain,0.0002503128911138,0.0,0.0073351980031727,0.0001345372450159
Ajay Surana,ajay surana,0.0002503128911138,0.0,0.0073351980031727,0.0001345372450159
Appyhigh,appyhigh,0.0002503128911138,0.0,0.0005465406803581,0.000130790764583
Mumbai Angels,mumbai angels,0.0017521902377972,0.0109753120422053,0.0096130627732531,0.0007274642447918
Aroa Ventures,aroa ventures,0.0010012515644555,0.004664022674455,0.0014652538719234,0.0004314697597394
GVFL,gvfl,0.0005006257822277,0.0018922000021308,0.0002128155007433,0.0002351473058592
Investcorp,investcorp,0.0002503128911138,0.0,0.0005406707197536,0.0001387353333242
Omidyar Network,omidyar network,0.0010012515644555,0.007109553316259,0.0137580186883134,0.000398321463142
Nexus Venture Partners,nexus venture partners,0.002252816020025,0.0116309692278018,0.0215109265544407,0.0008355563079612
2000000,2000000,0.0002503128911138,0.0,5.4365745805723235e-09,0.0001929893277446
Riteesh Mohan Bakshi,riteesh mohan bakshi,0.0002503128911138,0.0,5.005742896119195e-07,0.0001586327742413
Raghav Mohan Bakshi,raghav mohan bakshi,0.0002503128911138,0.0,5.005742896119195e-07,0.0001586327742413
Achin Kochar,achin kochar,0.0002503128911138,0.0,5.005742896119195e-07,0.0001586327742413
Info Edge Ventures,info edge ventures,0.0010012515644555,0.0017935092775083,0.0009986373598387,0.0004433891403006
Omnivore,omnivore,0.0015018773466833,0.0123237672205192,0.0250368970716138,0.0005892053483365
Kalaari Capital,kalaari capital,0.0025031289111389,0.0133971546059618,0.0017630362707794,0.0010197165577911
Together Fund,together fund,0.0002503128911138,0.0,0.0009647169236421,0.0001382630554639
Alpha Wave Ventures,alpha wave ventures,0.0002503128911138,0.0,0.0005994328861065,0.0001260027324249
Falcon Edge Capital,falcon edge capital,0.0012515644555694,0.004625910132053,0.0144401150614184,0.0004782021670237
Vivek Vaidya,vivek vaidya,0.0002503128911138,0.0,3.2098515767934743e-06,0.0001520886688121
Kevin Donlon,kevin donlon,0.0002503128911138,0.0,3.2098515767934743e-06,0.0001520886688121
Ayush Singh,ayush singh,0.0002503128911138,0.0,3.2098515767934743e-06,0.0001520886688121
Kieretsu Forum,kieretsu forum,0.0002503128911138,0.0,1.353352185599358e-06,0.0001548153794076
Lets Venture,lets venture,0.0002503128911138,0.0,1.353352185599358e-06,0.0001548153794076
Shell,shell,0.0002503128911138,0.0,1.353352185599358e-06,0.0001548153794076
Godrej Family office,godrej family office,0.0002503128911138,0.0,0.0002449951642725,0.0001374918335965
Malpani Group,malpani group,0.0002503128911138,0.0,0.0002449951642725,0.0001374918335965
AME Cloud Ventures,ame cloud ventures,0.0002503128911138,0.0,0.0007632792500489,0.000130477139886
Better Capital,better capital,0.0040050062578222,0.0250489161922684,0.0814376032048899,0.0014916320595757
Vaibhav Domkundwar,vaibhav domkundwar,0.0005006257822277,0.0001672095126419,0.0233418193091464,0.000206958569789
The StarupLab,the staruplab,0.0002503128911138,0.0,3.63414446275521e-08,0.0001739023535761
AngelBay,angelbay,0.0002503128911138,0.0,3.63414446275521e-08,0.0001739023535761
Dallas Venture Capital,dallas venture capital,0.0002503128911138,0.0,1.54413417595609e-07,0.0001643588664918
Mars Growth Capital,mars growth capital,0.0002503128911138,0.0,1.54413417595609e-07,0.0001643588664918
Raj Nair,raj nair,0.0002503128911138,0.0,1.54413417595609e-07,0.0001643588664918
Gopinath Latpate,gopinath latpate,0.0002503128911138,0.0,1.54413417595609e-07,0.0001643588664918
Goat VC,goat vc,0.0002503128911138,0.0,0.0049185349671219,0.0001283805650909
JAM Fund,jam fund,0.0005006257822277,0.0012624694237852,0.0051118220464316,0.0002370721840748
Pankaj Chaddah,pankaj chaddah,0.0005006257822277,0.005001539538366,0.001199508789507,0.0002150061165047
General Atlantic,general atlantic,0.0007509386733416,0.0021879587457645,0.0196030992409758,0.0002948241962486
Moore Strategic Ventures,moore strategic ventures,0.0005006257822277,0.0019620342896068,0.0092245633057983,0.0002143712061786
Ascent Capital,ascent capital,0.0002503128911138,0.0,1.54413417595609e-07,0.0001643588664918
Arthmate,arthmate,0.0002503128911138,0.0,0.0001416835671414,0.0001386379523526
Shine Star,shine star,0.0002503128911138,0.0,0.0001416835671414,0.0001386379523526
E clear,e clear,0.0002503128911138,0.0,0.0001416835671414,0.0001386379523526
Hinduja,hinduja,0.0002503128911138,0.0,0.0001416835671414,0.0001386379523526
Family Office of Kantamaneni,family office of kantamaneni,0.0002503128911138,0.0,2.044766041109605e-07,0.0001562109729339
IIM Calcutta Innovation Park,iim calcutta innovation park,0.0005006257822277,1.50413354700386e-06,5.297620712439321e-07,0.0002717531204445
Saama Capital,saama capital,0.0012515644555694,0.002722547121846,0.0181163293096724,0.0004584976891476
DSG Consumer Partners,dsg consumer partners,0.0015018773466833,0.0057462515054791,0.0308559191220907,0.0005464575058024
Flourish Ventures,flourish ventures,0.0007509386733416,0.0047713169004207,0.0023596087597337,0.0002919686998365
Elevar Equity,elevar equity,0.0007509386733416,0.0018933281022911,0.0017200359104022,0.0003330140780723
Accel,accel,0.0025031289111389,0.0318069123186644,0.0139742350156918,0.0009597977221441
ah! Ventures,ah! ventures,0.0012515644555694,0.0034676545481551,0.0002493059605194,0.0005595823330734
Amit Lakhotia,amit lakhotia,0.0005006257822277,0.0004237931417336,0.0088703017946029,0.0002214073199338
Matrix Partners,matrix partners,0.0002503128911138,0.0,0.0011995984420673,0.0001298665956789
DST Global,dst global,0.0015018773466833,0.0052687986737037,0.0356933559362756,0.0005239691561104
D1 Capital,d1 capital,0.0002503128911138,0.0,0.0121468512614125,0.0001191076177022
Redbird Capital,redbird capital,0.0002503128911138,0.0,0.0121468512614125,0.0001191076177022
Abu Dhabi Growth Fund,abu dhabi growth fund,0.0002503128911138,0.0,0.0079978840761518,0.0001273411148441
Bain Capital,bain capital,0.0005006257822277,0.0009472281012256,0.0006153077088002,0.0002454422082028
Insight Partners,insight partners,0.0005006257822277,0.0006885691091603,0.0252453995067692,0.0001946612760858
WestBridge Capital,westbridge capital,0.0010012515644555,0.0028383000031962,4.485079522915166e-05,0.0004477570420599
Elevation,elevation,0.0002503128911138,0.0,0.000532302904373,0.0001355564476819
Equanimity Ventures,equanimity ventures,0.0005006257822277,0.0009472281012256,0.0072092865804564,0.0002460323086315
Nueva,nueva,0.0002503128911138,0.0,3.63414446275521e-08,0.0001739023535761
Apoorva Sharma,apoorva sharma,0.0002503128911138,0.0,4.633928121887624e-05,0.0001440708036354
The Chennai Angels,the chennai angels,0.0007509386733416,0.0022079427025394,0.0012113159830875,0.0003491956708925
Karthik Bhat,karthik bhat,0.0002503128911138,0.0,4.633928121887624e-05,0.0001440708036354
Kvanto Payment Services,kvanto payment services,0.0002503128911138,0.0,3.63414446275521e-08,0.0001739023535761
Siana Capital,siana capital,0.0005006257822277,0.0013660555370718,0.0006464904320737,0.0002194942214616
Inflexor Ventures,inflexor ventures,0.0007509386733416,0.0015782121241938,0.0001038283376552,0.000351727448061
Oxshott Capital Partners,oxshott capital partners,0.0002503128911138,0.0,0.0001150117901595,0.0001266233870186
XN Exponent,xn exponent,0.0002503128911138,0.0,0.0001150117901595,0.0001266233870186
Edelweiss,edelweiss,0.0002503128911138,0.0,0.0001150117901595,0.0001266233870186
Lightrock India,lightrock india,0.0010012515644555,0.0077576785191215,0.0026769520297956,0.0003773184405958
Filter Capital,filter capital,0.0002503128911138,0.0,0.0001611651846673,0.0001278300354767
EKKI,ekki,0.0002503128911138,0.0,5.4365745805723235e-09,0.0001929893277446
Stakeboat Capital,stakeboat capital,0.0002503128911138,0.0,4.548139507907572e-06,0.0001509465690653
Coinbase Ventures,coinbase ventures,0.0002503128911138,0.0,0.0082717589570042,0.0001348174015752
Andreessen Horowitz,andreessen horowitz,0.0002503128911138,0.0,0.0082717589570042,0.0001348174015752
Let’s Venture,let’s venture,0.0002503128911138,0.0,0.0031214861730555,0.0001297532930936
International Finance Corporation,international finance corporation,0.0002503128911138,0.0,5.4365745805723235e-09,0.0001929893277446
Alia Bhatt,alia bhatt,0.0002503128911138,0.0,4.55849055193709e-05,0.000127874808003
IAN Fund,ian fund,0.0017521902377972,0.0182400544715934,0.000442884777002,0.0007173079035258
Social Alpha,social alpha,0.0007509386733416,0.0117512107268847,0.0001060812040776,0.0003188907692564
Draper Richards Kaplan Foundation,draper richards kaplan foundation,0.0002503128911138,0.0,4.55849055193709e-05,0.000127874808003
ICONIQ Capital,iconiq capital,0.0002503128911138,0.0,0.0038130674476611,0.0001343007622576
Perceptive Advisors,perceptive advisors,0.0002503128911138,0.0,0.0038130674476611,0.0001343007622576
India Accelerator,india accelerator,0.0007509386733416,3.258956018508363e-06,1.289964618350162e-06,0.0003832518163259
Jaydeep Barman,jaydeep barman,0.0005006257822277,1.880166933754825e-06,1.1485037079620514e-06,0.0002679330600982
Qatar Investment Authority,qatar investment authority,0.0002503128911138,0.0,3.419945129832924e-07,0.0001553364619726
Netcore Cloud,netcore cloud,0.0002503128911138,0.0,1.353352185599358e-06,0.0001548153794076
Vallabh Bhansali,vallabh bhansali,0.0002503128911138,0.0,1.353352185599358e-06,0.0001548153794076
Jimmy Mahtani,jimmy mahtani,0.0002503128911138,0.0,1.353352185599358e-06,0.0001548153794076
Petronas Ventures,petronas ventures,0.0002503128911138,0.0,1.54413417595609e-07,0.0001643588664918
Solana,solana,0.0002503128911138,0.0,1.54413417595609e-07,0.0001643588664918
Softbank,softbank,0.0002503128911138,0.0,0.0013179319140914,0.0001328228846182
Enzia Ventures,enzia ventures,0.0010012515644555,0.0048766576842967,0.011957001197649,0.000388857487729
Auxano Capital,auxano capital,0.0005006257822277,0.0003865156289809,0.039322882150004,0.0002114511933107
Unicorn India Ventures,unicorn india ventures,0.0012515644555694,1.441461315878699e-05,1.374595770718361e-05,0.0005820103414609
Prashant Pansare,prashant pansare,0.0002503128911138,0.0,1.54413417595609e-07,0.0001643588664918
Supermorpheus,supermorpheus,0.0002503128911138,0.0,1.54413417595609e-07,0.0001643588664918
Docprime Technologies,docprime technologies,0.0002503128911138,0.0,2.180419169158815e-05,0.0001436163055583
LC Nueva AIF,lc nueva aif,0.0005006257822277,1.880166933754825e-06,1.1485037079620514e-06,0.0002679330600982
Sandeep Singhal,sandeep singhal,0.0002503128911138,0.0,0.0195941032590843,0.0001216980696954
TradeCred,tradecred,0.0007509386733416,0.0171049792856741,0.0054582921558592,0.0002982538671864
M2P Fintech,m2p fintech,0.0007509386733416,0.0013182596968828,0.037670443231289,0.0002981222329129
Temasek,temasek,0.0010012515644555,0.0051431015085298,0.0051028062146093,0.0003886605125807
Google,google,0.0005006257822277,0.0016491962331903,0.0002357910263278,0.0002290116221089
SBI Investment,sbi investment,0.0002503128911138,0.0,0.000210273472001,0.0001312053586155
Symphony International Holdings Limited,symphony international holdings limited,0.0002503128911138,0.0,0.0067146985785263,0.0001371243722429
Value Quest,value quest,0.0002503128911138,0.0,0.0067146985785263,0.0001371243722429
Republic Crypto,republic crypto,0.0002503128911138,0.0,7.65552666496509e-05,0.0001410404611554
Woodstock,woodstock,0.0002503128911138,0.0,7.65552666496509e-05,0.0001410404611554
DCG,dcg,0.0002503128911138,0.0,7.65552666496509e-05,0.0001410404611554
Sahil Lavingia,sahil lavingia,0.0002503128911138,0.0,7.65552666496509e-05,0.0001410404611554
Data Point Capital,data point capital,0.0002503128911138,0.0,0.0005334575406366,0.0001452366402505
Momentum 6,momentum 6,0.0002503128911138,0.0,1.353352185599358e-06,0.0001548153794076
Basics Capital,basics capital,0.0002503128911138,0.0,1.353352185599358e-06,0.0001548153794076
Krypital Capital,krypital capital,0.0002503128911138,0.0,1.353352185599358e-06,0.0001548153794076
Shima Capital,shima capital,0.0002503128911138,0.0,1.353352185599358e-06,0.0001548153794076
Magnus Capital,magnus capital,0.0002503128911138,0.0,1.353352185599358e-06,0.0001548153794076
Sabre Partners,sabre partners,0.0002503128911138,0.0,1.6918402629653406e-07,0.0001599474268034
Vertex Ventures,vertex ventures,0.0005006257822277,0.0017919265324928,0.0010915908748732,0.0002252863951394
CIIE.CO,ciie.co,0.0005006257822277,1.2534446225032166e-06,9.2926202408571e-07,0.0002757532063076
Base 10 Partners,base 10 partners,0.0002503128911138,0.0,0.0001897017424294,0.0001393527232579
enture Catalyst,enture catalyst,0.0002503128911138,0.0,1.54413417595609e-07,0.0001643588664918
IPV,ipv,0.0002503128911138,0.0,1.54413417595609e-07,0.0001643588664918
BAce Capital,bace capital,0.0005006257822277,0.0015774600574202,0.0005275846084061,0.0002395094100557
Heritas Capital,heritas capital,0.0002503128911138,0.0,2.477521065274463e-05,0.0001452702617656
3Lines Venture Capital,3lines venture capital,0.0002503128911138,0.0,2.477521065274463e-05,0.0001452702617656
Leo Capital,leo capital,0.0002503128911138,0.0,3.63414446275521e-08,0.0001739023535761
Mayfield Fund,mayfield fund,0.0002503128911138,0.0,3.63414446275521e-08,0.0001739023535761
Plutus Wealth,plutus wealth,0.0002503128911138,0.0,3.63414446275521e-08,0.0001739023535761
Anil Thadani,anil thadani,0.0002503128911138,0.0,5.005742896119195e-07,0.0001586327742413
Ashutosh Sinha,ashutosh sinha,0.0002503128911138,0.0,5.005742896119195e-07,0.0001586327742413
Roy van Leeuwen,roy van leeuwen,0.0002503128911138,0.0,5.005742896119195e-07,0.0001586327742413
Pi Ventures LLP,pi ventures llp,0.0002503128911138,0.0,1.54413417595609e-07,0.0001643588664918
Tanas Capital,tanas capital,0.0002503128911138,0.0,1.54413417595609e-07,0.0001643588664918
Prodapt Holdings,prodapt holdings,0.0002503128911138,0.0,1.54413417595609e-07,0.0001643588664918
Vitol,vitol,0.0002503128911138,0.0,5.4365745805723235e-09,0.0001929893277446
Ruchirans Jaipuria,ruchirans jaipuria,0.0005006257822277,5.013778490012866e-06,8.156065992668763e-07,0.0002527620453585
Rishi Kajaria,rishi kajaria,0.0002503128911138,0.0,3.445363358779193e-07,0.0001437344703467
Manish Choksi,manish choksi,0.0002503128911138,0.0,1.54413417595609e-07,0.0001643588664918
Varun Vakil,varun vakil,0.0002503128911138,0.0,1.54413417595609e-07,0.0001643588664918
Nadir B Godrej,nadir b godrej,0.0002503128911138,0.0,5.4365745805723235e-09,0.0001929893277446
Matrix Partners India,matrix partners india,0.0032540675844806,0.0315806630450789,0.0674105716965221,0.0011134437873068
Celesta Capital,celesta capital,0.0005006257822277,0.000426070522453,0.0016289557017425,0.0002107402063485
TransUnion,transunion,0.0002503128911138,0.0,0.0010861066146345,0.0001369270849449
Mumbai Angels Network,mumbai angels network,0.0017521902377972,0.0078543346935296,0.0001608372847885,0.0007657432193948
Blume,blume,0.0002503128911138,0.0,2.4573577241560827e-06,0.0001453188700352
Alpha Wave Incubation,alpha wave incubation,0.0010012515644555,8.899456819772838e-06,6.918117729057288e-06,0.0004800495925155
Habitat for Humanity International,habitat for humanity international,0.0002503128911138,0.0,1.54413417595609e-07,0.0001643588664918
Global Founders Capital,global founders capital,0.0010012515644555,0.0035367391888066,0.0131596046144103,0.0003741621854886
Amazon,amazon,0.0005006257822277,0.0006317360897416,0.0003516401116276,0.0002556191106767
Kora Capital,kora capital,0.0002503128911138,0.0,5.005742896119195e-07,0.0001586327742413
Stripe,stripe,0.0002503128911138,0.0,5.005742896119195e-07,0.0001586327742413
Alua Capital,alua capital,0.0002503128911138,0.0,5.005742896119195e-07,0.0001586327742413
Iconiq Growth,iconiq growth,0.0002503128911138,0.0,0.0020834776048935,0.000123518856384
Rukam Capital,rukam capital,0.0002503128911138,0.0,0.0011241784147788,0.0001305379522651
MAS Financial Services,mas financial services,0.0002503128911138,0.0,0.0136328072476575,0.0001148563500415
Rocketship.vc,rocketship.vc,0.0005006257822277,0.0034621393918161,0.0042993921351817,0.000219905834358
Vulcan Capital,vulcan capital,0.0005006257822277,0.0006317360897416,0.0002382861554821,0.0002564153726675
Vitruvian Partners,vitruvian partners,0.0002503128911138,0.0,0.007322781781683,0.000133584243597
Think Investments,think investments,0.0007509386733416,0.0053140839903602,0.008986297531924,0.0003085680116115
Venture Highway,venture highway,0.0015018773466833,0.0094899564164594,0.0010773928670292,0.0005817174715755
Alok Kohli,alok kohli,0.0002503128911138,0.0,3.63414446275521e-08,0.0001739023535761
Sanjeev Bhargava,sanjeev bhargava,0.0002503128911138,0.0,3.63414446275521e-08,0.0001739023535761
Gruhas Proptech,gruhas proptech,0.0005006257822277,0.0012624694237852,0.0124390065654372,0.0002423249945529
AngelList India,angellist india,0.0005006257822277,0.0027672982495733,0.010345208514447,0.0002195753834568
Founder's Room Circle,founder's room circle,0.0002503128911138,0.0,0.0098230788753421,0.0001252114637748
Dinesh Godara,dinesh godara,0.0002503128911138,0.0,5.005742896119195e-07,0.0001586327742413
Anuj Ahuja,anuj ahuja,0.0002503128911138,0.0,5.005742896119195e-07,0.0001586327742413
Aditya,aditya,0.0002503128911138,0.0,5.005742896119195e-07,0.0001586327742413
Z3Partners,z3partners,0.0002503128911138,0.0,3.63414446275521e-08,0.0001739023535761
Omidyar Network India,omidyar network india,0.0020025031289111,0.0112403869469815,0.0066367281485592,0.0007531588440231
Pavestone Ventures,pavestone ventures,0.0002503128911138,0.0,3.63414446275521e-08,0.0001739023535761
Paradigm Shift VC,paradigm shift vc,0.0002503128911138,0.0,0.002605066930145,0.0001275587891439
Sofina,sofina,0.0002503128911138,0.0,0.0021601949850844,0.0001137713062496
Dia Mirza,dia mirza,0.0002503128911138,0.0,5.4365745805723235e-09,0.0001929893277446
Pritt Investment Partners,pritt investment partners,0.0002503128911138,0.0,0.0073389364619906,0.0001267810020239
Darq Capital,darq capital,0.0002503128911138,0.0,3.63414446275521e-08,0.0001739023535761
Jagadeesh Atukuri,jagadeesh atukuri,0.0002503128911138,0.0,3.63414446275521e-08,0.0001739023535761
Stellaris Venture Partners,stellaris venture partners,0.0025031289111389,0.0092844052056671,0.0026777303065239,0.0010012613196776
StartupXseed Ventures,startupxseed ventures,0.0002503128911138,0.0,3.63414446275521e-08,0.0001739023535761
Xponentia Capital Partners,xponentia capital partners,0.0002503128911138,0.0,5.4365745805723235e-09,0.0001929893277446
Multiples,multiples,0.0002503128911138,0.0,0.0008306977313283,0.0001308563939645
InCorp India,incorp india,0.0002503128911138,0.0,5.4365745805723235e-09,0.0001929893277446
Anthill Ventures,anthill ventures,0.0010012515644555,0.0022086947693129,0.007482042517897,0.0004645279799773
Oikocredit,oikocredit,0.0002503128911138,0.0,3.2098515767934743e-06,0.0001520886688121
Nomura,nomura,0.0002503128911138,0.0,3.2098515767934743e-06,0.0001520886688121
The Bill & Melinda Gates Foundation,the bill & melinda gates foundation,0.0002503128911138,0.0,3.2098515767934743e-06,0.0001520886688121
Kedaara,kedaara,0.0002503128911138,0.0,0.0001605212706384,0.0001377318394918
Eaglewings Ventures,eaglewings ventures,0.0005006257822277,0.0009472281012256,3.743747846457633e-05,0.000251085653048
Incubate Fund India,incubate fund india,0.0007509386733416,0.0063777848883383,0.0055931529114172,0.0003181151846201
TVS Capital Funds,tvs capital funds,0.0002503128911138,0.0,0.0009699641471696,0.0001309221600977
ABC World Asia,abc world asia,0.0002503128911138,0.0,4.845677028663459e-05,0.0001304096881717
IIFL AMC,iifl amc,0.0010012515644555,0.0046810895772867,0.0014054457072227,0.0004230684499012
Sistema Asia Fund,sistema asia fund,0.0002503128911138,0.0,0.0001380384018457,0.0001311905131068
CX Partners,cx partners,0.0005006257822277,0.0026556418543817,0.0005247163233329,0.000222096888543
Singularity Growth Opportunities Fund,singularity growth opportunities fund,0.0002503128911138,0.0,0.0001380384018457,0.0001311905131068
Prime Securities Limited,prime securities limited,0.0002503128911138,0.0,1.54413417595609e-07,0.0001643588664918
Fidelity,fidelity,0.0007509386733416,0.0017376452765815,0.0004948050760799,0.0002954922615291
B Capital,b capital,0.0002503128911138,0.0,0.0001583089603022,0.0001223913892895
Varanium NexGen Fund,varanium nexgen fund,0.0002503128911138,0.0,0.0064885628189328,0.0001374225549603
Old Fashion Research,old fashion research,0.0002503128911138,0.0,1.353352185599358e-06,0.0001548153794076
Nothing Research,nothing research,0.0002503128911138,0.0,1.353352185599358e-06,0.0001548153794076
Tenzor capital,tenzor capital,0.0002503128911138,0.0,1.353352185599358e-06,0.0001548153794076
Aavishkaar Capital,aavishkaar capital,0.0007509386733416,0.0017407734192296,7.261816513464656e-05,0.0003409138563562
Rajiv Dadlani Group,rajiv dadlani group,0.0002503128911138,0.0,5.797886221044996e-05,0.0001314147237494
NEVF,nevf,0.0002503128911138,0.0,3.63414446275521e-08,0.0001739023535761
AccelNest,accelnest,0.0002503128911138,0.0,3.63414446275521e-08,0.0001739023535761
The Treasury,the treasury,0.0002503128911138,0.0,5.755938715570068e-07,0.0001407204646222
Spearhead Capital,spearhead capital,0.0002503128911138,0.0,0.0181041928528712,0.0001253615057443
Ramp,ramp,0.0002503128911138,0.0,0.0067493693997028,0.0001310760707051
Rainfall Ventures,rainfall ventures,0.0002503128911138,0.0,0.0067493693997028,0.0001310760707051
Roka Works,roka works,0.0002503128911138,0.0,0.0067493693997028,0.0001310760707051
India Angel Network,india angel network,0.0002503128911138,0.0,3.63414446275521e-08,0.0001739023535761
Responsibility,responsibility,0.0002503128911138,0.0,0.0005341310412957,0.000133994677554
Blue Ashva Capital,blue ashva capital,0.0012515644555694,0.0034674038592306,0.0006257126616779,0.0005732840859133
Pravega Ventures,pravega ventures,0.0007509386733416,0.0056535366253385,0.0147455863826384,0.000319211776635
Dream Capital,dream capital,0.0005006257822277,0.0022066892579169,0.0001324275774999,0.0002398671565083
Elysian Park Ventures,elysian park ventures,0.0002503128911138,0.0,1.63558332084254e-05,0.0001432934576391
Creaegis,creaegis,0.0002503128911138,0.0,0.0004201635017951,0.000131683867616
Lee Fixel’s venture capital firm,lee fixel’s venture capital firm,0.0002503128911138,0.0,0.0002465690676388,0.0001241040550605
Addition,addition,0.0005006257822277,0.0006054020460706,0.0002890806555885,0.0002223881658429
JAFCO Asia,jafco asia,0.0005006257822277,0.0028832799149448,0.0058466255795988,0.0002123456785081
marquee angels,marquee angels,0.0002503128911138,0.0,0.0050241047617124,0.0001261583796917
The Xander Group,the xander group,0.0002503128911138,0.0,5.4365745805723235e-09,0.0001929893277446
Aarin Capital,aarin capital,0.0002503128911138,0.0,5.4365745805723235e-09,0.0001929893277446
James Milner,james milner,0.0002503128911138,0.0,3.63414446275521e-08,0.0001739023535761
Adam Lallana,adam lallana,0.0002503128911138,0.0,3.63414446275521e-08,0.0001739023535761
Ajay Garg,ajay garg,0.0002503128911138,0.0,0.0021277519124862,0.0001369075190808
Tarun Sharma,tarun sharma,0.0002503128911138,0.0,0.0021277519124862,0.0001369075190808
Kunal Sarkar,kunal sarkar,0.0002503128911138,0.0,3.1344664346394425e-10,0.0002502502502502
Bharat Inclusion,bharat inclusion,0.0005006257822277,1.0027556980025733e-06,3.733323761650289e-07,0.0002803245454531
$Undisclosed,$undisclosed,0.0002503128911138,0.0,1.54413417595609e-07,0.0001643588664918
Ananta Capital,ananta capital,0.0007509386733416,0.0015782121241938,4.605020154135449e-05,0.0003603649313697
JAM,jam,0.0002503128911138,0.0,1.54413417595609e-07,0.0001643588664918
Better Tomorrow Ventures,better tomorrow ventures,0.0002503128911138,0.0,1.54413417595609e-07,0.0001643588664918
SOSV,sosv,0.0007509386733416,0.0054503907738777,0.0134515177658514,0.0003138280763247
Incofin’s India Progress Fund,incofin’s india progress fund,0.0002503128911138,0.0,1.54413417595609e-07,0.0001643588664918
Jani Ventures INC,jani ventures inc,0.0002503128911138,0.0,5.4365745805723235e-09,0.0001929893277446
CreedCap Asia Advisors,creedcap asia advisors,0.0002503128911138,0.0,1.54413417595609e-07,0.0001643588664918
Joseph Joy,joseph joy,0.0002503128911138,0.0,3.63414446275521e-08,0.0001739023535761
Bessemer Venture Partners,bessemer venture partners,0.0012515644555694,0.0045939921242829,0.002924969761969,0.0005026251490342
Klub,klub,0.0020025031289111,0.0047244834711391,0.0442854851126371,0.000877024427106
Trifecta Capital,trifecta capital,0.0002503128911138,0.0,0.0078516469823104,0.0001310592885351
AngelList's syndicate,angellist's syndicate,0.0002503128911138,0.0,0.0116157029932123,0.0001347120849914
Vineet Singh,vineet singh,0.0002503128911138,0.0,3.2098515767934743e-06,0.0001520886688121
Krishna D,krishna d,0.0002503128911138,0.0,3.2098515767934743e-06,0.0001520886688121
Deependra Bisht,deependra bisht,0.0002503128911138,0.0,3.2098515767934743e-06,0.0001520886688121
Alan Aim,alan aim,0.0002503128911138,0.0,3.2098515767934743e-06,0.0001520886688121
MaGEHold,magehold,0.0002503128911138,0.0,1.8326190026681186e-05,0.0001510422717586
Season Two Ventures,season two ventures,0.0005006257822277,2.506889245006433e-06,1.5669211337788795e-06,0.000263229240396
IndiaMart,indiamart,0.0002503128911138,0.0,6.110596686262906e-07,0.0001514254201952
Anant Maheshwari,anant maheshwari,0.0002503128911138,0.0,0.0259693792052501,0.0001200377177595
WaterBridge Ventures,waterbridge ventures,0.0007509386733416,0.0038751109825472,0.0016567159888903,0.000303471418384
Tree Line Investment Management,tree line investment management,0.0002503128911138,0.0,1.54413417595609e-07,0.0001643588664918
Orbimed Asia Partners,orbimed asia partners,0.0002503128911138,0.0,5.4365745805723235e-09,0.0001929893277446
Zip Co,zip co,0.0002503128911138,0.0,3.63414446275521e-08,0.0001739023535761
GSV,gsv,0.0005006257822277,0.0012624694237852,0.0002208586471044,0.0002443433206921
SucSEED Indovation Fund,sucseed indovation fund,0.0015018773466833,0.0050379699712271,6.04435813200926e-05,0.0006743165611705
Rohit Kapoor,rohit kapoor,0.0002503128911138,0.0,0.0013162790414074,0.0001309464257626
Amanpreet Bajaj,amanpreet bajaj,0.0002503128911138,0.0,0.0013162790414074,0.0001309464257626
Lalit Singh,lalit singh,0.0002503128911138,0.0,0.0013162790414074,0.0001309464257626
Sequioa,sequioa,0.0002503128911138,0.0,3.960782947941458e-05,0.0001452160721732
TheVentures,theventures,0.0002503128911138,0.0,3.63414446275521e-08,0.0001739023535761
Archana Priyadarshini,archana priyadarshini,0.0002503128911138,0.0,0.011215098337306,0.0001345991976813
Gaurav Ahuja,gaurav ahuja,0.0002503128911138,0.0,0.011215098337306,0.0001345991976813
Cygnus Medicare Group,cygnus medicare group,0.0002503128911138,0.0,1.54413417595609e-07,0.0001643588664918
Probal Ghoshal,probal ghoshal,0.0002503128911138,0.0,1.54413417595609e-07,0.0001643588664918
Shuchin Bajaj,shuchin bajaj,0.0002503128911138,0.0,1.54413417595609e-07,0.0001643588664918
Uincept,uincept,0.0002503128911138,0.0,1.0556822186185642e-05,0.0001418335137685
Palimala Ventures,palimala ventures,0.0002503128911138,0.0,1.0556822186185642e-05,0.0001418335137685
Tomorrow Capital,tomorrow capital,0.0005006257822277,7.520667735019299e-07,1.4336985669272514e-07,0.0002873174516206
Khosla Ventures,khosla ventures,0.0010012515644555,6.517912037016726e-06,4.170685860317985e-06,0.0004883207827538
Legatum Capital,legatum capital,0.0002503128911138,0.0,3.2098515767934743e-06,0.0001520886688121
Navneet Education,navneet education,0.0005006257822277,1.880166933754825e-06,1.1485037079620512e-06,0.0002679330600982
1000000 #REF!,1000000 #ref!,0.0002503128911138,0.0,2.04384745964502e-05,0.000143949656074
Sonu Nigam,sonu nigam,0.0002503128911138,0.0,0.0001952818202307,0.000139662038921
Whiteboard Capital,whiteboard capital,0.0010012515644555,0.0038236893631676,0.004876466166008,0.0004078831220185
Aditya Duggar,aditya duggar,0.0002503128911138,0.0,5.4365745805723235e-09,0.0001929893277446
India Quotient,india quotient,0.0012515644555694,0.0015831233045289,0.0017614729921763,0.0005547457420384
Dexter Angels,dexter angels,0.0002503128911138,0.0,0.0002330684282183,0.000131621677817
IIFL,iifl,0.0007509386733416,0.0063889904690958,0.0006865046701549,0.0003116009132654
Kae Capital,kae capital,0.0005006257822277,0.0022066892579169,0.0003062802722387,0.0002240595158911
Axilor,axilor,0.0010012515644555,0.0028383000031962,0.001416999895254,0.0004588750969253
Amrish Rau,amrish rau,0.0005006257822277,0.0008762365329627,0.0013602862189624,0.0002109230192128
Invesco Developing Markets Fund,invesco developing markets fund,0.0002503128911138,0.0,8.992704814840469e-05,0.0001240718922541
Cholamandalam,cholamandalam,0.0002503128911138,0.0,3.63414446275521e-08,0.0001739023535761
Curesense Therapeutics,curesense therapeutics,0.0002503128911138,0.0,3.63414446275521e-08,0.0001739023535761
Ka Enterprises,ka enterprises,0.0002503128911138,0.0,1.551228662123165e-05,0.000149769918251
pi Ventures,pi ventures,0.0005006257822277,1.50413354700386e-06,5.297620712439321e-07,0.0002717531204445
Malabar Angel Network,malabar angel network,0.0002503128911138,0.0,3.277525446062447e-05,0.0001398420938921
Native Angel Network,native angel network,0.0002503128911138,0.0,3.277525446062447e-05,0.0001398420938921
Ameba Capital,ameba capital,0.0002503128911138,0.0,0.0067146985785263,0.0001371243722429
Susquehanna International Group,susquehanna international group,0.0002503128911138,0.0,0.0001241816681747,0.0001390902384071
Oman India Joint Investment Fund,oman india joint investment fund,0.0005006257822277,0.0011030521585465,0.0001012610380712,0.0002328898672764
Unilazer Ventures,unilazer ventures,0.0005006257822277,0.0006317360897416,0.0001420095440077,0.00025171097761
Arkam Ventures,arkam ventures,0.0002503128911138,0.0,0.0076845888944,0.0001281247448608
WEH,weh,0.0002503128911138,0.0,0.0076845888944,0.0001281247448608
Ashok Goyal,ashok goyal,0.0002503128911138,0.0,3.63414446275521e-08,0.0001739023535761
Cure.fit,cure.fit,0.0002503128911138,0.0,2.164485638304768e-05,0.0001403010701845
Endiya Partners,endiya partners,0.0015018773466833,0.0066781194936029,0.000189767542913,0.0006322168844852
Tanglin Venture,tanglin venture,0.0002503128911138,0.0,2.164485638304768e-05,0.0001403010701845
HOF Capital,hof capital,0.0002503128911138,0.0,0.0090849151097307,0.000127158436963
Old Well Ventures,old well ventures,0.0002503128911138,0.0,0.0090849151097307,0.000127158436963
Jinisha Sharma,jinisha sharma,0.0002503128911138,0.0,5.005742896119195e-07,0.0001586327742413
Aditya Agarwal,aditya agarwal,0.0002503128911138,0.0,5.005742896119195e-07,0.0001586327742413
Victoria,victoria,0.0002503128911138,0.0,5.005742896119195e-07,0.0001586327742413
Abhishek Shroff,abhishek shroff,0.0002503128911138,0.0,5.005742896119195e-07,0.0001586327742413
2am VC,2am vc,0.0002503128911138,0.0,0.0021277519124862,0.0001369075190808
magic.fund,magic.fund,0.0002503128911138,0.0,0.0021277519124862,0.0001369075190808
Arvind Venugopal Nair,arvind venugopal nair,0.0002503128911138,0.0,5.4365745805723235e-09,0.0001929893277446
Amritendu Mukherjee,amritendu mukherjee,0.0002503128911138,0.0,5.4365745805723235e-09,0.0001929893277446
Rajasthan Venture Capital Fund,rajasthan venture capital fund,0.0005006257822277,1.0027556980025733e-06,3.733323761650289e-07,0.0002803245454531
Covalent,covalent,0.0002503128911138,0.0,3.2098515767934743e-06,0.0001520886688121
Double Peak,double peak,0.0002503128911138,0.0,3.2098515767934743e-06,0.0001520886688121
GenBlock Capital,genblock capital,0.0002503128911138,0.0,3.2098515767934743e-06,0.0001520886688121
Ledger Prime,ledger prime,0.0002503128911138,0.0,3.2098515767934743e-06,0.0001520886688121
MEXC Global,mexc global,0.0002503128911138,0.0,3.2098515767934743e-06,0.0001520886688121
Synaps,synaps,0.0002503128911138,0.0,3.2098515767934743e-06,0.0001520886688121
Vijayan,vijayan,0.0002503128911138,0.0,5.4365745805723235e-09,0.0001929893277446
JPIN,jpin,0.0002503128911138,0.0,0.0006195031112025,0.0001321876474193
Venture Catalysts UK,venture catalysts uk,0.0002503128911138,0.0,0.0006195031112025,0.0001321876474193
AngelList,angellist,0.0007509386733416,0.0015351172696959,0.0011736527636418,0.0003328826517792
Rachit Poddar,rachit poddar,0.0002503128911138,0.0,6.893769550017157e-06,0.0001500436358654
Rajesh Gupta,rajesh gupta,0.0002503128911138,0.0,6.893769550017157e-06,0.0001500436358654
Virenxia Group,virenxia group,0.0002503128911138,0.0,5.272039441592818e-05,0.0001439390890407
Rajesh Jain,rajesh jain,0.0002503128911138,0.0,5.272039441592818e-05,0.0001439390890407
Prashasta Seth,prashasta seth,0.0002503128911138,0.0,5.4365745805723235e-09,0.0001929893277446
RTP Global,rtp global,0.0015018773466833,0.0068718367146031,0.018519537192267,0.0005418421303068
Shaival Desai,shaival desai,0.0005006257822277,2.506889245006433e-06,1.5669211337788795e-06,0.000263229240396
Flowstate Ventures,flowstate ventures,0.0002503128911138,0.0,6.110596686262906e-07,0.0001514254201952
IAN,ian,0.0012515644555694,0.0046387729998893,7.508484863299938e-05,0.0005537048140257
Transworld Group,transworld group,0.0002503128911138,0.0,5.4365745805723235e-09,0.0001929893277446
Owl Ventures,owl ventures,0.0007509386733416,0.0047940587515766,0.0012642312201622,0.0003041446463195
Winter Capital,winter capital,0.0002503128911138,0.0,1.353352185599358e-06,0.0001548153794076
ETS,ets,0.0002503128911138,0.0,1.353352185599358e-06,0.0001548153794076
Man Capital,man capital,0.0002503128911138,0.0,1.353352185599358e-06,0.0001548153794076
Elevation Partners,elevation partners,0.0002503128911138,0.0,5.005742896119195e-07,0.0001586327742413
Emergent Ventures,emergent ventures,0.0002503128911138,0.0,5.005742896119195e-07,0.0001586327742413
Lumikai,lumikai,0.0007509386733416,0.0022081933914639,5.178411697614964e-05,0.0003412918958827
C4D Partners,c4d partners,0.0005006257822277,0.0012624694237852,3.7727802401302e-06,0.0002496814681563
Bertelsmann India,bertelsmann india,0.0002503128911138,0.0,3.63414446275521e-08,0.0001739023535761
Iron Pillar,iron pillar,0.0002503128911138,0.0,0.0004583342815605,0.0001378086032988
Nordstar,nordstar,0.0002503128911138,0.0,0.0004583342815605,0.0001378086032988
FMC,fmc,0.0002503128911138,0.0,0.0019290043685103,0.0001258097074864
Pritesh Kumar,pritesh kumar,0.0002503128911138,0.0,2.4171486102378256e-05,0.0001475080253203
Bharat Gupta,bharat gupta,0.0002503128911138,0.0,2.4171486102378256e-05,0.0001475080253203
Upsparks,upsparks,0.0005006257822277,0.0012624694237852,0.0006158104537232,0.0002435572617979
SEA Fund,sea fund,0.0002503128911138,0.0,3.0892602123388397e-06,0.0001453735842404
Devdatt Shah,devdatt shah,0.0002503128911138,0.0,3.0892602123388397e-06,0.0001453735842404
Punit Balan,punit balan,0.0002503128911138,0.0,5.4365745805723235e-09,0.0001929893277446
Broom Ventures,broom ventures,0.0002503128911138,0.0,0.0127024885507769,0.0001214702718357
Skycatcher,skycatcher,0.0005006257822277,0.0033397017980909,0.0098260169056654,0.0002186386301075
AET Fund,aet fund,0.0005006257822277,0.0009793701451057,0.0013731765254107,0.000221184613971
Dream Incubator,dream incubator,0.0002503128911138,0.0,0.0005028093977582,0.0001317766858275
1Up Ventures,1up ventures,0.0002503128911138,0.0,0.0005028093977582,0.0001317766858275
Eclear Leasing,eclear leasing,0.0002503128911138,0.0,3.8535153926741285e-06,0.0001278148193691
First Cheque,first cheque,0.0010012515644555,0.0011465161589765,0.0432993244197347,0.0003755396312772
Moore Strategic Ventures (MSV),moore strategic ventures (msv),0.0002503128911138,0.0,0.0003359016454267,0.0001415000002345
Fireside Ventures,fireside ventures,0.0005006257822277,3.7603338675096497e-07,9.534617301620765e-08,0.0003074012149302
ONGC,ongc,0.0002503128911138,0.0,0.0076740494878968,0.0001393230171199
Rockstud Capital,rockstud capital,0.0007509386733416,0.0094387578399418,0.0300088870426005,0.0003088489111847
John Abraham,john abraham,0.0002503128911138,0.0,0.012744166782288,0.0001256261242497
UC Inclusive Credit,uc inclusive credit,0.0002503128911138,0.0,3.63414446275521e-08,0.0001739023535761
Western Capital,western capital,0.0002503128911138,0.0,3.63414446275521e-08,0.0001739023535761
IIFL India Private Equity Fund,iifl india private equity fund,0.0002503128911138,0.0,3.63414446275521e-08,0.0001739023535761
Smiti Holding & Trading Company,smiti holding & trading company,0.0002503128911138,0.0,3.63414446275521e-08,0.0001739023535761
Faering Capital,faering capital,0.0005006257822277,0.0018922000021308,0.0041692768214301,0.0002293495466738
responsAbility Investments,responsability investments,0.0002503128911138,0.0,2.215989529591035e-05,0.0001379233305595
Blue Orchard,blue orchard,0.0002503128911138,0.0,2.215989529591035e-05,0.0001379233305595
Sanchit Agarwal,sanchit agarwal,0.0002503128911138,0.0,1.54413417595609e-07,0.0001643588664918
Sujan Sinha,sujan sinha,0.0002503128911138,0.0,1.54413417595609e-07,0.0001643588664918
Michael Cooke,michael cooke,0.0002503128911138,0.0,1.54413417595609e-07,0.0001643588664918
CRV,crv,0.0002503128911138,0.0,0.0008871357311391,0.0001359913149019
Salesforce Ventures,salesforce ventures,0.0002503128911138,0.0,0.0002963100532257,0.0001450547525696
Sierra Ventures,sierra ventures,0.0002503128911138,0.0,0.0002963100532257,0.0001450547525696
Sequoia Capital India’s Surge,sequoia capital india’s surge,0.0005006257822277,0.0015774600574202,0.0081479570355313,0.0002385765035672
growX ventures,growx ventures,0.0007509386733416,0.0031512851254353,6.372561998984672e-05,0.0003526231208755
Asset Management,asset management,0.0002503128911138,0.0,0.0136328072476575,0.0001148563500415
Northern Arc Capital,northern arc capital,0.0007509386733416,0.0021577045981703,0.0268784074219435,0.0002852868006296
Ashish Achrekar,ashish achrekar,0.0002503128911138,0.0,0.0029945610457244,0.0001361996154533
Point One Capital,point one capital,0.0002503128911138,0.0,5.005742896119195e-07,0.0001586327742413
Yatra Angel Network (YAN),yatra angel network (yan),0.0002503128911138,0.0,5.005742896119195e-07,0.0001586327742413
Opus Consulting,opus consulting,0.0002503128911138,0.0,5.005742896119195e-07,0.0001586327742413
Manipal Technologies.,manipal technologies.,0.0002503128911138,0.0,5.005742896119195e-07,0.0001586327742413
Microsoft,microsoft,0.0002503128911138,0.0,6.539244402913428e-06,0.0001354307717936
Shell Ventures,shell ventures,0.0002503128911138,0.0,0.009323207507912,0.0001243994818175
Yamaha,yamaha,0.0002503128911138,0.0,0.009323207507912,0.0001243994818175
Sharrp Ventures,sharrp ventures,0.0002503128911138,0.0,0.0016600079243881,0.00012300780044
Tiger Global’s Scott Schleifer,tiger global’s scott schleifer,0.0002503128911138,0.0,3.63414446275521e-08,0.0001739023535761
Venture Garage,venture garage,0.0002503128911138,0.0,0.0259693792052501,0.0001200377177595
Yoga Capital,yoga capital,0.0002503128911138,0.0,0.0259693792052501,0.0001200377177595
Ah!Ventures,ah!ventures,0.0002503128911138,0.0,0.0259693792052501,0.0001200377177595
Lead Angels,lead angels,0.0010012515644555,0.0067699132135945,0.0554918535967878,0.0003803298439498
Gaurav Gupta,gaurav gupta,0.0005006257822277,0.0012624694237852,4.980030884600046e-05,0.0002463891269862
9 Unicorns,9 unicorns,0.0002503128911138,0.0,4.489132275714628e-05,0.000135866758612
Info Edge,info edge,0.0007509386733416,0.0023010839330765,0.0001136254200413,0.0003346053024945
FalconEdge,falconedge,0.0002503128911138,0.0,9.39123872585408e-06,0.0001424406536002
WestCap Group,westcap group,0.0002503128911138,0.0,0.0035033364811749,0.0001272073497285
Tomales Bay Capital,tomales bay capital,0.0002503128911138,0.0,0.0035033364811749,0.0001272073497285
Siguler Guff,siguler guff,0.0002503128911138,0.0,1.353352185599358e-06,0.0001548153794076
Baillie Gifford,baillie gifford,0.0002503128911138,0.0,1.353352185599358e-06,0.0001548153794076
Mankind Pharma Family Office,mankind pharma family office,0.0002503128911138,0.0,0.0011146457741433,0.0001268518967939
ITI Growth Opportunities,iti growth opportunities,0.0002503128911138,0.0,3.63414446275521e-08,0.0001739023535761
Amrac Investment Trust,amrac investment trust,0.0002503128911138,0.0,5.4365745805723235e-09,0.0001929893277446
Bhavin Turakhia,bhavin turakhia,0.0002503128911138,0.0,0.010627548026909,0.0001169526537416
Amara Raja Batteries,amara raja batteries,0.0002503128911138,0.0,1.54413417595609e-07,0.0001643588664918
India Infoline Finance,india infoline finance,0.0002503128911138,0.0,0.0001352301460949,0.0001342183107905
100X.VC,100x.vc,0.0002503128911138,0.0,0.0124794773811169,0.0001278508933719
Gaurav Mandlecha,gaurav mandlecha,0.0002503128911138,0.0,0.0124794773811169,0.0001278508933719
Amicus Capital,amicus capital,0.0002503128911138,0.0,3.967735859878879e-05,0.0001348192249534
Verlinvest,verlinvest,0.0005006257822277,0.0034621393918161,0.003833548593152,0.0002279022384876
Alphabit Fund,alphabit fund,0.0002503128911138,0.0,1.353352185599358e-06,0.0001548153794076
Fulgur Ventures,fulgur ventures,0.0002503128911138,0.0,1.353352185599358e-06,0.0001548153794076
Stacks Accelerator,stacks accelerator,0.0002503128911138,0.0,1.353352185599358e-06,0.0001548153794076
SBX Capital,sbx capital,0.0002503128911138,0.0,1.353352185599358e-06,0.0001548153794076
Roots Ventures,roots ventures,0.0002503128911138,0.0,3.63414446275521e-08,0.0001739023535761
Velo Partners,velo partners,0.0002503128911138,0.0,3.63414446275521e-08,0.0001739023535761
Huddle,huddle,0.0002503128911138,0.0,3.32198033193759e-05,0.0001372261052214
Lumis Partners,lumis partners,0.0002503128911138,0.0,3.32198033193759e-05,0.0001372261052214
Potencia Ventures,potencia ventures,0.0002503128911138,0.0,0.0024496614546498,0.0001314793183229
Bisk Ventures,bisk ventures,0.0002503128911138,0.0,0.0024496614546498,0.0001314793183229
Arihant Patni,arihant patni,0.0002503128911138,0.0,0.0024496614546498,0.0001314793183229
Evolvence Capital,evolvence capital,0.0002503128911138,0.0,1.008850938374318e-05,0.0001447078062712
SARA ELGI,sara elgi,0.0002503128911138,0.0,1.54413417595609e-07,0.0001643588664918
Jupiter,jupiter,0.0015018773466833,0.0091022534615874,0.0429166526010455,0.0005293902980569
Nubank,nubank,0.0002503128911138,0.0,0.0081189444316218,0.0001128426559663
ah! Ventures High Tables,ah! ventures high tables,0.0002503128911138,0.0,5.4365745805723235e-09,0.0001929893277446
Mankekar Family Office,mankekar family office,0.0005006257822277,0.0009472281012256,0.00062389802379,0.0002396529775246
Sequoia’s Surge,sequoia’s surge,0.0017521902377972,0.0084390007195303,0.0092013210001012,0.0006573122346952
Accel Partners,accel partners,0.0015018773466833,0.008034611922482,0.0210460779846335,0.0005074890567852
FirstPort Capital,firstport capital,0.0002503128911138,0.0,0.0084650291571385,0.000130044333715
Bliss Flow Investments Pvt Ltd,bliss flow investments pvt ltd,0.0002503128911138,0.0,0.0084650291571385,0.000130044333715
Axilor Ventures,axilor ventures,0.0005006257822277,0.0006317360897416,4.003965984937309e-05,0.0002562748650247
Ecosystem Ventures,ecosystem ventures,0.0002503128911138,0.0,1.54413417595609e-07,0.0001643588664918
CMM group,cmm group,0.0002503128911138,0.0,1.54413417595609e-07,0.0001643588664918
Mount Judi India Growth Fund,mount judi india growth fund,0.0002503128911138,0.0,3.63414446275521e-08,0.0001739023535761
GEF Capital’s South Asia Fund,gef capital’s south asia fund,0.0002503128911138,0.0,3.63414446275521e-08,0.0001739023535761
Sunil Sethia,sunil sethia,0.0002503128911138,0.0,5.987540313811743e-05,0.0001475616095255
Sunil Kumar Singhvi,sunil kumar singhvi,0.0005006257822277,0.0012624694237852,0.0017500028466532,0.0002438940828445
Manish Mardia,manish mardia,0.0002503128911138,0.0,5.987540313811743e-05,0.0001475616095255
Mechanism Capital,mechanism capital,0.0002503128911138,0.0,3.2098515767934743e-06,0.0001520886688121
DACM,dacm,0.0002503128911138,0.0,3.2098515767934743e-06,0.0001520886688121
Niyogin Fintech Limited,niyogin fintech limited,0.0002503128911138,0.0,0.0116125922591165,0.0001173424635818
Credit Saison India,credit saison india,0.0002503128911138,0.0,0.0116125922591165,0.0001173424635818
Vivriti Capital,vivriti capital,0.0007509386733416,0.0134349893575864,0.0138541483747203,0.0003008519342669
Pearl Investment LLC,pearl investment llc,0.0002503128911138,0.0,5.4365745805723235e-09,0.0001929893277446
021 Capital,021 capital,0.0007509386733416,0.0021497925182503,0.0074046210627508,0.0003183762803047
Sparrow Capital,sparrow capital,0.0002503128911138,0.0,0.0002885006891611,0.0001413065517238
Kotak Investment Advisors Limited,kotak investment advisors limited,0.0002503128911138,0.0,0.0004184814341601,0.000147247909203
VANS Group,vans group,0.0002503128911138,0.0,5.4365745805723235e-09,0.0001929893277446
Sachin Tendulkar,sachin tendulkar,0.0002503128911138,0.0,5.4365745805723235e-09,0.0001929893277446
Xentel Investments,xentel investments,0.0002503128911138,0.0,5.4365745805723235e-09,0.0001929893277446
Waterbridge,waterbridge,0.0002503128911138,0.0,3.744446219889456e-06,0.0001443210085374
Auxano,auxano,0.0005006257822277,1.1281001602528948e-06,2.573556928041375e-07,0.0002775368803809
Falcon5,falcon5,0.0002503128911138,0.0,1.286778487934769e-07,0.0001575372089592
Infoedge ventures,infoedge ventures,0.0002503128911138,0.0,0.0147453940564584,0.0001287518700816
Unitus Ventures,unitus ventures,0.0007509386733416,0.0022079427025394,0.000324039319147,0.0003452481622397
GIC,gic,0.0007509386733416,0.0053168179042665,0.0035094163416045,0.0003029236949897
Infoedge,infoedge,0.0002503128911138,0.0,0.0001515147482379,0.0001392634930188
Caspian Impact Investments,caspian impact investments,0.0002503128911138,0.0,6.503504200851162e-05,0.0001426282929859
Sofina Ventures SA,sofina ventures sa,0.0002503128911138,0.0,0.0002937949596447,0.0001345464269206
Flipkart Ventures,flipkart ventures,0.0002503128911138,0.0,0.0070458350788043,0.0001332984609229
Prophetic Ventures syndicate,prophetic ventures syndicate,0.0002503128911138,0.0,0.0087996911031835,0.000128253528295
Prime VP,prime vp,0.0002503128911138,0.0,3.63414446275521e-08,0.0001739023535761
IFC Emerging Asia Fund,ifc emerging asia fund,0.0002503128911138,0.0,0.0003647567468268,0.0001401148418037
VEF,vef,0.0002503128911138,0.0,0.0003647567468268,0.0001401148418037
Pureland Venture,pureland venture,0.0002503128911138,0.0,0.0005511724986889,0.0001395553091445
Wavemaker Partners,wavemaker partners,0.0002503128911138,0.0,0.0005511724986889,0.0001395553091445
Callapina Capital,callapina capital,0.0002503128911138,0.0,1.54413417595609e-07,0.0001643588664918
Matrix India,matrix india,0.0002503128911138,0.0,0.0112027450629818,0.0001125363262931
Innoven Capital,innoven capital,0.0002503128911138,0.0,0.0002914825122506,0.0001367712853762
Ashish Kashyap,ashish kashyap,0.0002503128911138,0.0,4.394794002777538e-05,0.0001460161154095
Rajesh Magow,rajesh magow,0.0002503128911138,0.0,4.394794002777538e-05,0.0001460161154095
Startup Oasis,startup oasis,0.0002503128911138,0.0,2.367858005417564e-05,0.0001331965388297
Capital India,capital india,0.0002503128911138,0.0,5.4365745805723235e-09,0.0001929893277446
FirstCry,firstcry,0.0002503128911138,0.0,0.0012182850178745,0.0001254032364958
Lightspeed Venture Partners,lightspeed venture partners,0.0005006257822277,0.001698132834105,0.0038150618873508,0.0002168847140174
1Crowd,1crowd,0.0005006257822277,0.0009472281012256,0.0027722702807833,0.0002346276014855
SAB Holdings,sab holdings,0.0002503128911138,0.0,5.4365745805723235e-09,0.0001929893277446
Jayanti Kanani,jayanti kanani,0.0002503128911138,0.0,0.0004382004464388,0.000135137529081
LeapFrog,leapfrog,0.0002503128911138,0.0,1.2887908626400314e-06,0.000147597212269
TATA Cleantech Capital,tata cleantech capital,0.0002503128911138,0.0,5.4365745805723235e-09,0.0001929893277446
Aqua-Spark,aqua-spark,0.0002503128911138,0.0,5.005742896119195e-07,0.0001586327742413
Climate Angels Fund,climate angels fund,0.0002503128911138,0.0,1.54413417595609e-07,0.0001643588664918
Entrepreneur First (EF),entrepreneur first (ef),0.0002503128911138,0.0,1.54413417595609e-07,0.0001643588664918
Vy Capital,vy capital,0.0005006257822277,0.0012387431428509,0.0005459090441963,0.0002340018329585
Zephyr Peacock,zephyr peacock,0.0002503128911138,0.0,3.63414446275521e-08,0.0001739023535761
ADM Capital,adm capital,0.0002503128911138,0.0,5.4365745805723235e-09,0.0001929893277446
SoftBank Vision Fund,softbank vision fund,0.0002503128911138,0.0,6.539244402913428e-06,0.0001354307717936
Hindustan Media Venture,hindustan media venture,0.0005006257822277,1.8801669337548249e-07,1.2055365104004554e-05,0.0002333119362543
100x Entrepreneurs,100x entrepreneurs,0.0002503128911138,0.0,5.4365745805723235e-09,0.0001929893277446
Healthcare veterans,healthcare veterans,0.0002503128911138,0.0,1.54413417595609e-07,0.0001643588664918
PIEDS,pieds,0.0002503128911138,0.0,1.54413417595609e-07,0.0001643588664918
Bank of Baroda,bank of baroda,0.0002503128911138,0.0,0.0013179319140914,0.0001328228846182
Vishal Gupta,vishal gupta,0.0002503128911138,0.0,1.720587639532307e-05,0.0001450085956391
Mirae Asset,mirae asset,0.0002503128911138,0.0,0.0003371380488215,0.000137022857746
H&M,h&m,0.0002503128911138,0.0,0.0003371380488215,0.000137022857746
Kotak Securities,kotak securities,0.0002503128911138,0.0,1.54413417595609e-07,0.0001643588664918
Balaji Srinivasan,balaji srinivasan,0.0005006257822277,0.0025209278247784,0.0011292380031412,0.0002274561611944
BASF Venture Capital GmbH,basf venture capital gmbh,0.0002503128911138,0.0,1.54413417595609e-07,0.0001643588664918
Rebright Partners,rebright partners,0.0007509386733416,0.0031962209283434,0.0047000962846753,0.0003205648740652
Sequoia Surge,sequoia surge,0.0002503128911138,0.0,1.54413417595609e-07,0.0001643588664918
Parthiv Group,parthiv group,0.0002503128911138,0.0,6.893769550017157e-06,0.0001500436358654
Omkar Pandharkame,omkar pandharkame,0.0002503128911138,0.0,0.0021277519124862,0.0001369075190808
Ketaki Ogale,ketaki ogale,0.0002503128911138,0.0,0.0021277519124862,0.0001369075190808
ITO Angel Network,ito angel network,0.0002503128911138,0.0,0.0021277519124862,0.0001369075190808
GetVantage,getvantage,0.0005006257822277,0.0065832165018491,0.0002775771375109,0.0002294040965615
Shiprocket Capital,shiprocket capital,0.0002503128911138,0.0,2.962264336523679e-05,0.0001359086502471
Krafton Inc,krafton inc,0.0002503128911138,0.0,3.63414446275521e-08,0.0001739023535761
Omidyar,omidyar,0.0002503128911138,0.0,3.63414446275521e-08,0.0001739023535761
Exfinity Venture Partners,exfinity venture partners,0.0005006257822277,5.640500801264474e-07,0.0023693534819332,0.0002210673955745
Beyond Next Ventures,beyond next ventures,0.0005006257822277,1.50413354700386e-06,5.297620712439321e-07,0.0002717531204445
M Venture Partners,m venture partners,0.0002503128911138,0.0,2.0447660411096053e-07,0.0001562109729339
AdvantEdge Founders,advantedge founders,0.0005006257822277,1.50413354700386e-06,5.297620712439321e-07,0.0002717531204445
IIFL Alternate Asset Managers,iifl alternate asset managers,0.0002503128911138,0.0,0.0039948080654022,0.0001253906912886
Multiples PE,multiples pe,0.0002503128911138,0.0,0.0011468626194867,0.000129435427923
Griffin Gaming Partners,griffin gaming partners,0.0002503128911138,0.0,5.4365745805723235e-09,0.0001929893277446
Zinnia Global,zinnia global,0.0002503128911138,0.0,1.0123048447994202e-05,0.0001407263584484
Antler India,antler india,0.0007509386733416,3.258956018508363e-06,1.289964618350162e-06,0.0003832518163259
BlackRock,blackrock,0.0005006257822277,0.0006835609929768,0.0002049388383031,0.0002131577417353
Blacksoil,blacksoil,0.0002503128911138,0.0,5.4365745805723235e-09,0.0001929893277446
Speciale Invest,speciale invest,0.0012515644555694,2.3126053285184345e-05,3.591492347534398e-05,0.000555921507673
Canbank Venture Capital Fund,canbank venture capital fund,0.0002503128911138,0.0,1.54413417595609e-07,0.0001643588664918
W Health Ventures,w health ventures,0.0005006257822277,0.0006317360897416,1.9432380068715937e-05,0.00025860322339
Anand Prakash Sharma,anand prakash sharma,0.0002503128911138,0.0,3.63414446275521e-08,0.0001739023535761
velocity.in,velocity.in,0.0002503128911138,0.0,5.4365745805723235e-09,0.0001929893277446
Learn Capital,learn capital,0.0002503128911138,0.0,0.000228064352124,0.0001375878696291
Yuj Ventures,yuj ventures,0.0007509386733416,0.0056935359393865,0.000361147633534,0.000324930904525
Uday Sodhi,uday sodhi,0.0002503128911138,0.0,3.63414446275521e-08,0.0001739023535761
Bhavesh Manglani,bhavesh manglani,0.0005006257822277,0.0012624694237852,0.0002625049967165,0.0002317422441682
Angelist India,angelist india,0.0002503128911138,0.0,5.4365745805723235e-09,0.0001929893277446
Stanford Angels and Entrepreneurs India,stanford angels and entrepreneurs india,0.0002503128911138,0.0,0.0006445698394394,0.000137077583743
Anjali Bansal,anjali bansal,0.0002503128911138,0.0,0.0006445698394394,0.000137077583743
Wellington Management,wellington management,0.0002503128911138,0.0,0.0005033974562466,0.000135717722176
Avon Cycles,avon cycles,0.0002503128911138,0.0,5.4365745805723235e-09,0.0001929893277446
HNIs,hnis,0.0002503128911138,0.0,1.54413417595609e-07,0.0001643588664918
Angels,angels,0.0002503128911138,0.0,1.54413417595609e-07,0.0001643588664918
NewQuest Capital Partners,newquest capital partners,0.0002503128911138,0.0,7.877190823253357e-05,0.0001407159660783
Motilal Oswal Private Equity,motilal oswal private equity,0.0002503128911138,0.0,7.877190823253357e-05,0.0001407159660783
Lasons India,lasons india,0.0002503128911138,0.0,3.2179003189730006e-05,0.0001485362200028
Srivatsan Rajan,srivatsan rajan,0.0002503128911138,0.0,0.0002330684282183,0.000131621677817
Paytm,paytm,0.0002503128911138,0.0,5.4365745805723235e-09,0.0001929893277446
CLSA Capital Partners,clsa capital partners,0.0002503128911138,0.0,2.382514078105462e-06,0.0001469783948003
Saama,saama,0.0002503128911138,0.0,0.0001952818202307,0.000139662038921
State Bank of India,state bank of india,0.0002503128911138,0.0,0.0041895421434059,0.0001363336997821
Sanjay Baldwa,sanjay baldwa,0.0002503128911138,0.0,3.63414446275521e-08,0.0001739023535761
Ajay Jain,ajay jain,0.0002503128911138,0.0,3.63414446275521e-08,0.0001739023535761
Nitin Passi,nitin passi,0.0002503128911138,0.0,4.710702681717732e-07,0.0001465651125492
Jeevak Gupta,jeevak gupta,0.0002503128911138,0.0,0.0133535029447587,0.0001289510130887
Triodos Investment Management,triodos investment management,0.0002503128911138,0.0,0.0001905696650172,0.0001265330851894
SAIF Partners,saif partners,0.0007509386733416,0.0042731615220654,0.0014112094183159,0.0002922722457813
N+1 Capital,n+1 capital,0.0002503128911138,0.0,1.54413417595609e-07,0.0001643588664918
Amit Singal,amit singal,0.0002503128911138,0.0,1.54413417595609e-07,0.0001643588664918
Manish Aggarwal,manish aggarwal,0.0002503128911138,0.0,1.54413417595609e-07,0.0001643588664918
Trifecta Capital Advisors,trifecta capital advisors,0.0002503128911138,0.0,0.0013162790414074,0.0001309464257626
Kumar Aakash,kumar aakash,0.0002503128911138,0.0,1.1961054271997211e-05,0.0001444273770777
Amit Singhal,amit singhal,0.0005006257822277,0.0015774600574202,0.0001731262389346,0.0002347198750168
Alkemi Venture Partners,alkemi venture partners,0.0002503128911138,0.0,9.55861469935405e-07,0.0001493413577383
Aavishkaar Venture Capital,aavishkaar venture capital,0.0005006257822277,0.0031099442863808,0.0004801707162441,0.000225546180158
YWC Venture Capital,ywc venture capital,0.0002503128911138,0.0,5.797886221044996e-05,0.0001314147237494
Tiga Investments,tiga investments,0.0002503128911138,0.0,0.0001150117901595,0.0001266233870186
Baron Capital,baron capital,0.0002503128911138,0.0,0.0001150117901595,0.0001266233870186
Qualgro,qualgro,0.0002503128911138,0.0,5.4365745805723235e-09,0.0001929893277446
Pravin Jadhav,pravin jadhav,0.0002503128911138,0.0,0.0076707033525403,0.0001290782617924
Greenoaks Capital,greenoaks capital,0.0002503128911138,0.0,0.0023283052074137,0.0001351619829062
BLinC Invest,blinc invest,0.0002503128911138,0.0,3.626760054704505e-05,0.0001450333343261
Spring Marketing Capital,spring marketing capital,0.0005006257822277,0.0018922000021308,0.0001673454212239,0.0002433879603634
Chaitanya Kalipatnapu,chaitanya kalipatnapu,0.0002503128911138,0.0,5.005742896119195e-07,0.0001586327742413
Kedar Gavane,kedar gavane,0.0002503128911138,0.0,5.005742896119195e-07,0.0001586327742413
Roha Investment Managers,roha investment managers,0.0002503128911138,0.0,1.4888446665044124e-05,0.0001422484370751
angel investor Saumil Shah,angel investor saumil shah,0.0002503128911138,0.0,1.4888446665044124e-05,0.0001422484370751
TNF Ventures,tnf ventures,0.0002503128911138,0.0,0.0009842984228092,0.0001274561654848
Lok Capital,lok capital,0.0002503128911138,0.0,1.008850938374318e-05,0.0001447078062712
Nvidia Inception,nvidia inception,0.0002503128911138,0.0,5.005742896119195e-07,0.0001586327742413
Marquee investors,marquee investors,0.0005006257822277,5.013778490012866e-07,5.7323185863798164e-08,0.000299345684101
Ashish Hemrajani,ashish hemrajani,0.0002503128911138,0.0,4.649283043419277e-05,0.0001466783674553
Parikshit Dar,parikshit dar,0.0002503128911138,0.0,4.649283043419277e-05,0.0001466783674553
Lyxel&Flamingo,lyxel&flamingo,0.0002503128911138,0.0,4.028196768796878e-07,0.0001524042050317
Roshan Abbas,roshan abbas,0.0002503128911138,0.0,0.0154046041392673,0.000124204129714
Ritesh Malik,ritesh malik,0.0002503128911138,0.0,0.0154046041392673,0.000124204129714
Goat Capital,goat capital,0.0002503128911138,0.0,0.0001932870793144,0.0001462291565215
Blackstone Group,blackstone group,0.0002503128911138,0.0,1.9284017501918653e-05,0.0001346137709482
ADQ,adq,0.0002503128911138,0.0,1.9284017501918653e-05,0.0001346137709482
GoAhead Ventures,goahead ventures,0.0002503128911138,0.0,3.63414446275521e-08,0.0001739023535761
Paradigm Shift Capital,paradigm shift capital,0.0002503128911138,0.0,0.0005221296391096,0.0001319014572195
Arali Ventures,arali ventures,0.0002503128911138,0.0,4.17784970114643e-07,0.0001572202084827
Anup Kumar Yama,anup kumar yama,0.0002503128911138,0.0,3.63414446275521e-08,0.0001739023535761
Aryaman Vir,aryaman vir,0.0002503128911138,0.0,5.4365745805723235e-09,0.0001929893277446
iSeed,iseed,0.0005006257822277,7.192384619601792e-07,0.0258218647998694,0.0002038251354199
Research Innovation Incubation Design Labs,research innovation incubation design labs,0.0002503128911138,0.0,1.54413417595609e-07,0.0001643588664918
Sushil Agarwal,sushil agarwal,0.0002503128911138,0.0,0.0022131860432023,0.0001262719939517
IvyCap Ventures,ivycap ventures,0.0010012515644555,0.0025562052263307,9.695382383805698e-05,0.0004267450774519
GUSEC Seed Fund,gusec seed fund,0.0002503128911138,0.0,3.63414446275521e-08,0.0001739023535761
Quadria Capital,quadria capital,0.0002503128911138,0.0,5.4365745805723235e-09,0.0001929893277446
Ashwini Kakkar. 9Unicorns,ashwini kakkar. 9unicorns,0.0002503128911138,0.0,0.0064885628189328,0.0001374225549603
Paragon Partners,paragon partners,0.0005006257822277,0.0003098456861638,2.681455027319249e-05,0.0002341709724118
Indovation Fund,indovation fund,0.0002503128911138,0.0,0.0003419254028147,0.0001413222200703
Gunosy,gunosy,0.0002503128911138,0.0,0.0116125922591165,0.0001173424635818
Edge Ventures,edge ventures,0.0002503128911138,0.0,0.0023283052074137,0.0001351619829062
Yamaha Motors,yamaha motors,0.0002503128911138,0.0,0.0004811788181054,0.0001261405504172
Norfund,norfund,0.0002503128911138,0.0,3.63414446275521e-08,0.0001739023535761
The Rise Fund,the rise fund,0.0002503128911138,0.0,3.63414446275521e-08,0.0001739023535761
Siti Cable,siti cable,0.0002503128911138,0.0,5.4365745805723235e-09,0.0001929893277446
Crossbeam Venture Partners,crossbeam venture partners,0.0002503128911138,0.0,3.63414446275521e-08,0.0001739023535761
Mapmyindia,mapmyindia,0.0002503128911138,0.0,3.63414446275521e-08,0.0001739023535761
Jyoti Bansal,jyoti bansal,0.0002503128911138,0.0,3.63414446275521e-08,0.0001739023535761
Accor,accor,0.0002503128911138,0.0,1.54413417595609e-07,0.0001643588664918
SRI Capital,sri capital,0.0002503128911138,0.0,8.488504438854556e-06,0.0001426260972341
Picus Capital,picus capital,0.0002503128911138,0.0,8.488504438854556e-06,0.0001426260972341
Alkemi Capital,alkemi capital,0.0002503128911138,0.0,8.488504438854556e-06,0.0001426260972341
Kohlberg Kravis Roberts,kohlberg kravis roberts,0.0002503128911138,0.0,0.0015854751380513,0.000126861032405
Temasek Holdings,temasek holdings,0.0002503128911138,0.0,0.0015854751380513,0.000126861032405
Shireen Rangaswamy,shireen rangaswamy,0.0002503128911138,0.0,3.2098515767934743e-06,0.0001520886688121
Dilesh Gathani,dilesh gathani,0.0002503128911138,0.0,3.2098515767934743e-06,0.0001520886688121
Wadhwani Foundation,wadhwani foundation,0.0002503128911138,0.0,0.0002205584128903,0.0001393302535518
Aditya Talwar,aditya talwar,0.0002503128911138,0.0,5.005742896119195e-07,0.0001586327742413
Angel investors,angel investors,0.0007509386733416,2.0055113960051465e-06,5.212874231067168e-07,0.0003963678249811
Sistema Asia Capital,sistema asia capital,0.0002503128911138,0.0,6.993575536538068e-07,0.0001531234289345
Evolvence India Fund,evolvence india fund,0.0005006257822277,3.384300480758685e-06,3.1608915707521845e-06,0.0002584499062123
Rajesh Agarwal,rajesh agarwal,0.0002503128911138,0.0,3.63414446275521e-08,0.0001739023535761
Nandkishore Mundada,nandkishore mundada,0.0002503128911138,0.0,3.63414446275521e-08,0.0001739023535761
Kallol Banerjee,kallol banerjee,0.0002503128911138,0.0,8.065091997615753e-07,0.0001501341356631
MyAsia VC,myasia vc,0.0002503128911138,0.0,0.0067493693997028,0.0001310760707051
Orios Venture Partners,orios venture partners,0.0007509386733416,0.0044896229974179,0.0118704606896962,0.0003072581129077
Artha India Ventures,artha india ventures,0.0005006257822277,1.817494702629664e-05,8.80910071339997e-06,0.0002449858633121
Sriram Krishnan,sriram krishnan,0.0002503128911138,0.0,6.610399115428424e-06,0.0001363405231623
Multiply Ventures,multiply ventures,0.0002503128911138,0.0,1.108610723368874e-05,0.0001476628675199
WorldBusiness Capital,worldbusiness capital,0.0002503128911138,0.0,6.503504200851162e-05,0.0001426282929859
Tanglin Ventures,tanglin ventures,0.0002503128911138,0.0,0.0030733310933888,0.0001265248158455
Rehan A Khan,rehan a khan,0.0002503128911138,0.0,0.0043245624437981,0.0001265397303059
Naval Ravikant,naval ravikant,0.0002503128911138,0.0,0.0010526827364963,0.0001239532375764
Devesh Sachdev,devesh sachdev,0.0002503128911138,0.0,1.5935929082450675e-05,0.0001451757266452
Pradeep K Jaisingh,pradeep k jaisingh,0.0002503128911138,0.0,5.005742896119195e-07,0.0001586327742413
Jayant Mehrotra,jayant mehrotra,0.0002503128911138,0.0,5.005742896119195e-07,0.0001586327742413
Harish Daiya,harish daiya,0.0002503128911138,0.0,1.455123998545001e-05,0.0001438755972066
World Startup Factory,world startup factory,0.0002503128911138,0.0,2.9947725806604264e-05,0.0001406289357091
Brex,brex,0.0002503128911138,0.0,0.0002121430928046,0.0001410896510399
Mark Cuban,mark cuban,0.0002503128911138,0.0,3.803298458227012e-05,0.0001454564702988
MiH Ventures,mih ventures,0.0002503128911138,0.0,3.803298458227012e-05,0.0001454564702988
Gurj Aujla,gurj aujla,0.0002503128911138,0.0,3.63414446275521e-08,0.0001739023535761
Ashik K,ashik k,0.0002503128911138,0.0,3.63414446275521e-08,0.0001739023535761
The Chatterjee Group,the chatterjee group,0.0002503128911138,0.0,1.54413417595609e-07,0.0001643588664918
Prophetic Ventures,prophetic ventures,0.0002503128911138,0.0,1.54413417595609e-07,0.0001643588664918
Supriya Kumari,supriya kumari,0.0002503128911138,0.0,3.63414446275521e-08,0.0001739023535761
Premanshu Singh,premanshu singh,0.0002503128911138,0.0,3.63414446275521e-08,0.0001739023535761
9Unicorns Accelerator Fund,9unicorns accelerator fund,0.0020025031289111,0.0063252713977592,0.0516664897399714,0.0007982499611627
Sunder Nookala,sunder nookala,0.0002503128911138,0.0,0.0018739117026467,0.0001380388221906
Pravesh Mehta,pravesh mehta,0.0002503128911138,0.0,1.54413417595609e-07,0.0001643588664918
Vivek Srivatsav,vivek srivatsav,0.0002503128911138,0.0,4.908986093636993e-06,0.0001480599059116
Amplo,amplo,0.0002503128911138,0.0,0.0136328072476575,0.0001148563500415
Induslaw,induslaw,0.0002503128911138,0.0,7.371178159287123e-07,0.0001401498493565
Reddy Futures,reddy futures,0.0002503128911138,0.0,7.371178159287123e-07,0.0001401498493565
Geekster,geekster,0.0002503128911138,0.0,0.0006159183076876,0.0001246037096666
Manish Subramaniam,manish subramaniam,0.0002503128911138,0.0,5.005742896119195e-07,0.0001586327742413
Upaya Social Ventures,upaya social ventures,0.0002503128911138,0.0,5.005742896119195e-07,0.0001586327742413
Appit Simple Infotek,appit simple infotek,0.0002503128911138,0.0,3.63414446275521e-08,0.0001739023535761
Ramakant Sharma,ramakant sharma,0.0005006257822277,0.0007917568354969,0.0026035998429006,0.0002217511108575
Keiretsu Forum,keiretsu forum,0.0002503128911138,0.0,0.0003060813182807,0.0001453748114799
SucSEED Venture Partners,sucseed venture partners,0.0007509386733416,0.0025229333361744,0.008310136077572,0.0003491541044173
Lightspeed India Partners,lightspeed india partners,0.0002503128911138,0.0,0.000228064352124,0.0001375878696291
CM Ventures,cm ventures,0.0002503128911138,0.0,0.000228064352124,0.0001375878696291
Avataar Venture Partners,avataar venture partners,0.0002503128911138,0.0,0.000123554905693,0.0001391353075706
Raghav Kapur,raghav kapur,0.0002503128911138,0.0,0.0012191204168434,0.0001389911144036
GSF Accelerator,gsf accelerator,0.0002503128911138,0.0,3.63414446275521e-08,0.0001739023535761
Rishi Kumar Bagla,rishi kumar bagla,0.0002503128911138,0.0,3.63414446275521e-08,0.0001739023535761
Krishen Lal Khanna,krishen lal khanna,0.0002503128911138,0.0,3.63414446275521e-08,0.0001739023535761
Entrepreneur First,entrepreneur first,0.0002503128911138,0.0,0.0013208123338198,0.0001211753436365
GSV Ventures,gsv ventures,0.0002503128911138,0.0,0.0003667136081256,0.000139817629213
IDG Capital,idg capital,0.0002503128911138,0.0,0.0077582204454322,0.0001260811007756
Liberatha Kallat,liberatha kallat,0.0002503128911138,0.0,1.54413417595609e-07,0.0001643588664918
Mukesh Yadav,mukesh yadav,0.0002503128911138,0.0,1.54413417595609e-07,0.0001643588664918
Dinesh Nagpal,dinesh nagpal,0.0002503128911138,0.0,1.54413417595609e-07,0.0001643588664918
KIIT-TBI,kiit-tbi,0.0002503128911138,0.0,7.123510687275323e-07,0.000151456723768
Metaform Ventures,metaform ventures,0.0002503128911138,0.0,0.0016879938307656,0.0001394052097133
SucSEED Indovation,sucseed indovation,0.0002503128911138,0.0,3.252854719157879e-07,0.0001530796850481
Safe Planet Medicare,safe planet medicare,0.0002503128911138,0.0,1.54413417595609e-07,0.0001643588664918
Impact Partners,impact partners,0.0002503128911138,0.0,8.295793242183721e-07,0.0001486917942431
Novo Tellus Capital,novo tellus capital,0.0002503128911138,0.0,1.54413417595609e-07,0.0001643588664918
Raintree Family Office,raintree family office,0.0002503128911138,0.0,5.005742896119195e-07,0.0001586327742413
ADB arm,adb arm,0.0002503128911138,0.0,5.005742896119195e-07,0.0001586327742413
Narendra Shyamsukha,narendra shyamsukha,0.0002503128911138,0.0,0.0003419254028147,0.0001413222200703
Paradigm,paradigm,0.0002503128911138,0.0,0.0082717589570042,0.0001348174015752
Harshil Mathur,harshil mathur,0.0005006257822277,9.49070273275609e-05,0.0040013206506506,0.000202591375928
Expert DOJO,expert dojo,0.0002503128911138,0.0,1.784930366746219e-05,0.0001438814666217
Kotak Mahindra Bank,kotak mahindra bank,0.0002503128911138,0.0,0.0002545600072987,0.0001282150291644
FMO,fmo,0.0002503128911138,0.0,0.0002545600072987,0.0001282150291644
Hummingbird Ventures,hummingbird ventures,0.0002503128911138,0.0,0.012286592739117,0.0001231836252533
Snehil Khanor,snehil khanor,0.0002503128911138,0.0,0.0004775346179629,0.0001314584806504
YourNest Venture Capital,yournest venture capital,0.0005006257822277,0.0009472281012256,0.0011780787921602,0.0002375465949508
STRIVE VC,strive vc,0.0002503128911138,0.0,5.4365745805723235e-09,0.0001929893277446
Jaipuria Family Office,jaipuria family office,0.0002503128911138,0.0,7.359929841239262e-06,0.0001549422510007
Riso Capital,riso capital,0.0002503128911138,0.0,5.4365745805723235e-09,0.0001929893277446
MTG Ventures,mtg ventures,0.0002503128911138,0.0,5.4365745805723235e-09,0.0001929893277446
Qualcomm Ventures,qualcomm ventures,0.0005006257822277,0.0012624694237852,0.0019601863479076,0.0002261231965614
Morgan Stanley,morgan stanley,0.0002503128911138,0.0,3.63414446275521e-08,0.0001739023535761
Alfa Ventures,alfa ventures,0.0005006257822277,0.0009472281012256,0.0003450597870805,0.0002518092279915
Agility Venture Partners,agility venture partners,0.0007509386733416,0.0032174763490825,0.0089959732722061,0.000327313752474
Spanache,spanache,0.0002503128911138,0.0,5.4365745805723235e-09,0.0001929893277446
Hindustan Media Ventures,hindustan media ventures,0.0002503128911138,0.0,5.4365745805723235e-09,0.0001929893277446
Angelbay Holdings,angelbay holdings,0.0002503128911138,0.0,4.824283092847051e-06,0.0001420121928857
Carmignac,carmignac,0.0002503128911138,0.0,0.0005852893924813,0.000136966604759
Bharat Innovation Fund,bharat innovation fund,0.0002503128911138,0.0,0.0006281572302663,0.0001367258489062
Acko Technology,acko technology,0.0002503128911138,0.0,0.0022536271863954,0.0001310338692853
Services,services,0.0002503128911138,0.0,0.0022536271863954,0.0001310338692853
Bertelsmann India Investments,bertelsmann india investments,0.0005006257822277,0.0012624694237852,0.0012823518259993,0.0002362131562668
Fullerton Financial Holdings,fullerton financial holdings,0.0002503128911138,0.0,5.058810771655725e-05,0.000146042124889
Dragoneer Investment Group,dragoneer investment group,0.0005006257822277,0.0011707639475572,0.0265746651504787,0.0001883075525762
http://100x.vc/,http://100x.vc/,0.0002503128911138,0.0,3.543939998438824e-05,0.0001510002623307
Caisse de Depot et Placement du Quebec,caisse de depot et placement du quebec,0.0002503128911138,0.0,3.200691476002439e-05,0.0001438328272217
Centrum Financial Services,centrum financial services,0.0002503128911138,0.0,5.4365745805723235e-09,0.0001929893277446
Harsha Bhogle,harsha bhogle,0.0002503128911138,0.0,1.54413417595609e-07,0.0001643588664918
Prakash Katama,prakash katama,0.0002503128911138,0.0,0.0002479544941504,0.000131032983852
Y Combinator Continuity Fund,y combinator continuity fund,0.0002503128911138,0.0,0.0020834776048935,0.000123518856384
Michael & Susan Dell Foundation,michael & susan dell foundation,0.0002503128911138,0.0,3.2098515767934743e-06,0.0001520886688121
Marquee fintech founders,marquee fintech founders,0.0002503128911138,0.0,5.4365745805723235e-09,0.0001929893277446
Falcon Edge India,falcon edge india,0.0002503128911138,0.0,0.0024016450330962,0.0001259460637942
Omphalos Ventures India,omphalos ventures india,0.0002503128911138,0.0,0.0005019582587468,0.0001360843745752
Farid Ahsan,farid ahsan,0.0005006257822277,3.00826709400772e-05,1.4240365191400892e-05,0.0002202075281572
Twitter Ventures,twitter ventures,0.0002503128911138,0.0,4.237580145370647e-06,0.0001296213807466
Pawan Munjal,pawan munjal,0.0002503128911138,0.0,4.237580145370647e-06,0.0001296213807466
CitiusTech,citiustech,0.0002503128911138,0.0,5.4365745805723235e-09,0.0001929893277446
Arena Holdings,arena holdings,0.0002503128911138,0.0,0.0079978840761518,0.0001273411148441
T Choithrams BVI,t choithrams bvi,0.0002503128911138,0.0,3.63414446275521e-08,0.0001739023535761
Ardor,ardor,0.0002503128911138,0.0,3.63414446275521e-08,0.0001739023535761
Kogta Financial India Limited,kogta financial india limited,0.0002503128911138,0.0,8.065091997615753e-07,0.0001501341356631
ICICI Bank,icici bank,0.0002503128911138,0.0,8.065091997615753e-07,0.0001501341356631
TMT Connekt,tmt connekt,0.0002503128911138,0.0,0.0003060813182807,0.0001453748114799
FJ Labs,fj labs,0.0002503128911138,0.0,1.54413417595609e-07,0.0001643588664918
Brian Norgard,brian norgard,0.0002503128911138,0.0,1.54413417595609e-07,0.0001643588664918
Harsh Shah,harsh shah,0.0002503128911138,0.0,0.0021655638302524,0.0001233355986116
SIG Global India Fund,sig global india fund,0.0002503128911138,0.0,4.2511587954412086e-05,0.0001358216483199
TCV,tcv,0.0002503128911138,0.0,0.0121468512614125,0.0001191076177022
D1 Capital Partners,d1 capital partners,0.0002503128911138,0.0,0.0121468512614125,0.0001191076177022
Falcon Edge.,falcon edge.,0.0002503128911138,0.0,0.0121468512614125,0.0001191076177022
BanyanTree Finance Pvt. Ltd.,banyantree finance pvt. ltd.,0.0002503128911138,0.0,3.63414446275521e-08,0.0001739023535761
Quona Capital,quona capital,0.0002503128911138,0.0,0.0003744393720063,0.0001375438375999
Ashv Finance,ashv finance,0.0002503128911138,0.0,6.956012302377143e-07,0.0001524303156115
BlackSoil Capital,blacksoil capital,0.0005006257822277,0.0009472281012256,1.08186496734491e-05,0.0002556191365224
Sweta Rau,sweta rau,0.0002503128911138,0.0,0.0016879938307656,0.0001394052097133
Strive Ventures,strive ventures,0.0002503128911138,0.0,0.0195941032590843,0.0001216980696954
Rajesh Sud,rajesh sud,0.0002503128911138,0.0,0.0003353552405468,0.0001341373017345
KULDEEP JAIN,kuldeep jain,0.0002503128911138,0.0,0.0003353552405468,0.0001341373017345
PayU,payu,0.0002503128911138,0.0,2.5517554331502748e-05,0.0001353438010309
Sundi Natarajan,sundi natarajan,0.0002503128911138,0.0,2.046386573552542e-05,0.0001464379809996
Srinivas Anumolu,srinivas anumolu,0.0005006257822277,0.0015774600574202,0.0005079944991655,0.0002464103033695
TPG Capital Asia,tpg capital asia,0.0002503128911138,0.0,3.63414446275521e-08,0.0001739023535761
Epiq Capital,epiq capital,0.0002503128911138,0.0,3.63414446275521e-08,0.0001739023535761
MaGEHold Pte. Ltd.,magehold pte. ltd.,0.0002503128911138,0.0,3.63414446275521e-08,0.0001739023535761
Asian Development Bank,asian development bank,0.0005006257822277,0.0011648812989434,0.0002764433277766,0.0002271071844817
JSW Ventures,jsw ventures,0.0002503128911138,0.0,0.0001142039662735,0.0001396857370871
Pratithi Investment Trust,pratithi investment trust,0.0005006257822277,0.0017980511640497,0.0002788360114611,0.0002337539947729
ACPI Investments,acpi investments,0.0002503128911138,0.0,3.252854719157879e-07,0.0001530796850481
RouteOne,routeone,0.0002503128911138,0.0,2.594272074145236e-05,0.0001487314881538
TCN International Commerce,tcn international commerce,0.0002503128911138,0.0,5.4365745805723235e-09,0.0001929893277446
Alpine Capital,alpine capital,0.0002503128911138,0.0,7.877190823253357e-05,0.0001407159660783
PremjiInvest,premjiinvest,0.0002503128911138,0.0,7.877190823253357e-05,0.0001407159660783
Bon Angels Venture Partners,bon angels venture partners,0.0002503128911138,0.0,0.0001416835671414,0.0001386379523526
Daesung Private Equity,daesung private equity,0.0002503128911138,0.0,0.0001416835671414,0.0001386379523526
F-Prime Capital,f-prime capital,0.0002503128911138,0.0,5.139910744506928e-05,0.0001455002091043
Eight Roads Ventures India,eight roads ventures india,0.0005006257822277,0.0012624694237852,0.0012925618525381,0.0002334579482559
DNA Entertainment Networks,dna entertainment networks,0.0002503128911138,0.0,0.000355730192074,0.0001404339438693
Hornbill Capital Advisers,hornbill capital advisers,0.0002503128911138,0.0,1.767825000004469e-05,0.0001478880052576
Plutus Wealth Management,plutus wealth management,0.0002503128911138,0.0,1.767825000004469e-05,0.0001478880052576
ADB Ventures,adb ventures,0.0002503128911138,0.0,0.0004875306334348,0.0001375098599074
Techstars,techstars,0.0002503128911138,0.0,1.54413417595609e-07,0.0001643588664918
Ryan Johnson,ryan johnson,0.0002503128911138,0.0,1.54413417595609e-07,0.0001643588664918
3.0 Fund.,3.0 fund.,0.0002503128911138,0.0,0.0140953432263325,0.0001218649978467
White Oak Global Advisors,white oak global advisors,0.0002503128911138,0.0,0.0006403994362244,0.0001366678264444
Akya Ventures,akya ventures,0.0002503128911138,0.0,4.748394095353223e-07,0.000153185556606
Kayenne Ventures,kayenne ventures,0.0002503128911138,0.0,1.54413417595609e-07,0.0001643588664918
Nordic Microfinance Initiative,nordic microfinance initiative,0.0002503128911138,0.0,1.54413417595609e-07,0.0001643588664918
Radiant Life Care Private Ltd,radiant life care private ltd,0.0002503128911138,0.0,3.63414446275521e-08,0.0001739023535761
Life Healthcare,life healthcare,0.0002503128911138,0.0,3.63414446275521e-08,0.0001739023535761
Mount Judi Ventures,mount judi ventures,0.0002503128911138,0.0,9.55861469935405e-07,0.0001493413577383
Richard Rekhy,richard rekhy,0.0002503128911138,0.0,0.0006395274933591,0.0001449109008289
GAWA Capital,gawa capital,0.0002503128911138,0.0,3.63414446275521e-08,0.0001739023535761
Gaja Capital,gaja capital,0.0002503128911138,0.0,3.63414446275521e-08,0.0001739023535761
Bharat Inclusion Seed Fund,bharat inclusion seed fund,0.0002503128911138,0.0,0.0032391072033383,0.0001360273142396
Ecom Express,ecom express,0.0017521902377972,0.0031530399479068,0.0025678968661427,0.0008013470651529
Partners Group,partners group,0.0002503128911138,0.0,0.0004862558557549,0.00013507465676
Ankur Capital,ankur capital,0.0002503128911138,0.0,0.0112027450629818,0.0001125363262931
U.S. International Development Finance Corp,u.s. international development finance corp,0.0005006257822277,0.0053377939249299,0.0002723228252615,0.0002257490560625
Hungama,hungama,0.0002503128911138,0.0,3.63414446275521e-08,0.0001739023535761
Hindustan Talkies,hindustan talkies,0.0002503128911138,0.0,3.63414446275521e-08,0.0001739023535761
CDH Investments,cdh investments,0.0002503128911138,0.0,0.0001307192400651,0.0001386143827373
Avendus,avendus,0.0002503128911138,0.0,0.0052378627436865,0.0001174894407357
YourNest,yournest,0.0002503128911138,0.0,5.4365745805723235e-09,0.0001929893277446
National Skill Development Corporation,national skill development corporation,0.0002503128911138,0.0,0.0002205584128903,0.0001393302535518
Rianta Capital,rianta capital,0.0002503128911138,0.0,0.0002205584128903,0.0001393302535518
Infosys,infosys,0.0002503128911138,0.0,7.536060043354858e-05,0.0001440421269477
Real Estate Accelerator Program (REAP),real estate accelerator program (reap),0.0002503128911138,0.0,4.331254099005644e-05,0.0001446154186289
Tencent Holdings,tencent holdings,0.0002503128911138,0.0,0.0005406707197536,0.0001387353333242
ITI Growth Opportunities Fund,iti growth opportunities fund,0.0002503128911138,0.0,3.63414446275521e-08,0.0001739023535761
Unit-E Ventures,unit-e ventures,0.0002503128911138,0.0,3.63414446275521e-08,0.0001739023535761
Wipro venture capital arm,wipro venture capital arm,0.0002503128911138,0.0,3.2179003189730006e-05,0.0001485362200028
Mirae Asset Naver Asia Growth Fund,mirae asset naver asia growth fund,0.0002503128911138,0.0,7.877190823253357e-05,0.0001407159660783
Anas Rahman Junaid,anas rahman junaid,0.0002503128911138,0.0,3.63414446275521e-08,0.0001739023535761
Vinod Jose,vinod jose,0.0002503128911138,0.0,3.63414446275521e-08,0.0001739023535761
Capital One,capital one,0.0002503128911138,0.0,3.63414446275521e-08,0.0001739023535761
Arrowroot Capital,arrowroot capital,0.0002503128911138,0.0,3.63414446275521e-08,0.0001739023535761
Greg Kidd,greg kidd,0.0002503128911138,0.0,0.0081094139250502,0.0001210818383654
TEAMFund,teamfund,0.0002503128911138,0.0,0.0015498386556584,0.0001243586643601
Rohit Bansal,rohit bansal,0.0002503128911138,0.0,0.0001794168957568,0.0001301985770115
Fresco Capital,fresco capital,0.0002503128911138,0.0,8.065091997615753e-07,0.0001501341356631
Social Starts,social starts,0.0002503128911138,0.0,8.065091997615753e-07,0.0001501341356631
Rohit Goutamchand,rohit goutamchand,0.0002503128911138,0.0,1.54413417595609e-07,0.0001643588664918
India CXO Fund,india cxo fund,0.0002503128911138,0.0,1.54413417595609e-07,0.0001643588664918
ACPL Exports,acpl exports,0.0002503128911138,0.0,2.634547687383581e-07,0.000154749543887
View Trade Holding Corp,view trade holding corp,0.0002503128911138,0.0,3.63414446275521e-08,0.0001739023535761
ScoopWhoop,scoopwhoop,0.0002503128911138,0.0,3.63414446275521e-08,0.0001739023535761
Canaan Valley Capital,canaan valley capital,0.0002503128911138,0.0,1.353352185599358e-06,0.0001548153794076
Glade Brook Capital Partners,glade brook capital partners,0.0002503128911138,0.0,1.353352185599358e-06,0.0001548153794076
Dr Ritesh Malik,dr ritesh malik,0.0002503128911138,0.0,6.649704163729308e-05,0.0001432872569798
InCred Financial Services,incred financial services,0.0002503128911138,0.0,0.001633007915179,0.0001281630620812
Somak Ghosh,somak ghosh,0.0002503128911138,0.0,0.007322781781683,0.000133584243597
M V Nair,m v nair,0.0002503128911138,0.0,0.007322781781683,0.000133584243597
Wurk,wurk,0.0005006257822277,1.2534446225032166e-07,6.681899745126168e-06,0.0002166873989356
Turtle Entertainment,turtle entertainment,0.0002503128911138,0.0,1.767825000004469e-05,0.0001478880052576
Ambiga Subramanian,ambiga subramanian,0.0002503128911138,0.0,1.54413417595609e-07,0.0001643588664918
Goutham Ekollu,goutham ekollu,0.0002503128911138,0.0,1.54413417595609e-07,0.0001643588664918
Rajan Anadan,rajan anadan,0.0002503128911138,0.0,5.4365745805723235e-09,0.0001929893277446
Jesse Lucas,jesse lucas,0.0002503128911138,0.0,3.63414446275521e-08,0.0001739023535761
IDFC Private Equity,idfc private equity,0.0002503128911138,0.0,0.0015498386556584,0.0001243586643601
Tahseen Consulting,tahseen consulting,0.0002503128911138,0.0,0.011615635470513,0.0001374201405209
BlueOrchard Finance S A,blueorchard finance s a,0.0002503128911138,0.0,2.215989529591035e-05,0.0001379233305595
Gojo & Company,gojo & company,0.0005006257822277,0.0012624694237852,2.3558799176191157e-05,0.0002472056807554
Pegasus Tech Ventures,pegasus tech ventures,0.0002503128911138,0.0,3.2098515767934743e-06,0.0001520886688121
Base Partners,base partners,0.0002503128911138,0.0,3.2098515767934743e-06,0.0001520886688121
Hitesh Oberoi,hitesh oberoi,0.0002503128911138,0.0,6.993575536538068e-07,0.0001531234289345
Lightbox,lightbox,0.0005006257822277,3.384300480758685e-06,3.1608915707521845e-06,0.0002584499062123
YES Bank,yes bank,0.0002503128911138,0.0,3.63414446275521e-08,0.0001739023535761
Campus Fund,campus fund,0.0002503128911138,0.0,5.4365745805723235e-09,0.0001929893277446
Hyperplane Venture Capital,hyperplane venture capital,0.0002503128911138,0.0,1.54413417595609e-07,0.0001643588664918
Ruizheng Investment,ruizheng investment,0.0002503128911138,0.0,2.5517554331502748e-05,0.0001353438010309
Quess Corp India,quess corp india,0.0002503128911138,0.0,3.63414446275521e-08,0.0001739023535761
India Accelerator’s Angel Investor Network,india accelerator’s angel investor network,0.0002503128911138,0.0,5.4365745805723235e-09,0.0001929893277446
Shell Foundation,shell foundation,0.0005006257822277,3.76033386750965e-06,3.148343297605545e-07,0.0002635463224646
Jimmy Singh,jimmy singh,0.0002503128911138,0.0,3.63414446275521e-08,0.0001739023535761
Deepak Abbot,deepak abbot,0.0002503128911138,0.0,0.0076707033525403,0.0001290782617924
Nexus Venture,nexus venture,0.0002503128911138,0.0,0.0006137774932556,0.0001373175559677
Singapore Angel Network,singapore angel network,0.0002503128911138,0.0,2.198701602754361e-06,0.0001461828776873
Starfish Growth Partners,starfish growth partners,0.0002503128911138,0.0,3.63414446275521e-08,0.0001739023535761
Investpad,investpad,0.0002503128911138,0.0,3.63414446275521e-08,0.0001739023535761
Hashed,hashed,0.0002503128911138,0.0,3.63414446275521e-08,0.0001739023535761
Zerodha's Rainmatter Capital,zerodha's rainmatter capital,0.0002503128911138,0.0,0.0029945610457244,0.0001361996154533
Colgate Palmolive,colgate palmolive,0.0002503128911138,0.0,0.0003353552405468,0.0001341373017345
DLabs,dlabs,0.0002503128911138,0.0,0.0071298039873209,0.0001406991907681
PointOne Capital,pointone capital,0.0002503128911138,0.0,1.54413417595609e-07,0.0001643588664918
Core91 VC,core91 vc,0.0002503128911138,0.0,1.54413417595609e-07,0.0001643588664918
Blockchain Capital,blockchain capital,0.0002503128911138,0.0,0.001079709823055,0.0001298185200985
SBI Ven Capital,sbi ven capital,0.0002503128911138,0.0,0.001079709823055,0.0001298185200985
Baring Private Equity Partners India,baring private equity partners india,0.0002503128911138,0.0,3.63414446275521e-08,0.0001739023535761
Talbros,talbros,0.0002503128911138,0.0,3.63414446275521e-08,0.0001739023535761
responsAbility,responsability,0.0002503128911138,0.0,1.7762817967584443e-05,0.0001350715644357
Binance Labs,binance labs,0.0002503128911138,0.0,3.2098515767934743e-06,0.0001520886688121
Zee Prime Capital,zee prime capital,0.0002503128911138,0.0,3.2098515767934743e-06,0.0001520886688121
RP-Sanjiv Goenka Group,rp-sanjiv goenka group,0.0002503128911138,0.0,3.63414446275521e-08,0.0001739023535761
Zone Startups In,zone startups in,0.0002503128911138,0.0,5.4365745805723235e-09,0.0001929893277446
Ribbit Capital,ribbit capital,0.0002503128911138,0.0,0.0082717589570042,0.0001348174015752
Satish Grampurohit,satish grampurohit,0.0002503128911138,0.0,5.4365745805723235e-09,0.0001929893277446
Raine Ventures,raine ventures,0.0002503128911138,0.0,0.0001611651846673,0.0001278300354767
GSF,gsf,0.0002503128911138,0.0,1.835305125519359e-05,0.0001434499204808
Pras Hanuma,pras hanuma,0.0002503128911138,0.0,1.835305125519359e-05,0.0001434499204808
Ajat Hukkoo,ajat hukkoo,0.0002503128911138,0.0,3.63414446275521e-08,0.0001739023535761
Piyush Chaplot,piyush chaplot,0.0002503128911138,0.0,3.63414446275521e-08,0.0001739023535761
Amitesh Pandey,amitesh pandey,0.0002503128911138,0.0,0.0005465406803581,0.000130790764583
23 High Networth Individuals (HNIs),23 high networth individuals (hnis),0.0002503128911138,0.0,0.0013219829238509,0.0001276680255502
Yatra Angel Network,yatra angel network,0.0002503128911138,0.0,0.0006920854697453,0.0001360144706901
Trishneet Arora,trishneet arora,0.0002503128911138,0.0,5.4365745805723235e-09,0.0001929893277446
ContCentric,contcentric,0.0002503128911138,0.0,3.63414446275521e-08,0.0001739023535761
InnoVen Capita,innoven capita,0.0002503128911138,0.0,0.0018848257474788,0.0001196186071512
DSP Group,dsp group,0.0002503128911138,0.0,0.0004088430779191,0.0001235352855803
Invested Development,invested development,0.0002503128911138,0.0,0.0002590945841459,0.0001367346305192
Octahedron Capital,octahedron capital,0.0002503128911138,0.0,0.0005656516482947,0.0001281906366291
Moonstone Capital,moonstone capital,0.0002503128911138,0.0,0.0005656516482947,0.0001281906366291
Dhianu Das,dhianu das,0.0002503128911138,0.0,0.0083374241246704,0.0001322464212672
Awign Enterprises,awign enterprises,0.0002503128911138,0.0,2.548492034425802e-06,0.0001437516465058
Siddharth Bhaskar Shah,siddharth bhaskar shah,0.0002503128911138,0.0,0.0005916389676256,0.000133586774015
S Chand,s chand,0.0002503128911138,0.0,3.63414446275521e-08,0.0001739023535761
Goldman Sachs,goldman sachs,0.0002503128911138,0.0,3.63414446275521e-08,0.0001739023535761
Tata Capital,tata capital,0.0002503128911138,0.0,3.63414446275521e-08,0.0001739023535761
Venture Gurukool,venture gurukool,0.0002503128911138,0.0,8.488504438854556e-06,0.0001426260972341
